*************************************************
******************* ORCA 6.1.1 ******************
*************************************************
$Calculation_Status
   &GeometryIndex 9
   &version [&Type "String"] "6.1.1"
   &progName [&Type "String"] "LeanSCF"
   &Status [&Type "String"] "Running"
$End
$Geometry
   &GeometryIndex 1
   &NAtoms [&Type "Integer"] 17
   &NCorelessECP [&Type "Integer"] 0
   &NGhostAtoms [&Type "Integer"] 0
   &CartesianCoordinates [&Type "Coordinates", &Dim(17,4), &Units "Bohr"] 
              C     -5.547788417250    0.001015167022   -1.439609249373
              C      3.687111662253    0.211913310007   -0.385548828503
              C      1.480747717120    1.323165808364    0.967471529603
              C     -2.931578720237    1.155463036281   -1.515768820130
              C     -0.851263764269   -0.010956152465   -0.088463608988
              O      7.465867177997   -1.706810348136   -0.181574407658
              O      5.535759112932   -0.591112072098    0.941966468244
              O     -1.026432606861   -0.211055306957   -2.729883010738
              H      8.114924662112   -5.174583096036    0.451622493930
              H     -6.272840427427   -0.040400125076    0.482243689890
              H     -6.846188496099    1.085371254682   -2.605445520906
              H     -5.472280942824   -1.918135459130   -2.172298618676
              H      3.673499021715    0.052206848888   -2.428358375569
              H      1.673542784781    1.020062079459    2.996541386194
              H      1.404436313976    3.359545197873    0.589418388993
              H     -2.847834005823    3.181818623571   -1.837343788801
              H     -1.278535731136   -1.784379643549    0.867291547404
$End
$SCF_Mulliken_Population_Analysis
   &GeometryIndex 1
   &NAtoms [&Type "Integer"] 17
   &ATNO [&Type "ArrayOfIntegers", &Dim (17,1)] 
                                                         0

0                                                        6
1                                                        6
2                                                        6
3                                                        6
4                                                        6
5                                                        8
6                                                        8
7                                                        8
8                                                        1
9                                                        1
10                                                       1
11                                                       1
12                                                       1
13                                                       1
14                                                       1
15                                                       1
16                                                       1
   &AtomicCharges [&Type "ArrayOfDoubles", &Dim (17,1)] 
                                                         0

0                                     -3.7974772334632334e-01
1                                      1.5300473326475572e-01
2                                     -2.6542195131079094e-01
3                                      9.5172477425490953e-02
4                                      1.3894068556520978e-02
5                                     -4.0068876403039688e-01
6                                      6.6164021489141689e-02
7                                     -3.3186931479447423e-01
8                                     -5.4927807164972808e-02
9                                      1.2675961696949212e-01
10                                     1.3102246227852776e-01
11                                     1.3808699631112464e-01
12                                     1.9036110717296406e-01
13                                     1.4175020607192312e-01
14                                     1.4416104299655630e-01
15                                     9.7863115206390461e-02
16                                     1.3441571290425469e-01
   &Method [&Type "String"] "SCF"
   &Level [&Type "String"] "Relaxed density"
   &Mult [&Type "Integer"] 2
   &State [&Type "Integer"] -1
   &Irrep [&Type "Integer"] 0
$End
$SCF_Loewdin_Population_Analysis
   &GeometryIndex 1
   &NAtoms [&Type "Integer"] 17
   &ATNO [&Type "ArrayOfIntegers", &Dim (17,1)] 
                                                         0

0                                                        6
1                                                        6
2                                                        6
3                                                        6
4                                                        6
5                                                        8
6                                                        8
7                                                        8
8                                                        1
9                                                        1
10                                                       1
11                                                       1
12                                                       1
13                                                       1
14                                                       1
15                                                       1
16                                                       1
   &AtomicCharges [&Type "ArrayOfDoubles", &Dim (17,1)] 
                                                         0

0                                      1.3631280782308686e-02
1                                     -4.7273156444293640e-02
2                                     -3.2207158471139863e-02
3                                     -1.5815243389396638e-01
4                                     -1.5066414478294732e-01
5                                     -2.9592231578031480e-01
6                                      3.1384568591389872e-01
7                                      2.2338250125003434e-01
8                                     -5.4662267684693511e-02
9                                      1.7843160427238658e-02
10                                     1.5475170234272584e-02
11                                     2.4933160383272535e-02
12                                     1.4958881080630704e-02
13                                     4.0935852277711571e-02
14                                     3.9931625386594893e-02
15                                     1.2329148498559261e-02
16                                     2.1615010823027858e-02
   &Method [&Type "String"] "SCF"
   &Level [&Type "String"] "Relaxed density"
   &Mult [&Type "Integer"] 2
   &State [&Type "Integer"] -1
   &Irrep [&Type "Integer"] 0
$End
$SCF_Mayer_Population_Analysis
   &GeometryIndex 1
   &NAtoms [&Type "Integer"] 17 "Total number of atoms"
   &NBondOrdersPrint [&Type "Integer"] 17 "The number of bond orders larger than threshold"
   &bondThresh [&Type "Double"]       1.0000000000000001e-01  "The threshold for printing"
   &components [&Type "ArrayOfIntegers", &Dim (17,4)] "The indices and atomic numbers of the bonding atoms"
                                                         0                           1                           2                           3

0                                                        0                           6                           3                           6
1                                                        0                           6                           9                           1
2                                                        0                           6                          10                           1
3                                                        0                           6                          11                           1
4                                                        1                           6                           2                           6
5                                                        1                           6                           5                           8
6                                                        1                           6                           6                           8
7                                                        1                           6                          12                           1
8                                                        2                           6                           4                           6
9                                                        2                           6                          13                           1
10                                                       2                           6                          14                           1
11                                                       3                           6                           4                           6
12                                                       3                           6                           7                           8
13                                                       3                           6                          15                           1
14                                                       4                           6                           7                           8
15                                                       4                           6                          16                           1
16                                                       5                           8                           6                           8
   &BondOrders [&Type "ArrayOfDoubles", &Dim (17,1)] "The bond orders"
                                                         0

0                                      9.4920520812356979e-01
1                                      9.7053163242580343e-01
2                                      9.8419070143999843e-01
3                                      9.7083107301686722e-01
4                                      9.5981596254190915e-01
5                                      2.6503366623509156e-01
6                                      1.5075338776870879e+00
7                                      9.6590807558666758e-01
8                                      9.2038473502183682e-01
9                                      9.9034395023049726e-01
10                                     9.7829051248710674e-01
11                                     1.0226155064752149e+00
12                                     9.8238314379054692e-01
13                                     9.6421867982409737e-01
14                                     9.1032724184219305e-01
15                                     9.5704400524655375e-01
16                                     9.2894142538359026e-01
   &ATNO [&Type "ArrayOfIntegers", &Dim (17,1)] "Atomic number of the elements"
                                                         0

0                                                        6
1                                                        6
2                                                        6
3                                                        6
4                                                        6
5                                                        8
6                                                        8
7                                                        8
8                                                        1
9                                                        1
10                                                       1
11                                                       1
12                                                       1
13                                                       1
14                                                       1
15                                                       1
16                                                       1
   &NA [&Type "ArrayOfDoubles", &Dim (17,1)] "Mulliken gross atomic population"
                                                         0

0                                      6.3797477233463242e+00
1                                      5.8469952667352416e+00
2                                      6.2654219513107954e+00
3                                      5.9048275225745135e+00
4                                      5.9861059314434790e+00
5                                      8.4006887640303951e+00
6                                      7.9338359785108548e+00
7                                      8.3318693147944813e+00
8                                      1.0549278071649733e+00
9                                      8.7324038303050799e-01
10                                     8.6897753772147213e-01
11                                     8.6191300368887547e-01
12                                     8.0963889282703561e-01
13                                     8.5824979392807699e-01
14                                     8.5583895700344326e-01
15                                     9.0213688479360887e-01
16                                     8.6558428709574564e-01
   &ZA [&Type "ArrayOfDoubles", &Dim (17,1)] "Total nuclear charge"
                                                         0

0                                      6.0000000000000000e+00
1                                      6.0000000000000000e+00
2                                      6.0000000000000000e+00
3                                      6.0000000000000000e+00
4                                      6.0000000000000000e+00
5                                      8.0000000000000000e+00
6                                      8.0000000000000000e+00
7                                      8.0000000000000000e+00
8                                      1.0000000000000000e+00
9                                      1.0000000000000000e+00
10                                     1.0000000000000000e+00
11                                     1.0000000000000000e+00
12                                     1.0000000000000000e+00
13                                     1.0000000000000000e+00
14                                     1.0000000000000000e+00
15                                     1.0000000000000000e+00
16                                     1.0000000000000000e+00
   &QA [&Type "ArrayOfDoubles", &Dim (17,1)] "Mulliken gross atomic charge"
                                                         0

0                                     -3.7974772334632423e-01
1                                      1.5300473326475839e-01
2                                     -2.6542195131079538e-01
3                                      9.5172477425486512e-02
4                                      1.3894068556520978e-02
5                                     -4.0068876403039511e-01
6                                      6.6164021489145242e-02
7                                     -3.3186931479448134e-01
8                                     -5.4927807164973252e-02
9                                      1.2675961696949201e-01
10                                     1.3102246227852787e-01
11                                     1.3808699631112453e-01
12                                     1.9036110717296439e-01
13                                     1.4175020607192301e-01
14                                     1.4416104299655674e-01
15                                     9.7863115206391127e-02
16                                     1.3441571290425436e-01
   &VA [&Type "ArrayOfDoubles", &Dim (17,1)] "Mayer's total valence"
                                                         0

0                                      3.8498499387347493e+00
1                                      3.7509602704023739e+00
2                                      3.8799329887649239e+00
3                                      3.9213765474426077e+00
4                                      3.8268198080818250e+00
5                                      1.3511870305813236e+00
6                                      2.4920679775274541e+00
7                                      1.9490400156837762e+00
8                                      1.0048323395989514e+00
9                                      9.7635919630401546e-01
10                                     9.8347963402505822e-01
11                                     9.8446712829191452e-01
12                                     1.0010757633754266e+00
13                                     1.0064818815448653e+00
14                                     9.7614950121631305e-01
15                                     9.8484768294324987e-01
16                                     9.8880204163565322e-01
   &BVA [&Type "ArrayOfDoubles", &Dim (17,1)] "Mayer's bonded valence"
                                                         0

0                                      3.8498498454654544e+00
1                                      3.7159447078044807e+00
2                                      3.8797423396707398e+00
3                                      3.9213666334103228e+00
4                                      3.8267415723846714e+00
5                                      1.3399413461678176e+00
6                                      2.4882319012119893e+00
7                                      1.9490408491071696e+00
8                                      1.0942579621406945e-01
9                                      9.7635919172633279e-01
10                                     9.8347956988575547e-01
11                                     9.8446712827833194e-01
12                                     1.0008992327303528e+00
13                                     1.0064808569024770e+00
14                                     9.7599096647780748e-01
15                                     9.8484763078969551e-01
16                                     9.8880027485345900e-01
   &FA [&Type "ArrayOfDoubles", &Dim (17,1)] "Mayer's free valence"
                                                         0

0                                      9.3269294954012594e-08
1                                      3.5015562597893179e-02
2                                      1.9064909418409215e-04
3                                      9.9140322848967344e-06
4                                      7.8235697153594685e-05
5                                      1.1245684413506041e-02
6                                      3.8360763154647870e-03
7                                     -8.3342339340930494e-07
8                                      8.9540654338488190e-01
9                                      4.5776826253229874e-09
10                                     6.4139302794266606e-08
11                                     1.3582593383354435e-11
12                                     1.7653064507394158e-04
13                                     1.0246423882897746e-06
14                                     1.5853473850562915e-04
15                                     5.2153554354512910e-08
16                                     1.7667821941803538e-06
   &Method [&Type "String"] "SCF"
   &Level [&Type "String"] "Relaxed density"
   &Mult [&Type "Integer"] 2
   &State [&Type "Integer"] -1
   &Irrep [&Type "Integer"] 0
$End
$SCF_Energy
   &GeometryIndex 1
   &Method [&Type "String"] "SCF"
   &totalEnergy [&Type "ArrayOfDoubles", &Dim (1,1)] "Total energy of each state"
                                                         0

0                                     -4.2129874015687489e+02
   &Mult [&Type "ArrayOfIntegers", &Dim (1,1)] "Multiplicity of each state"
                                                         0

0                                                        2
$End
$DFT_Energy
   &GeometryIndex 1
   &nAlphaEl [&Type "Integer"] 32
   &nBetaEl [&Type "Integer"] 31
   &nTotalEl [&Type "Integer"] 63
   &finalEn [&Type "Double"]      -4.2129874015687489e+02  "No Van der Waals correction"
   &eExchange [&Type "Double"]       0.0000000000000000e+00
   &eCorr [&Type "Double"]       0.0000000000000000e+00
   &eXC [&Type "Double"]      -2.6997862132977858e+01
   &eCNL [&Type "Double"]       0.0000000000000000e+00
$End
$SCF_Timings
   &GeometryIndex 1
   &TOTAL [&Type "Double"]       5.9072132000000003e+01
   &PREP [&Type "Double"]       2.5700400000000001e+00
   &FOCK [&Type "Double"]       5.5369176000000010e+01
   &DENS [&Type "Double"]       2.7146200000001386e-01
   &ETOT [&Type "Double"]       9.6853999999998663e-02
   &POP [&Type "Double"]       8.1192000000001485e-02
   &TRAFO [&Type "Double"]       1.2579599999999402e-01
   &DIIS [&Type "Double"]       9.8150200000000432e-01
   &SOSCF [&Type "Double"]       6.6423400000000754e-01
   &XC [&Type "Double"]       2.1640766999999997e+01
   &FOCKSTART [&Type "Double"]       2.8824000000009065e-02
   &INT_PREP [&Type "Double"]       5.9999999937332404e-06
   &INT_BF [&Type "Double"]       1.6770119999996540e+00
   &INT_DENS [&Type "Double"]       8.6353550000000467e+00
   &INT_DENSIO [&Type "Double"]       3.0772885893600038e+05
   &INT_FUNC [&Type "Double"]       3.8832300000027953e-01
   &INT_POT [&Type "Double"]       9.4589290000003761e+00
   &INT_POTIO [&Type "Double"]       1.3414599999985022e-01
   &INT_SUM [&Type "Double"]       6.3400000000779499e-04
   &SPLITRIJ [&Type "Double"]       1.6518439999999823e+00
   &COSX [&Type "Double"]       3.2976371999999998e+01
$End
$Single_Point_Data
   &GeometryIndex 1
   &FinalEnergy [&Type "Double"]      -4.2129874015687489e+02  "Final single point energy"
   &Converged [&Type "Boolean"] true
$End
$SCF_Nuc_Gradient
   &GeometryIndex 1
   &NAtoms [&Type "Integer"] 17
   &gradNorm [&Type "Double"]       6.2196573460317470e-02
   &grad [&Type "ArrayOfDoubles", &Dim (51,1)] 
                                                         0

0                                     -3.9145320897235117e-03
1                                     -3.1856090758728209e-03
2                                      3.7808237339340030e-03
3                                     -1.6664896300892254e-02
4                                      4.3052178042011779e-03
5                                     -2.4540960757138179e-02
6                                      1.1617168628324515e-03
7                                      2.4581619013067657e-03
8                                      9.8812079644773135e-03
9                                      1.0148621163464336e-02
10                                    -4.8427499612417090e-03
11                                    -1.3650312716512117e-02
12                                     2.1529494308935443e-03
13                                     4.0166797858948236e-03
14                                    -1.1889920256901956e-02
15                                    -1.2850749317313462e-02
16                                     3.3715431663491821e-03
17                                     8.7715444451182192e-03
18                                     3.4815780232459598e-02
19                                    -1.6357969349329836e-02
20                                     1.2677713961289722e-02
21                                    -1.0177164437466912e-02
22                                     3.5674456957700690e-03
23                                     1.5350836097819953e-02
24                                     8.2690800616576745e-04
25                                     2.2596762798339706e-03
26                                    -6.2861791088232729e-05
27                                     9.2343845744372738e-04
28                                    -5.7880068571881721e-04
29                                    -8.7920399011864880e-04
30                                     1.2774625721671956e-03
31                                     3.4994919173596262e-04
32                                     5.9972788236935248e-04
33                                    -6.0910099998424429e-04
34                                     1.1877924787752903e-03
35                                    -1.1687287493539408e-03
36                                    -7.6523303259526118e-03
37                                     3.9034877785576157e-03
38                                    -5.7419391096903694e-04
39                                     1.0449158042627384e-03
40                                    -9.3241826313910856e-04
41                                     1.8956575323681307e-03
42                                     8.0012279303413088e-04
43                                     2.1947798551113229e-03
44                                     5.3515363424958690e-04
45                                    -1.4810537697306963e-03
46                                     4.8196421055773930e-05
47                                    -7.4245260868154375e-04
48                                     1.9791193306119975e-04
49                                    -1.7653830400877896e-03
50                                     1.5969519373368324e-05
   &Method [&Type "String"] "SCF"
   &Level [&Type "String"] "Relaxed density"
   &Mult [&Type "Integer"] 2
   &State [&Type "Integer"] 0
   &Irrep [&Type "Integer"] 0
$End
$THERMOCHEMISTRY_Energies
   &GeometryIndex 1
   &temperature [&Type "Double"]       2.9814999999999998e+02
   &pressure [&Type "Double"]       1.0000000000000000e+00
   &totalMass [&Type "Double"]       1.1712399999999998e+02
   &spinDegeneracy [&Type "Integer"] 2
   &elEnergy [&Type "Double"]      -4.2129874015687489e+02
   &transEnergy [&Type "Double"]       1.4162714244859817e-03
   &rotEnergy [&Type "Double"]       1.4162714244859817e-03
   &vibEnergy [&Type "Double"]       5.6303826441879510e-03
   &numOfFreqs [&Type "Integer"] 51
   &freqScalingFactor [&Type "Double"]       1.0000000000000000e+00
   &FREQ [&Type "ArrayOfDoubles", &Units "cm^-1", &Dim (51,1)] 
                                                         0

0                                      0.0000000000000000e+00
1                                      0.0000000000000000e+00
2                                      0.0000000000000000e+00
3                                      0.0000000000000000e+00
4                                      0.0000000000000000e+00
5                                      0.0000000000000000e+00
6                                     -5.1101794987741800e+02
7                                     -1.3537986665350670e+02
8                                     -7.2009633875746189e+01
9                                      2.5745011444131645e+01
10                                     8.2455194997191839e+01
11                                     1.8931710160136700e+02
12                                     2.2737568864384281e+02
13                                     2.4259057622674223e+02
14                                     2.6696823609411160e+02
15                                     3.1604231400829173e+02
16                                     3.3056305978650971e+02
17                                     4.6731957486503620e+02
18                                     5.4546107014414474e+02
19                                     5.9717686516441597e+02
20                                     8.4131700854210180e+02
21                                     8.6272503577115276e+02
22                                     8.7690996193494402e+02
23                                     9.5504049317149168e+02
24                                     9.8709201673776329e+02
25                                     1.0513915033665644e+03
26                                     1.0605853158399336e+03
27                                     1.0868578699180141e+03
28                                     1.0899158231601821e+03
29                                     1.1348863180457622e+03
30                                     1.1734462036419129e+03
31                                     1.1936244133043256e+03
32                                     1.2191205089420002e+03
33                                     1.2696155765247511e+03
34                                     1.3003520748627120e+03
35                                     1.3220209223871896e+03
36                                     1.3851722356519056e+03
37                                     1.4109765793034442e+03
38                                     1.4542865202192709e+03
39                                     1.4690262535742850e+03
40                                     1.4841678215662416e+03
41                                     1.4974424358987787e+03
42                                     1.5361461463660676e+03
43                                     3.0381820292310845e+03
44                                     3.0886423687304427e+03
45                                     3.1115687953304241e+03
46                                     3.1359270715203215e+03
47                                     3.1414567777127054e+03
48                                     3.1714425726431464e+03
49                                     3.1752002416231339e+03
50                                     3.2115864525802090e+03
   &zpe [&Type "Double"]       1.2763921681714593e-01
   &innerEnergyU [&Type "Double"]      -4.2116263801456455e+02
   &enthalpyH [&Type "Double"]      -4.2116169380552230e+02
   &qEl [&Type "Double"]       6.5445636319338377e-04
   &qRot [&Type "Double"]       1.3620283789896673e-02
   &qVib [&Type "Double"]       9.8586818754365525e-03
   &qTrans [&Type "Double"]       1.9095102253304578e-02
   &entropyS [&Type "Double"]       4.3228524281831188e-02
   &freeEnergyG [&Type "Double"]      -4.2120492232980416e+02
   &isLinear [&Type "Boolean"] false
$End
$Hessian
   &GeometryIndex 1
   &HESSIAN [&Type "ArrayOfDoubles", &Dim (51,51)] "The Hessian"
                                                         0                           1                           2                           3                           4                           5                           6                           7

0                                      5.0834068374538433e-01        -4.3386622577529427e-02         1.7865615057938507e-03        -5.7587662415778829e-04        -1.4256155111130962e-04        -3.8084212338596870e-04        -4.4403841113267620e-04         5.8857069021408300e-04
1                                     -4.3386622577529427e-02         5.7115424687617444e-01         3.1742011739422926e-03         7.7054751138802991e-04         4.2226508804703387e-04         5.6294235403672537e-04         8.4131646357333569e-04        -1.0763523595647144e-03
2                                      1.7865615057938507e-03         3.1742011739422926e-03         5.8029436236655629e-01        -7.2437107242817383e-04        -6.1542356978339997e-04        -1.6425162571276283e-03        -2.2985119510699724e-03         1.7308028099074879e-03
3                                     -5.7587662415778829e-04         7.7054751138802991e-04        -7.2437107242817383e-04         5.5495482098726434e-01        -1.9079884974318284e-01         2.5844966062338368e-02        -1.4464851680672236e-01         4.5323875408781564e-02
4                                     -1.4256155111130962e-04         4.2226508804703387e-04        -6.1542356978339997e-04        -1.9079884974318284e-01         2.4968046680903203e-01         2.2285836695305983e-02         4.5379002992431250e-02        -8.8107614651828314e-02
5                                     -3.8084212338596870e-04         5.6294235403672537e-04        -1.6425162571276283e-03         2.5844966062338368e-02         2.2285836695305983e-02         6.9747331116717914e-01         5.6533278736527789e-02        -3.0300508545109586e-02
6                                     -4.4403841113267620e-04         8.4131646357333569e-04        -2.2985119510699724e-03        -1.4464851680672236e-01         4.5379002992431250e-02         5.6533278736527789e-02         4.3345972558398804e-01        -1.6829497710274206e-02
7                                      5.8857069021408300e-04        -1.0763523595647144e-03         1.7308028099074879e-03         4.5323875408781564e-02        -8.8107614651828314e-02        -3.0300508545109586e-02        -1.6829497710274206e-02         5.3873804882500353e-01
8                                      7.0603888799490588e-04        -1.4701862384287269e-03         2.0682556889233968e-03         6.3440122089178513e-02        -3.5113822052920886e-02        -1.4424046406807425e-01         5.4294845202253143e-03        -3.7382204487814791e-02
9                                     -1.8615897399193992e-01        -6.0201959907007427e-02        -5.5884770401699816e-03        -3.4829969218878390e-03        -1.1008262865269407e-03        -3.3291654407229441e-03        -1.3123620275507158e-02         8.8366457883131636e-03
10                                    -5.5143136262508254e-02        -1.1368088242461867e-01        -1.2961513246037108e-03        -2.7579555047377393e-03        -1.7144529232677010e-03        -2.3246064702638941e-03        -1.6302296764183991e-02         1.0523077640591228e-02
11                                    -5.9092386145839695e-04         1.7479029292437245e-03        -7.4872034437129670e-02         1.0235831167175985e-03         9.5168724228407746e-04         2.0886656563898383e-03        -4.5311257122088271e-03         3.7436692961072930e-03
12                                    -1.9188418320530344e-02         9.2299896298480497e-03        -2.0657665845993618e-02        -4.3998435588762791e-02        -7.2011776965875442e-03        -9.4406677793437942e-03        -1.5009911523122679e-01        -5.6135214664482846e-02
13                                    -2.9438230627925679e-03         1.3493743324414914e-03        -1.4093740098805697e-02         6.7078948747258983e-03         8.1478605188156951e-03         1.1052935516907178e-02        -5.1904812129942024e-02        -1.0764811365210396e-01
14                                     3.4450792079753489e-03         5.2712610529668733e-04         4.3585430441550957e-04         2.0834682706931222e-04         1.1274260577994738e-02         1.2635139128149604e-02        -2.3775886588664835e-02        -1.0890056111381614e-02
15                                    -2.3904233661658830e-04         3.3804147798875001e-04        -3.9777629666726321e-04        -9.4098772422497284e-02         4.8689365218106323e-02        -1.4980702743457013e-02         5.4103222736527077e-03         6.9446616682510990e-03
16                                     1.5275159752448073e-04        -2.3726338356577743e-04         2.9003335484112109e-04         3.7915534623934891e-02        -1.4290395183292684e-02        -2.1565947094340406e-03         1.8813930264255374e-03         7.8443682083922679e-03
17                                     1.6949371843001052e-04        -2.3909301323084137e-04         1.9971490558151855e-04         1.3893426122333546e-02        -8.4342372854367964e-04         5.4576745706089246e-02        -3.3059158977472207e-03        -1.0173527205234742e-03
18                                     3.9680096495397447e-04        -4.9519851892827239e-04         1.2246250800791844e-04        -2.0392054407410751e-01         7.4718314882669001e-02        -8.0358704092711591e-02        -4.1859455564851315e-02         1.5801090623187297e-02
19                                    -2.1998935960546072e-04         2.0016917254577350e-04        -1.0064239123388520e-05         7.0060169958452156e-02        -8.9999770910778792e-02         2.9687991471797015e-02         1.9084476076103887e-02        -1.3359240830457874e-02
20                                    -4.7496106566609006e-05        -1.7649756586687187e-05         4.7560484895685303e-04        -1.1607479583294397e-01         4.4570649028644188e-02        -2.6067139885236157e-01         8.4437533739344789e-03         1.8956907678874674e-03
21                                    -2.5225555193380621e-02         1.6326189434256629e-02         2.9787715142025030e-02         2.4897939796902132e-04         2.3839940063721211e-03         2.1311550187795986e-03         5.4818565154261603e-03        -2.5481998379091354e-03
22                                    -1.0902481225239305e-03         9.4342640874329805e-03         9.7413229892314400e-03         1.9083103910467305e-03         8.6032212952607840e-04        -8.4471098568153383e-04         7.4029105134278727e-03        -2.2185332919606726e-04
23                                     2.7776681805566361e-03         1.4431399531144740e-03         1.7911311634524404e-05         5.7609372940919321e-03        -2.5945329077883008e-03        -3.9376543243795394e-03        -8.7205052717949268e-03        -2.8485190172720439e-03
24                                    -1.3216903885467589e-05         2.1892485769718141e-05        -1.7077293278698303e-05        -6.3666997998230324e-03         8.7252312843300798e-04        -6.0587513197865308e-03         2.2197103818581275e-04        -4.9288160439759266e-04
25                                     3.8360644119299976e-05        -7.1221787383593548e-05         6.4408872455409306e-05         1.6759397399725852e-02        -2.2553155863703042e-03         1.5533016393273927e-02         1.9859580645042481e-04         2.4038024635320669e-03
26                                    -1.7516553240816331e-05         2.6499938849929181e-05        -2.5946275968027915e-05        -4.5777944577322953e-03         1.2474402051404912e-03        -4.4375529425216874e-03        -8.6733156793531485e-05        -5.2438481854846688e-04
27                                    -7.7556470004845182e-02        -2.1801459659315779e-03         8.9719553262206514e-02        -3.7054071650970653e-05         3.9521139339117220e-05         1.2240755185095984e-04         8.7776967043252680e-05         1.7952062607842051e-04
28                                    -2.2564184714898980e-03        -4.6275348680218778e-02         5.1353821729096805e-03         8.0044239222278198e-07        -1.8641297523755205e-05        -2.0242758488073036e-05         1.0436506299324190e-04        -7.9403524985924089e-05
29                                     9.0547651920487360e-02         3.8720118045693129e-03        -2.9247037315141600e-01         2.6017727197701068e-05         3.0557400947138838e-06         3.0191948530820020e-05        -5.3207111149655446e-05        -1.2674369551391503e-04
30                                    -1.5487282784432899e-01         9.1601659113011935e-02        -9.8024921106573806e-02        -4.0663498984881653e-04        -2.2507564269568848e-04        -6.6031678213251260e-04        -5.8449054090546908e-04         7.8014541039684183e-04
31                                     9.4292261663785848e-02        -1.2729231095147781e-01         8.5701124687720051e-02        -1.4412922023116274e-04        -1.4347587838296478e-04        -2.3923155513313511e-04        -4.4241856575892309e-04         4.7953014605740070e-04
32                                    -9.8561640151108576e-02         8.4564018801602275e-02        -1.3712390536729829e-01         1.0946275471851452e-05        -4.3023119539130437e-05        -1.0936633665792209e-04        -1.1888145758947178e-04         8.9134132977176841e-05
33                                    -4.6488059403837531e-02         1.3458645653462300e-02         3.8555871069138022e-03         4.6995241416639372e-05        -1.4472288331519982e-05        -1.2158714476967047e-04        -2.9278311043058212e-04         1.8119110544244867e-04
34                                     1.0904371870615251e-02        -2.8849210062114572e-01        -9.2673175418323428e-02        -7.9185986315054649e-06        -2.6926421561641097e-05        -1.0461809982045562e-04        -7.1825918184756712e-05         1.2608693628633587e-04
35                                     2.6926313927616609e-03        -9.4452203669456086e-02        -8.1206395748200960e-02        -1.7818294491638931e-05         1.7336346770295487e-05         3.1933204251432222e-05        -3.5837440238296599e-05         1.3725299211084685e-04
36                                     1.5602875663679662e-04        -5.6351364247192497e-05        -2.6434175194553695e-04        -5.6167712658933555e-02         6.4835767695575752e-03         1.0439160998659562e-02         3.6350471433508700e-03         1.2562439721765057e-03
37                                    -3.8461772230712369e-06         1.5580858142791808e-05         1.2584455848995507e-05         8.4640025472876145e-03        -5.0937731511918737e-02        -2.8751449021693569e-02        -2.4907695354813193e-04         6.9060308493467983e-03
38                                    -3.2954352167046362e-05         4.4306136906492252e-05         6.6192590908418190e-05         9.0106190406100944e-03        -2.5953230276222754e-02        -3.4046137034776658e-01        -1.7274771185910170e-03         1.5764697954611349e-04
39                                     8.8283462128797667e-06        -1.4735453481385985e-04        -1.3484324220397622e-05         2.1472595369393527e-03        -4.8799634564953825e-03         2.9966773095726928e-02        -5.1901169147189327e-02         3.1323792246304911e-03
40                                    -6.2205970303025608e-05         1.3053676141363429e-04         1.4121362556168492e-04        -7.8744493239545315e-04         3.3591132991290552e-04        -1.5402354919148003e-02         3.2482963218094419e-03        -5.4760256364097731e-02
41                                    -2.1056421713076985e-05        -8.2035190180568610e-06         1.8987738121595569e-05        -9.1145887399926920e-05         1.1772810317763390e-03        -1.6883994308675616e-02        -2.2881823201363852e-02         4.0285821809817109e-02
42                                    -4.5128218472438510e-05         1.5323234302031967e-04        -5.1491937893559554e-06        -6.2090629836840730e-03         2.7577647850430834e-02        -8.7906874314756314e-03        -4.0113140494371965e-02         1.4282011650086829e-02
43                                    -7.2715286600050222e-05         3.1289012545415674e-04         3.0368718118278809e-04         6.4118209754373788e-03        -1.1667161121267318e-02         2.2292955101763708e-03         9.7514105066955591e-03        -2.9224072590545569e-01
44                                    -1.5182759065066965e-05         3.8307705826519584e-05        -1.0856453550188886e-04         1.4822634703115694e-03        -1.5533237978268900e-02         6.0703107981544963e-03        -1.4245346952140294e-04         4.5597549417801100e-02
45                                     1.7310032751217345e-04        -2.6532083834964550e-02         1.8158399590218512e-03         4.2317430271195675e-05        -7.3610934638871934e-05         1.7120996024383141e-05         1.1960164391324329e-03         9.0381582492512699e-04
46                                     3.8645011140157892e-04        -6.9260290319739688e-03         3.2742233123367994e-03         1.1888213337279182e-04         4.1200505199673679e-06        -1.8576416349975425e-04         2.2352801879673995e-06         5.2306276824751370e-04
47                                    -2.1704199798187294e-03        -5.6620770169076712e-04         3.5018448331760972e-03         5.5550091630181871e-05        -1.7416968794213496e-04         2.1782029498244545e-04         1.8867670721867576e-03        -3.8139427842233268e-04
48                                     1.7321651124275091e-03         2.8142650788563458e-04         8.8981358315622918e-04         2.4719343482153596e-03        -1.8027922299557035e-03        -7.4113875322806620e-04        -6.4263863784416774e-03        -2.2188725788561580e-02
49                                    -1.0644236527559432e-03         1.0321819382968448e-03        -8.9639423903910970e-04         1.5044557482012479e-04        -2.8946043966155853e-04        -9.8836787348972367e-04        -2.1097063950649975e-03        -1.0050447219766926e-02
50                                    -2.7284969646388345e-04         7.6905124876372726e-04         3.7100718436819152e-04         5.3684857915148017e-04        -6.9025238673706872e-04        -7.3980046616217449e-04        -4.6999389395010246e-03        -1.0146950619030513e-02
                                                         8                           9                          10                          11                          12                          13                          14                          15

0                                      7.0603888799490588e-04        -1.8615897399193992e-01        -5.5143136262508254e-02        -5.9092386145839695e-04        -1.9188418320530344e-02        -2.9438230627925679e-03         3.4450792079753489e-03        -2.3904233661658830e-04
1                                     -1.4701862384287269e-03        -6.0201959907007427e-02        -1.1368088242461867e-01         1.7479029292437245e-03         9.2299896298480497e-03         1.3493743324414914e-03         5.2712610529668733e-04         3.3804147798875001e-04
2                                      2.0682556889233968e-03        -5.5884770401699816e-03        -1.2961513246037108e-03        -7.4872034437129670e-02        -2.0657665845993618e-02        -1.4093740098805697e-02         4.3585430441550957e-04        -3.9777629666726321e-04
3                                      6.3440122089178513e-02        -3.4829969218878390e-03        -2.7579555047377393e-03         1.0235831167175985e-03        -4.3998435588762791e-02         6.7078948747258983e-03         2.0834682706931222e-04        -9.4098772422497284e-02
4                                     -3.5113822052920886e-02        -1.1008262865269407e-03        -1.7144529232677010e-03         9.5168724228407746e-04        -7.2011776965875442e-03         8.1478605188156951e-03         1.1274260577994738e-02         4.8689365218106323e-02
5                                     -1.4424046406807425e-01        -3.3291654407229441e-03        -2.3246064702638941e-03         2.0886656563898383e-03        -9.4406677793437942e-03         1.1052935516907178e-02         1.2635139128149604e-02        -1.4980702743457013e-02
6                                      5.4294845202253143e-03        -1.3123620275507158e-02        -1.6302296764183991e-02        -4.5311257122088271e-03        -1.5009911523122679e-01        -5.1904812129942024e-02        -2.3775886588664835e-02         5.4103222736527077e-03
7                                     -3.7382204487814791e-02         8.8366457883131636e-03         1.0523077640591228e-02         3.7436692961072930e-03        -5.6135214664482846e-02        -1.0764811365210396e-01        -1.0890056111381614e-02         6.9446616682510990e-03
8                                      6.0286553459572445e-01         3.3194935434543715e-03         1.4643284087276463e-03        -9.4646868087279699e-03        -2.1634833462340748e-02        -1.2268965480963137e-02        -8.0400147098624655e-02        -5.3872795006683107e-03
9                                      3.3194935434543715e-03         6.1432217070989625e-01        -5.9247625190329632e-02         2.2882716584015087e-02        -1.7193419753382000e-01         6.6734399164370919e-02        -1.2714030501616500e-01         5.1488473320736110e-04
10                                     1.4643284087276463e-03        -5.9247625190329632e-02         6.6719632644866955e-01        -6.1247259114076684e-02         7.2055112377498065e-02        -9.8443075343570871e-02         8.5472486158802943e-02        -7.7828141234689428e-04
11                                    -9.4646868087279699e-03         2.2882716584015087e-02        -6.1247259114076684e-02         2.9694980387389547e-01        -8.4912950084081881e-02         5.9769766306718874e-02        -6.7474874132480656e-02         9.8879765689476864e-04
12                                    -2.1634833462340748e-02        -1.7193419753382000e-01         7.2055112377498065e-02        -8.4912950084081881e-02         4.8654038030675617e-01         5.7593778665426504e-02         1.2077850337749468e-01         1.0593377113150698e-03
13                                    -1.2268965480963137e-02         6.6734399164370919e-02        -9.8443075343570871e-02         5.9769766306718874e-02         5.7593778665426504e-02         5.3030038602046070e-01        -1.4887743877878498e-01         2.8056497938516623e-03
14                                    -8.0400147098624655e-02        -1.2714030501616500e-01         8.5472486158802943e-02        -6.7474874132480656e-02         1.2077850337749468e-01        -1.4887743877878498e-01         5.1489170775784254e-01         2.4268605693148356e-03
15                                    -5.3872795006683107e-03         5.1488473320736110e-04        -7.7828141234689428e-04         9.8879765689476864e-04         1.0593377113150698e-03         2.8056497938516623e-03         2.4268605693148356e-03         2.5761737284175940e-01
16                                     2.3840569210999869e-03        -1.7218869743403992e-04         7.3936388599918650e-04        -9.5597708672868109e-04         1.0583770327123314e-03        -3.1602606655529650e-03        -1.9819819544038319e-03        -1.2821499884626247e-01
17                                     2.0786761917865985e-03        -3.5747207655375027e-04         4.8600263752416489e-04        -6.3175117026302856e-04        -9.0761067200438898e-04        -1.9336492052679059e-03        -1.5035154602197778e-03        -9.9829762494524632e-02
18                                    -1.0323667896999848e-02        -1.5194711379839911e-03        -7.8155099439035022e-06        -1.0243580988471628e-03        -2.5351517946354159e-03        -6.0805171389102623e-04        -6.2810056820237093e-04        -1.6368777875451324e-01
19                                     7.0784431871059282e-03         4.8446397603785489e-04        -4.8236548916529964e-05         5.1017108003946704e-04        -9.2379697085011336e-04         1.2964337768893858e-03        -7.7375290119995055e-05         7.9564486116428190e-02
20                                     1.7610259552447254e-02         1.0520139400222791e-03        -2.9138644109061827e-05        -6.4753210950511302e-04         4.4143768767762465e-03        -2.4326269042071408e-03        -1.8015108101642158e-03         1.0598560812964591e-01
21                                    -3.5500026588769718e-02        -1.6394642140755833e-01         7.5951213548366647e-02         7.5192874020204206e-02        -3.5740837579471815e-02        -1.5621915045306332e-02         1.7224354249020107e-02        -1.9175743312460370e-04
22                                    -1.3983932147258651e-02         8.6780863672019912e-02        -1.2857069690028797e-01        -5.8483342811175940e-02        -2.0833770768426255e-02        -5.3611102946756112e-02        -2.6675097712315184e-02        -3.1211509869493017e-04
23                                    -2.1536532942109610e-02         1.0677561756281470e-01        -7.4583438375683306e-02        -8.7913285072102526e-02        -1.6825117168665544e-02        -7.1010410974965688e-03        -2.7341515529087068e-01        -3.9418111714927115e-04
24                                    -2.1195743308582046e-04        -4.3897442039801467e-06        -1.6520651783181651e-05         3.5362494250569885e-05        -7.0392835681965617e-05         1.4206150851682394e-04         6.7975652635094376e-05        -1.6243143686745761e-03
25                                     6.0469012913277214e-04         1.4134802843670155e-04         1.1491079598241266e-04        -1.2082297339636194e-04         4.5603471495988580e-04        -6.1022149754186099e-04        -3.1841349097039051e-04        -2.1114771705867640e-03
26                                    -2.7131229532549925e-04        -1.1964681613849604e-05        -7.1848518724820795e-05         4.3307361638820870e-05        -7.5351748277618515e-05         2.6974783870427029e-04         1.0301797234354127e-04         1.3711417471448644e-03
27                                    -3.3462547580070338e-04        -1.0658176988163008e-02         2.2336669463904994e-03         2.7464386986716768e-02         2.8971973311605077e-03         2.8646885135712652e-04         8.9546882544051624e-04        -8.4416857480519233e-05
28                                     1.0249970956069607e-04        -4.3591160251396071e-03        -6.6203043266306345e-04         1.2333242892798222e-02         1.3638987727168470e-03         1.2143578659403167e-03        -1.0400738372139146e-03        -5.5342309596099516e-05
29                                     4.6920314381136349e-05        -1.3198453735169292e-03         3.5688227843322156e-04         1.3625651681291055e-03         2.8238758570184840e-04        -4.9060724144198327e-04         9.2605998705027497e-04         5.9385458304202004e-05
30                                     6.9897273587766606e-04        -1.7719974197100145e-02         1.7651014269046680e-02        -1.8528740613154349e-02        -3.0767242950472586e-03        -3.0237192458157521e-03         5.8849484028363451e-04        -3.7040050057351228e-04
31                                     2.0744489426526057e-04        -1.0932776689084291e-02         7.4070429325668891e-03        -1.0234165233711935e-02        -3.0654193539603686e-03        -9.0119394225948290e-04        -3.8927547955203839e-04        -9.4155819241001679e-05
32                                     7.1310660787524301e-05         1.2215401390445781e-03        -1.8877380891855981e-03         3.8115481585195531e-04         1.1227016532428490e-04        -5.6326049329408732e-04         4.3411799643557677e-04        -6.7334506617437511e-05
33                                    -2.0567134602886083e-04        -1.9969729635683844e-03        -3.1620142689700557e-02        -1.1341825954152918e-02         6.2384422841523586e-04        -2.2566911964539103e-03        -5.4645211991877500e-04        -9.4860844431202051e-07
34                                     1.7113677818119972e-04         2.3172647508140631e-04        -1.4988565808379520e-02        -3.4928411893620928e-03         3.6146962001435681e-05        -5.6173971394403617e-04        -4.6716373434692055e-04        -4.0283753834100997e-05
35                                    -9.1995306283404769e-05         1.2270492077631505e-03         2.6362616610176772e-03        -1.3713134414009460e-03         1.5601421013001267e-04        -7.8253441074429241e-04         3.5443180505709011e-04        -4.4677492899887212e-06
36                                     1.9726122528033043e-02        -4.9936921503063755e-04         4.2698020957546308e-04         6.2798635952222425e-04         1.6120616845883931e-03         7.2035622102881863e-04         2.5686022832828361e-03         2.7138010944034842e-03
37                                    -1.1584296426099426e-02        -3.9043637256892260e-05         3.4447504834543585e-05        -3.5945787272671770e-04         6.0710577831794062e-04        -2.8719105996163593e-04        -6.0056974770009912e-04        -6.9885655127965140e-03
38                                    -4.5966159165336858e-03        -2.4863975603956791e-04        -3.6577088385286380e-05        -1.2306757784056314e-04        -3.3968039327751665e-05        -6.1044134800986895e-04        -1.1997138736357981e-03         6.8556086217155740e-03
39                                    -2.5916318940903259e-02         8.3262671093955977e-05        -3.8686508216342116e-04        -1.7133376212971876e-03         2.2273450296558580e-03         7.3454339954985770e-03        -2.3934073980534376e-02        -1.7352737523536753e-03
40                                     4.5283540336859156e-02         4.4203379659456824e-04        -5.0144332917175264e-04        -4.8151594070423550e-04         1.3511469305353711e-03         1.4305768109957205e-03        -1.3749491503574934e-02        -3.8285135204768812e-05
41                                    -3.1225026679389190e-01         1.1207471077863971e-04        -4.6105699817718462e-04        -7.3881883157293836e-04         1.2235369417012264e-03         2.0895917068240941e-03        -7.3235218042967381e-03         7.5023249456016754e-04
42                                    -2.1820326652516259e-03         1.3785167099043868e-03        -3.7452374735389235e-04         1.7253266168145221e-03        -1.8047342501018738e-03        -3.0225518277294645e-02         6.0709196926715071e-03        -4.6530682629147193e-03
43                                     4.9688533265196969e-02         1.1326405864882441e-03         1.6789440099399394e-03         7.9324900014944274e-04        -2.0201588075558670e-03        -1.4881952575679383e-02         3.8362428214777731e-03         1.0680246926705302e-03
44                                    -5.9025447465189007e-02        -2.3426975202557560e-04        -2.4958665800979465e-04         1.5981287393334832e-03        -9.8124746983752672e-04        -1.0596909736578522e-02         3.4375822513498661e-04         3.1084599544916980e-03
45                                    -3.2294854823085805e-04        -5.1094962205255522e-02        -2.5194215989566109e-02         4.8431439663246994e-03        -2.7765421805254729e-03         1.6028228193812936e-02         2.6909591124937588e-04        -1.8171149658581753e-04
46                                    -1.9780996412644813e-04        -2.2856160745217714e-02        -3.1628186074104198e-01         4.8812697306306031e-02         1.4666658812523270e-04        -4.2511994392182076e-03        -3.7443328080869406e-03        -1.4483409651300651e-05
47                                     6.6887490765775285e-04         7.8041426818471673e-04         5.5283912342126380e-02        -5.3271726371986572e-02         4.0051317574448702e-03         2.6683601086919747e-02        -6.1571239367872689e-03         5.2288173969256154e-06
48                                     8.7841411666756391e-03         5.8406917579169647e-03         2.3524837041579948e-02        -1.2127062370826175e-02        -6.3735616682087520e-02        -5.1760451607073918e-02         2.1461323982857865e-02        -4.4823386055922737e-04
49                                     4.9970892549445912e-03        -5.8878698971859475e-03        -1.2802868766665729e-02         6.6891333079846039e-03        -5.3738008180297767e-02        -2.5938293848895477e-01         1.0768471827456934e-01        -7.3795944084557885e-04
50                                     6.4676367830518973e-03         8.4536569529655020e-04        -3.4886093451617904e-03        -5.9145356622286793e-03         2.4516984209490007e-02         9.9902008849829374e-02        -9.0848524769349293e-02        -3.5649556700758202e-04
                                                        16                          17                          18                          19                          20                          21                          22                          23

0                                      1.5275159752448073e-04         1.6949371843001052e-04         3.9680096495397447e-04        -2.1998935960546072e-04        -4.7496106566609006e-05        -2.5225555193380621e-02        -1.0902481225239305e-03         2.7776681805566361e-03
1                                     -2.3726338356577743e-04        -2.3909301323084137e-04        -4.9519851892827239e-04         2.0016917254577350e-04        -1.7649756586687187e-05         1.6326189434256629e-02         9.4342640874329805e-03         1.4431399531144740e-03
2                                      2.9003335484112109e-04         1.9971490558151855e-04         1.2246250800791844e-04        -1.0064239123388520e-05         4.7560484895685303e-04         2.9787715142025030e-02         9.7413229892314400e-03         1.7911311634524404e-05
3                                      3.7915534623934891e-02         1.3893426122333546e-02        -2.0392054407410751e-01         7.0060169958452156e-02        -1.1607479583294397e-01         2.4897939796902132e-04         1.9083103910467305e-03         5.7609372940919321e-03
4                                     -1.4290395183292684e-02        -8.4342372854367964e-04         7.4718314882669001e-02        -8.9999770910778792e-02         4.4570649028644188e-02         2.3839940063721211e-03         8.6032212952607840e-04        -2.5945329077883008e-03
5                                     -2.1565947094340406e-03         5.4576745706089246e-02        -8.0358704092711591e-02         2.9687991471797015e-02        -2.6067139885236157e-01         2.1311550187795986e-03        -8.4471098568153383e-04        -3.9376543243795394e-03
6                                      1.8813930264255374e-03        -3.3059158977472207e-03        -4.1859455564851315e-02         1.9084476076103887e-02         8.4437533739344789e-03         5.4818565154261603e-03         7.4029105134278727e-03        -8.7205052717949268e-03
7                                      7.8443682083922679e-03        -1.0173527205234742e-03         1.5801090623187297e-02        -1.3359240830457874e-02         1.8956907678874674e-03        -2.5481998379091354e-03        -2.2185332919606726e-04        -2.8485190172720439e-03
8                                      2.3840569210999869e-03         2.0786761917865985e-03        -1.0323667896999848e-02         7.0784431871059282e-03         1.7610259552447254e-02        -3.5500026588769718e-02        -1.3983932147258651e-02        -2.1536532942109610e-02
9                                     -1.7218869743403992e-04        -3.5747207655375027e-04        -1.5194711379839911e-03         4.8446397603785489e-04         1.0520139400222791e-03        -1.6394642140755833e-01         8.6780863672019912e-02         1.0677561756281470e-01
10                                     7.3936388599918650e-04         4.8600263752416489e-04        -7.8155099439035022e-06        -4.8236548916529964e-05        -2.9138644109061827e-05         7.5951213548366647e-02        -1.2857069690028797e-01        -7.4583438375683306e-02
11                                    -9.5597708672868109e-04        -6.3175117026302856e-04        -1.0243580988471628e-03         5.1017108003946704e-04        -6.4753210950511302e-04         7.5192874020204206e-02        -5.8483342811175940e-02        -8.7913285072102526e-02
12                                     1.0583770327123314e-03        -9.0761067200438898e-04        -2.5351517946354159e-03        -9.2379697085011336e-04         4.4143768767762465e-03        -3.5740837579471815e-02        -2.0833770768426255e-02        -1.6825117168665544e-02
13                                    -3.1602606655529650e-03        -1.9336492052679059e-03        -6.0805171389102623e-04         1.2964337768893858e-03        -2.4326269042071408e-03        -1.5621915045306332e-02        -5.3611102946756112e-02        -7.1010410974965688e-03
14                                    -1.9819819544038319e-03        -1.5035154602197778e-03        -6.2810056820237093e-04        -7.7375290119995055e-05        -1.8015108101642158e-03         1.7224354249020107e-02        -2.6675097712315184e-02        -2.7341515529087068e-01
15                                    -1.2821499884626247e-01        -9.9829762494524632e-02        -1.6368777875451324e-01         7.9564486116428190e-02         1.0598560812964591e-01        -1.9175743312460370e-04        -3.1211509869493017e-04        -3.9418111714927115e-04
16                                     7.7802127708995486e-02         5.3960125008397371e-02         9.6869291738092667e-02        -6.9424469653508611e-02        -4.8409095856696990e-02        -5.2576844191143260e-04         3.8189898551668598e-04         6.4679278847307111e-04
17                                     5.3960125008397371e-02         8.6261331253062373e-02         8.2981547062836253e-02        -5.1816877111233534e-02        -1.3964617395902562e-01         3.9293422228701540e-04         2.4383572290995236e-04         3.5156349922967165e-04
18                                     9.6869291738092667e-02         8.2981547062836253e-02         3.9185781989553276e-01        -1.7398975390784516e-01         2.5993252341793990e-02         1.3872769614613240e-03         1.6554327532580587e-04        -1.2015627777655024e-03
19                                    -6.9424469653508611e-02        -5.1816877111233534e-02        -1.7398975390784516e-01         1.5119967940977638e-01         1.0755005002161769e-02        -5.5222640042260139e-04        -2.3673112636127600e-04         8.5295898521819030e-05
20                                    -4.8409095856696990e-02        -1.3964617395902562e-01         2.5993252341793990e-02         1.0755005002161769e-02         3.9241433059988429e-01        -2.2092810280446205e-03         5.8964968629971230e-04         1.7482484072270060e-03
21                                    -5.2576844191143260e-04         3.9293422228701540e-04         1.3872769614613240e-03        -5.5222640042260139e-04        -2.2092810280446205e-03         2.3460162583456542e-01        -9.1301219850195708e-02        -8.6135000303649512e-02
22                                     3.8189898551668598e-04         2.4383572290995236e-04         1.6554327532580587e-04        -2.3673112636127600e-04         5.8964968629971230e-04        -9.1301219850195708e-02         1.6994539208143511e-01         8.8308859428998771e-02
23                                     6.4679278847307111e-04         3.5156349922967165e-04        -1.2015627777655024e-03         8.5295898521819030e-05         1.7482484072270060e-03        -8.6135000303649512e-02         8.8308859428998771e-02         4.0679445545530624e-01
24                                    -3.7235097916994194e-03         2.5000869263281855e-03         9.7532499068139177e-03        -1.4118408683781408e-03         4.5914366427640980e-03         2.8812340943473681e-06         2.1746814419800054e-05         2.9268290390741603e-05
25                                     5.1629760850333065e-03         1.1200792155293109e-04        -1.9823871066800787e-02         1.3740097617731088e-03        -1.6216000560224909e-02        -1.2365769639370699e-04        -1.9859616159979390e-05        -3.5587121870990591e-05
26                                    -4.9066124630014335e-04        -3.7474855966966591e-06         4.9991324316137516e-03        -2.2546332890458327e-03         4.6694639332363844e-03        -1.4714460852716542e-05        -1.5728526634504129e-06         2.1219157419283251e-05
27                                     3.2999095682771934e-05         5.9869344177997401e-05         1.6886610984957339e-04        -8.9202811828831404e-05        -1.1114152191133851e-04        -7.3880083393567820e-03        -2.3405711761755599e-03         8.5883530247412611e-04
28                                     2.6730319712666951e-05         4.1903052568620825e-05         9.8496125078542033e-05        -5.5492330607618298e-05        -1.6628629796546976e-05        -7.1815018594500080e-04        -5.9327018629713041e-04         8.6813400831467860e-04
29                                    -2.3673179968625128e-05        -3.0828952352654037e-05        -8.0754472068178540e-05         2.8531445698662481e-05         4.3357904669751382e-06        -1.6661755871397871e-03         9.2629234870834215e-04         1.6165724144772773e-03
30                                     2.0254552172111804e-04         2.3695668459666085e-04         4.6183027602130552e-04        -2.0917487536096851e-04         1.0112447749542446e-04        -2.2579739376773038e-03        -2.1400974596513632e-04         6.8630144341775548e-04
31                                     9.0532137135361138e-05         6.2514512323808490e-05         7.7578881364019116e-05        -4.3442991875983130e-05         3.0024410685328649e-05         8.8730065363775432e-04         3.2137182353682184e-04         2.1210318879918543e-04
32                                     4.0152610824692060e-05         4.2968588969368772e-05         6.8791731201988619e-05        -4.9966634640659065e-05         1.7912419685625148e-05         3.4426756184577551e-04         5.8039442481751767e-04         2.4369624560237487e-04
33                                     1.6323342063646240e-05         2.0942507128660001e-07        -7.0863417516589040e-05         3.1657624935709171e-05         4.4719463414462833e-05         4.4484679755741651e-03         1.8872615594022510e-03         1.5441758785848252e-03
34                                     2.8462762301428415e-05         2.2027769212667342e-05         1.1302844092099529e-05        -1.6629493014030418e-06         3.0469401565707752e-05         2.0356935908320360e-03         2.6261307787636356e-03         6.9941262702293938e-04
35                                     1.1142088903160573e-05        -4.8978196128774765e-06        -2.4382976295598928e-06        -1.7711739661031541e-06        -1.7325820977825111e-05        -1.8638245529067335e-04         9.7206929774472741e-04         7.3713174710922185e-04
36                                    -6.3044352663496235e-03         1.5860339361166368e-03         2.1141005437831390e-03         8.5552732885974692e-03        -3.3149597173301730e-02         5.1678164937012279e-05        -5.8975956446557349e-04        -2.3044816288917492e-03
37                                    -4.9713331069166774e-03         4.2905609319205198e-04         9.8482228936454131e-03         1.9765315100285990e-02         1.1462269607147219e-02        -4.0790207177931440e-04        -1.9316660957303250e-04         1.0891422142924013e-03
38                                    -2.0190212633815104e-03         2.4399815459218849e-05        -1.3214821817745789e-02         2.7614335913340518e-03        -1.5557608232770555e-02        -1.4033557350878120e-03         3.2801763099560017e-04         4.6920355977625298e-04
39                                     6.6927355643442649e-04         3.4293763959204054e-04         4.3934391375578183e-03        -1.8087999333192360e-03        -1.0185859575527170e-03        -5.4629107654671303e-03        -2.4714841235616049e-03        -2.4587312653932139e-03
40                                    -2.4487359290881888e-04         2.8791046447940427e-04        -1.2773693020066818e-03         6.7251067821486705e-05         2.5204926983533795e-05        -3.4021626477229333e-03        -8.7822225395807441e-04        -2.5688893308709066e-03
41                                    -7.4242197583279700e-04        -2.8542142597028336e-04        -3.8701981280414681e-03         2.0810616297885585e-03         1.6075315494016446e-03        -1.6409081397868596e-03        -7.4295613055700522e-04         5.3689974319916928e-04
42                                    -2.5194813677233618e-04         1.7473021760051849e-03         2.9377307069881789e-03         1.2116809402333644e-03         2.2626231138969527e-03         7.1714811618434592e-04         1.2198552612479895e-03        -3.1850660523047650e-04
43                                    -1.0429439221816723e-04        -2.4111575252513636e-04        -2.2217733587999687e-03        -4.2905919056883922e-04        -2.3622673670130705e-03         3.4833547176200237e-04         3.5873179127744162e-04        -6.9801180094147298e-04
44                                    -7.8138783766904614e-04        -1.6835823730677304e-03        -3.9927815389543698e-03         1.4417677128034706e-03        -1.4069445341658143e-04         1.1683833494065621e-03         1.3252226831274885e-04         4.6697318265285798e-04
45                                     1.1004806544289959e-04         1.4479667188009419e-04         4.1161409950914835e-04        -2.2840558475580239e-04        -5.4591708600312656e-05        -6.4705526404803884e-03         2.5055738745431624e-02        -3.7448908751728047e-03
46                                    -3.7842964772599275e-06         6.7011044617071498e-06        -7.4085071568802743e-05         5.8665082739483947e-05         7.7065437018480724e-05         1.1766979693663533e-02        -1.4285622598595475e-02         4.2113038478126807e-04
47                                     9.0230416810951336e-05         4.8368070419972447e-05         2.5758802040948140e-04        -2.4393478901867419e-04        -6.2834693360539666e-05         3.5820738963044958e-03        -3.1908374126611912e-02         4.8071605303509259e-03
48                                     2.6003052215844437e-04         2.1184373708761997e-04        -2.8946385886303625e-04         6.4925483053888771e-04        -3.3395304646777939e-04        -2.5589690369481194e-04        -5.2922292546710463e-03         3.6290530600947809e-03
49                                     3.6021418135456947e-04         4.6006562977973228e-04         6.9980508736851472e-04        -3.6341683945467339e-04         4.2039961603811127e-06         5.5046732510531833e-03         1.4682413889696317e-02        -3.3275185725710320e-03
50                                     1.1764353598748112e-04         2.0615061551071596e-04         3.8514760874770130e-04         6.8096961978067645e-05        -2.6081697239925365e-06        -1.0267931599636133e-03         3.0800550700420867e-02        -3.1008407624522335e-02
                                                        24                          25                          26                          27                          28                          29                          30                          31

0                                     -1.3216903885467589e-05         3.8360644119299976e-05        -1.7516553240816331e-05        -7.7556470004845182e-02        -2.2564184714898980e-03         9.0547651920487360e-02        -1.5487282784432899e-01         9.4292261663785848e-02
1                                      2.1892485769718141e-05        -7.1221787383593548e-05         2.6499938849929181e-05        -2.1801459659315779e-03        -4.6275348680218778e-02         3.8720118045693129e-03         9.1601659113011935e-02        -1.2729231095147781e-01
2                                     -1.7077293278698303e-05         6.4408872455409306e-05        -2.5946275968027915e-05         8.9719553262206514e-02         5.1353821729096805e-03        -2.9247037315141600e-01        -9.8024921106573806e-02         8.5701124687720051e-02
3                                     -6.3666997998230324e-03         1.6759397399725852e-02        -4.5777944577322953e-03        -3.7054071650970653e-05         8.0044239222278198e-07         2.6017727197701068e-05        -4.0663498984881653e-04        -1.4412922023116274e-04
4                                      8.7252312843300798e-04        -2.2553155863703042e-03         1.2474402051404912e-03         3.9521139339117220e-05        -1.8641297523755205e-05         3.0557400947138838e-06        -2.2507564269568848e-04        -1.4347587838296478e-04
5                                     -6.0587513197865308e-03         1.5533016393273927e-02        -4.4375529425216874e-03         1.2240755185095984e-04        -2.0242758488073036e-05         3.0191948530820020e-05        -6.6031678213251260e-04        -2.3923155513313511e-04
6                                      2.2197103818581275e-04         1.9859580645042481e-04        -8.6733156793531485e-05         8.7776967043252680e-05         1.0436506299324190e-04        -5.3207111149655446e-05        -5.8449054090546908e-04        -4.4241856575892309e-04
7                                     -4.9288160439759266e-04         2.4038024635320669e-03        -5.2438481854846688e-04         1.7952062607842051e-04        -7.9403524985924089e-05        -1.2674369551391503e-04         7.8014541039684183e-04         4.7953014605740070e-04
8                                     -2.1195743308582046e-04         6.0469012913277214e-04        -2.7131229532549925e-04        -3.3462547580070338e-04         1.0249970956069607e-04         4.6920314381136349e-05         6.9897273587766606e-04         2.0744489426526057e-04
9                                     -4.3897442039801467e-06         1.4134802843670155e-04        -1.1964681613849604e-05        -1.0658176988163008e-02        -4.3591160251396071e-03        -1.3198453735169292e-03        -1.7719974197100145e-02        -1.0932776689084291e-02
10                                    -1.6520651783181651e-05         1.1491079598241266e-04        -7.1848518724820795e-05         2.2336669463904994e-03        -6.6203043266306345e-04         3.5688227843322156e-04         1.7651014269046680e-02         7.4070429325668891e-03
11                                     3.5362494250569885e-05        -1.2082297339636194e-04         4.3307361638820870e-05         2.7464386986716768e-02         1.2333242892798222e-02         1.3625651681291055e-03        -1.8528740613154349e-02        -1.0234165233711935e-02
12                                    -7.0392835681965617e-05         4.5603471495988580e-04        -7.5351748277618515e-05         2.8971973311605077e-03         1.3638987727168470e-03         2.8238758570184840e-04        -3.0767242950472586e-03        -3.0654193539603686e-03
13                                     1.4206150851682394e-04        -6.1022149754186099e-04         2.6974783870427029e-04         2.8646885135712652e-04         1.2143578659403167e-03        -4.9060724144198327e-04        -3.0237192458157521e-03        -9.0119394225948290e-04
14                                     6.7975652635094376e-05        -3.1841349097039051e-04         1.0301797234354127e-04         8.9546882544051624e-04        -1.0400738372139146e-03         9.2605998705027497e-04         5.8849484028363451e-04        -3.8927547955203839e-04
15                                    -1.6243143686745761e-03        -2.1114771705867640e-03         1.3711417471448644e-03        -8.4416857480519233e-05        -5.5342309596099516e-05         5.9385458304202004e-05        -3.7040050057351228e-04        -9.4155819241001679e-05
16                                    -3.7235097916994194e-03         5.1629760850333065e-03        -4.9066124630014335e-04         3.2999095682771934e-05         2.6730319712666951e-05        -2.3673179968625128e-05         2.0254552172111804e-04         9.0532137135361138e-05
17                                     2.5000869263281855e-03         1.1200792155293109e-04        -3.7474855966966591e-06         5.9869344177997401e-05         4.1903052568620825e-05        -3.0828952352654037e-05         2.3695668459666085e-04         6.2514512323808490e-05
18                                     9.7532499068139177e-03        -1.9823871066800787e-02         4.9991324316137516e-03         1.6886610984957339e-04         9.8496125078542033e-05        -8.0754472068178540e-05         4.6183027602130552e-04         7.7578881364019116e-05
19                                    -1.4118408683781408e-03         1.3740097617731088e-03        -2.2546332890458327e-03        -8.9202811828831404e-05        -5.5492330607618298e-05         2.8531445698662481e-05        -2.0917487536096851e-04        -4.3442991875983130e-05
20                                     4.5914366427640980e-03        -1.6216000560224909e-02         4.6694639332363844e-03        -1.1114152191133851e-04        -1.6628629796546976e-05         4.3357904669751382e-06         1.0112447749542446e-04         3.0024410685328649e-05
21                                     2.8812340943473681e-06        -1.2365769639370699e-04        -1.4714460852716542e-05        -7.3880083393567820e-03        -7.1815018594500080e-04        -1.6661755871397871e-03        -2.2579739376773038e-03         8.8730065363775432e-04
22                                     2.1746814419800054e-05        -1.9859616159979390e-05        -1.5728526634504129e-06        -2.3405711761755599e-03        -5.9327018629713041e-04         9.2629234870834215e-04        -2.1400974596513632e-04         3.2137182353682184e-04
23                                     2.9268290390741603e-05        -3.5587121870990591e-05         2.1219157419283251e-05         8.5883530247412611e-04         8.6813400831467860e-04         1.6165724144772773e-03         6.8630144341775548e-04         2.1210318879918543e-04
24                                    -1.6742018956942115e-03         4.1410005006279234e-03        -1.4123522096385873e-03        -3.3427024348942910e-06        -5.4979435897673974e-06         2.9176072249083079e-06        -2.0536425610824546e-05        -2.5741497902560784e-06
25                                     4.1410005006279234e-03        -4.4621871322353870e-03         1.3848015971885705e-03         7.8522474999296276e-06         7.7245721375178460e-06        -5.7242687282296929e-06         5.4747236755640818e-05         1.5607514790752508e-05
26                                    -1.4123522096385873e-03         1.3848015971885705e-03        -4.7524766134853847e-04        -6.9512235398107651e-06        -2.4241871393409439e-06         4.3847759879116135e-06        -2.4493765353949160e-05        -7.3996460464724375e-06
27                                    -3.3427024348942910e-06         7.8522474999296276e-06        -6.9512235398107651e-06         8.6562901819915022e-02         3.2047845813661445e-03        -9.8093658852967114e-02         8.0802747323021982e-03        -8.4233710880940275e-04
28                                    -5.4979435897673974e-06         7.7245721375178460e-06        -2.4241871393409439e-06         3.2047845813661445e-03         4.4419707158928484e-02        -4.8397234960665687e-03        -7.3204163523885851e-03        -4.8351383416437438e-04
29                                     2.9176072249083079e-06        -5.7242687282296929e-06         4.3847759879116135e-06        -9.8093658852967114e-02        -4.8397234960665687e-03         3.1388931644432227e-01         6.4365444939530163e-03        -9.2962611448758892e-04
30                                    -2.0536425610824546e-05         5.4747236755640818e-05        -2.4493765353949160e-05         8.0802747323021982e-03        -7.3204163523885851e-03         6.4365444939530163e-03         1.6976518320418887e-01        -9.8770651728509892e-02
31                                    -2.5741497902560784e-06         1.5607514790752508e-05        -7.3996460464724375e-06        -8.4233710880940275e-04        -4.8351383416437438e-04        -9.2962611448758892e-04        -9.8770651728509892e-02         1.3392036655469144e-01
32                                    -3.8695702274551183e-06         6.5346987584204174e-06        -3.7090445164080917e-06        -1.9981524300298217e-02         1.6993781927326805e-02        -1.5918009041564870e-02         1.0792172142063350e-01        -9.2863454269922346e-02
33                                     4.1091382855091600e-06        -4.2625794169997965e-06         1.2293731376364048e-06        -1.1670173458534928e-03         1.0485190077930286e-02         2.5840306571957659e-03        -5.4679594423267044e-04         1.8659981973491269e-02
34                                    -2.8346195511765634e-07         7.6579832429036522e-07        -1.1986033357628173e-06         5.7462709672164228e-05         3.3346417794824137e-03         1.5493543649070102e-03        -2.2917439042351856e-04        -1.4221516115319622e-02
35                                     3.2685288995995554e-06        -1.8094632520485607e-06        -1.9846517916948694e-06         2.2292030390934272e-04        -2.9062358588072906e-02        -9.0946679370825668e-03         1.9926417854415970e-04         1.8885632249683613e-02
36                                    -7.1917024950996899e-05         7.5851420973386727e-05         1.3060504069569444e-05         1.1681635904951720e-04         1.9294942608040736e-05         2.0083209083081310e-06         1.3977632320510275e-05        -1.3420535747294174e-05
37                                     4.6523609787040438e-04        -1.5714061314161670e-03         4.0471566263222485e-04        -5.4739795797672164e-06         5.3305534481605593e-06         4.1192657508014297e-06         2.4785034865976087e-05         7.7088318334829692e-06
38                                     2.9597376741001048e-04        -6.9351377774136197e-04         2.3124216345164964e-04        -1.8427089545275822e-05        -6.5594643454084810e-06         2.5984093096446947e-06        -1.5884131902860893e-06         8.3968691370157542e-06
39                                    -8.6218354987805407e-05         2.0661581052220369e-04        -6.4857326360853333e-05        -1.3727802569479401e-04         7.5733142801871512e-06         2.3203558699476184e-05        -3.0270737825615864e-05        -2.0059884837430139e-05
40                                    -1.5200718409801148e-05        -1.5336900383596853e-05         5.0275340087368994e-06        -5.8591596526665936e-05         2.5617819562335872e-05         3.8793964773126046e-06        -1.9860277241204620e-05        -1.4220102627957411e-05
41                                     4.9072149885055695e-05        -1.3209717298548365e-04         4.3860649904111650e-05        -5.5422105423912939e-05         1.0977253427268930e-05         1.2290758849990528e-05        -8.3866213656715732e-06        -6.4743955636818729e-06
42                                    -7.2325716287858003e-05        -7.7172295345709477e-05        -4.4856782339780861e-05         4.8682282660471627e-05        -4.3466643371187401e-05        -7.6139964403341817e-06        -1.3104103943138327e-05         5.3413212280261144e-05
43                                     9.6071304016325686e-05        -1.2977434736402625e-04         4.4803427798956793e-05         3.9104898963027591e-06        -6.6385716577445434e-05        -1.7530062930873162e-05         2.8712023254166136e-07        -1.2855864489503405e-06
44                                     1.2614469170695502e-04        -2.1374758092418741e-04         1.1958300374571904e-04         5.7004741802105241e-05         3.7599635596217792e-05        -1.6504370632248718e-05         3.9068462048735602e-06         2.6717428060948336e-06
45                                    -1.8456610756387682e-05         3.3122417237202137e-05        -1.2726530672534803e-05        -6.8497966479604379e-04        -4.0129455692078950e-04         6.4616062257240921e-04         1.3724653599521816e-03         4.5777874260122210e-04
46                                     7.1018559172142593e-06        -1.1285311946262425e-05         2.9860602529845016e-06        -1.1608275969270474e-03        -8.6303190311075111e-04        -2.4860796541360287e-04        -4.3116777780285651e-05         8.2805619438096941e-04
47                                    -1.2413588695312222e-05         2.6469948813082837e-05        -4.1109746065746802e-06        -4.7345645051591421e-04        -5.6271521586506029e-04        -2.5726993502156242e-04         4.8759904113935247e-04        -2.2827620589128657e-04
48                                     4.3801065612413780e-05        -5.0602931662308270e-05        -1.0519635668521739e-05        -2.4577160170486452e-04        -1.1760533276260169e-04         6.0745268666867773e-04         2.0600231230868222e-04        -1.4390079000481761e-04
49                                    -2.1206992670115785e-05         6.6811319227722552e-05        -3.7557751655995685e-05         6.2386805033439992e-04         6.3007836936937846e-05        -5.3699810749789287e-05        -2.1645595103521580e-04         3.0743267564053555e-05
50                                    -8.8168606637703057e-06         1.1445497802972031e-05        -1.2467686052294145e-05        -3.2174454420769768e-04         1.9014715147428287e-05        -1.0758262343547702e-04        -1.3748305668149618e-04        -2.3187054769013707e-04
                                                        32                          33                          34                          35                          36                          37                          38                          39

0                                     -9.8561640151108576e-02        -4.6488059403837531e-02         1.0904371870615251e-02         2.6926313927616609e-03         1.5602875663679662e-04        -3.8461772230712369e-06        -3.2954352167046362e-05         8.8283462128797667e-06
1                                      8.4564018801602275e-02         1.3458645653462300e-02        -2.8849210062114572e-01        -9.4452203669456086e-02        -5.6351364247192497e-05         1.5580858142791808e-05         4.4306136906492252e-05        -1.4735453481385985e-04
2                                     -1.3712390536729829e-01         3.8555871069138022e-03        -9.2673175418323428e-02        -8.1206395748200960e-02        -2.6434175194553695e-04         1.2584455848995507e-05         6.6192590908418190e-05        -1.3484324220397622e-05
3                                      1.0946275471851452e-05         4.6995241416639372e-05        -7.9185986315054649e-06        -1.7818294491638931e-05        -5.6167712658933555e-02         8.4640025472876145e-03         9.0106190406100944e-03         2.1472595369393527e-03
4                                     -4.3023119539130437e-05        -1.4472288331519982e-05        -2.6926421561641097e-05         1.7336346770295487e-05         6.4835767695575752e-03        -5.0937731511918737e-02        -2.5953230276222754e-02        -4.8799634564953825e-03
5                                     -1.0936633665792209e-04        -1.2158714476967047e-04        -1.0461809982045562e-04         3.1933204251432222e-05         1.0439160998659562e-02        -2.8751449021693569e-02        -3.4046137034776658e-01         2.9966773095726928e-02
6                                     -1.1888145758947178e-04        -2.9278311043058212e-04        -7.1825918184756712e-05        -3.5837440238296599e-05         3.6350471433508700e-03        -2.4907695354813193e-04        -1.7274771185910170e-03        -5.1901169147189327e-02
7                                      8.9134132977176841e-05         1.8119110544244867e-04         1.2608693628633587e-04         1.3725299211084685e-04         1.2562439721765057e-03         6.9060308493467983e-03         1.5764697954611349e-04         3.1323792246304911e-03
8                                      7.1310660787524301e-05        -2.0567134602886083e-04         1.7113677818119972e-04        -9.1995306283404769e-05         1.9726122528033043e-02        -1.1584296426099426e-02        -4.5966159165336858e-03        -2.5916318940903259e-02
9                                      1.2215401390445781e-03        -1.9969729635683844e-03         2.3172647508140631e-04         1.2270492077631505e-03        -4.9936921503063755e-04        -3.9043637256892260e-05        -2.4863975603956791e-04         8.3262671093955977e-05
10                                    -1.8877380891855981e-03        -3.1620142689700557e-02        -1.4988565808379520e-02         2.6362616610176772e-03         4.2698020957546308e-04         3.4447504834543585e-05        -3.6577088385286380e-05        -3.8686508216342116e-04
11                                     3.8115481585195531e-04        -1.1341825954152918e-02        -3.4928411893620928e-03        -1.3713134414009460e-03         6.2798635952222425e-04        -3.5945787272671770e-04        -1.2306757784056314e-04        -1.7133376212971876e-03
12                                     1.1227016532428490e-04         6.2384422841523586e-04         3.6146962001435681e-05         1.5601421013001267e-04         1.6120616845883931e-03         6.0710577831794062e-04        -3.3968039327751665e-05         2.2273450296558580e-03
13                                    -5.6326049329408732e-04        -2.2566911964539103e-03        -5.6173971394403617e-04        -7.8253441074429241e-04         7.2035622102881863e-04        -2.8719105996163593e-04        -6.1044134800986895e-04         7.3454339954985770e-03
14                                     4.3411799643557677e-04        -5.4645211991877500e-04        -4.6716373434692055e-04         3.5443180505709011e-04         2.5686022832828361e-03        -6.0056974770009912e-04        -1.1997138736357981e-03        -2.3934073980534376e-02
15                                    -6.7334506617437511e-05        -9.4860844431202051e-07        -4.0283753834100997e-05        -4.4677492899887212e-06         2.7138010944034842e-03        -6.9885655127965140e-03         6.8556086217155740e-03        -1.7352737523536753e-03
16                                     4.0152610824692060e-05         1.6323342063646240e-05         2.8462762301428415e-05         1.1142088903160573e-05        -6.3044352663496235e-03        -4.9713331069166774e-03        -2.0190212633815104e-03         6.6927355643442649e-04
17                                     4.2968588969368772e-05         2.0942507128660001e-07         2.2027769212667342e-05        -4.8978196128774765e-06         1.5860339361166368e-03         4.2905609319205198e-04         2.4399815459218849e-05         3.4293763959204054e-04
18                                     6.8791731201988619e-05        -7.0863417516589040e-05         1.1302844092099529e-05        -2.4382976295598928e-06         2.1141005437831390e-03         9.8482228936454131e-03        -1.3214821817745789e-02         4.3934391375578183e-03
19                                    -4.9966634640659065e-05         3.1657624935709171e-05        -1.6629493014030418e-06        -1.7711739661031541e-06         8.5552732885974692e-03         1.9765315100285990e-02         2.7614335913340518e-03        -1.8087999333192360e-03
20                                     1.7912419685625148e-05         4.4719463414462833e-05         3.0469401565707752e-05        -1.7325820977825111e-05        -3.3149597173301730e-02         1.1462269607147219e-02        -1.5557608232770555e-02        -1.0185859575527170e-03
21                                     3.4426756184577551e-04         4.4484679755741651e-03         2.0356935908320360e-03        -1.8638245529067335e-04         5.1678164937012279e-05        -4.0790207177931440e-04        -1.4033557350878120e-03        -5.4629107654671303e-03
22                                     5.8039442481751767e-04         1.8872615594022510e-03         2.6261307787636356e-03         9.7206929774472741e-04        -5.8975956446557349e-04        -1.9316660957303250e-04         3.2801763099560017e-04        -2.4714841235616049e-03
23                                     2.4369624560237487e-04         1.5441758785848252e-03         6.9941262702293938e-04         7.3713174710922185e-04        -2.3044816288917492e-03         1.0891422142924013e-03         4.6920355977625298e-04        -2.4587312653932139e-03
24                                    -3.8695702274551183e-06         4.1091382855091600e-06        -2.8346195511765634e-07         3.2685288995995554e-06        -7.1917024950996899e-05         4.6523609787040438e-04         2.9597376741001048e-04        -8.6218354987805407e-05
25                                     6.5346987584204174e-06        -4.2625794169997965e-06         7.6579832429036522e-07        -1.8094632520485607e-06         7.5851420973386727e-05        -1.5714061314161670e-03        -6.9351377774136197e-04         2.0661581052220369e-04
26                                    -3.7090445164080917e-06         1.2293731376364048e-06        -1.1986033357628173e-06        -1.9846517916948694e-06         1.3060504069569444e-05         4.0471566263222485e-04         2.3124216345164964e-04        -6.4857326360853333e-05
27                                    -1.9981524300298217e-02        -1.1670173458534928e-03         5.7462709672164228e-05         2.2292030390934272e-04         1.1681635904951720e-04        -5.4739795797672164e-06        -1.8427089545275822e-05        -1.3727802569479401e-04
28                                     1.6993781927326805e-02         1.0485190077930286e-02         3.3346417794824137e-03        -2.9062358588072906e-02         1.9294942608040736e-05         5.3305534481605593e-06        -6.5594643454084810e-06         7.5733142801871512e-06
29                                    -1.5918009041564870e-02         2.5840306571957659e-03         1.5493543649070102e-03        -9.0946679370825668e-03         2.0083209083081310e-06         4.1192657508014297e-06         2.5984093096446947e-06         2.3203558699476184e-05
30                                     1.0792172142063350e-01        -5.4679594423267044e-04        -2.2917439042351856e-04         1.9926417854415970e-04         1.3977632320510275e-05         2.4785034865976087e-05        -1.5884131902860893e-06        -3.0270737825615864e-05
31                                    -9.2863454269922346e-02         1.8659981973491269e-02        -1.4221516115319622e-02         1.8885632249683613e-02        -1.3420535747294174e-05         7.7088318334829692e-06         8.3968691370157542e-06        -2.0059884837430139e-05
32                                     1.4396224853179751e-01         8.9884789767932516e-03        -6.2815096853210822e-03         7.6417209518578749e-03         1.3829567506259575e-06         2.2782455996474250e-05         9.4155022532689536e-06         7.3577728486601138e-06
33                                     8.9884789767932516e-03         5.0117816961013771e-02        -1.0338086759197725e-02        -4.8234059112701073e-03        -4.6434643142477828e-05        -1.1464485675363398e-06         1.0016946985525404e-05        -6.0756953478773189e-05
34                                    -6.2815096853210822e-03        -1.0338086759197725e-02         3.1177522097565902e-01         1.0115080672711618e-01        -2.4869504287172630e-05         9.9463076081460298e-07         1.1167414868309272e-06         1.4907411282662534e-05
35                                     7.6417209518578749e-03        -4.8234059112701073e-03         1.0115080672711618e-01         8.3422751278319357e-02         1.3823209841087912e-05         6.5645411684592747e-06         1.2565981296905684e-05        -9.3465529486709022e-06
36                                     1.3829567506259575e-06        -4.6434643142477828e-05        -2.4869504287172630e-05         1.3823209841087912e-05         4.9987756544795238e-02        -1.3178357357644045e-02        -8.3530632240599954e-04        -3.4217783834193886e-03
37                                     2.2782455996474250e-05        -1.1464485675363398e-06         9.9463076081460298e-07         6.5645411684592747e-06        -1.3178357357644045e-02         3.0776196540984940e-02         2.7184178370110897e-02         2.6041692468854586e-03
38                                     9.4155022532689536e-06         1.0016946985525404e-05         1.1167414868309272e-06         1.2565981296905684e-05        -8.3530632240599954e-04         2.7184178370110897e-02         3.6156397961960690e-01         5.1673811912082918e-04
39                                     7.3577728486601138e-06        -6.0756953478773189e-05         1.4907411282662534e-05        -9.3465529486709022e-06        -3.4217783834193886e-03         2.6041692468854586e-03         5.1673811912082918e-04         5.3758495343798139e-02
40                                    -1.4679813737136348e-06         6.3172130505387351e-05         2.1671700618742726e-05        -3.8460850274187953e-05         2.2943348341417464e-03         2.3327783911184175e-04        -8.3424798912087178e-04        -4.0825131959866534e-03
41                                     3.7421858483841462e-06        -3.2847427900765621e-07         4.9736685294836380e-06        -8.1392766630612734e-06         1.7469856391751797e-03        -6.1548153552510253e-04         1.0794304505803466e-04         2.4814428503525700e-02
42                                    -1.9700451856601538e-05         8.5708267446055943e-05         1.0163929094608785e-04         2.7137987107137641e-05        -1.0923189433512722e-04        -1.1719048773250705e-03         7.0959377243332358e-04        -7.2120436859699020e-04
43                                    -7.2231083487910887e-06         1.7366055390032433e-04         4.1742065504226170e-05         2.8336192124971214e-05         5.4807892180122738e-04         2.9640806133913078e-04        -4.2375312667687105e-04        -2.0715945740548952e-05
44                                     3.8111791111351519e-06         2.2131265082425352e-06         3.5457326758972984e-05        -2.4659203278622243e-05         5.3118957186238747e-05         1.1818103529103515e-03        -4.5559397327594271e-04        -1.3720233358645495e-03
45                                    -6.8219195867945783e-05        -4.5422933159682760e-03        -2.4014313800405813e-03         9.0941029839057596e-04         1.0492110725072608e-04         1.0279108286296253e-04        -3.9054856481894260e-06        -1.7792707414812376e-04
46                                    -3.1985183985821543e-04        -1.1159875969743030e-03         2.0659514909342246e-04         4.0866765856088804e-04        -1.4438411960409790e-04        -3.2890660592937765e-05         2.4444659405554667e-05        -2.6260630214322632e-05
47                                     4.1832140383223819e-04         7.6517966959793661e-05        -5.7437868604223708e-04        -7.3783090142029320e-05        -5.6262278810595933e-06         9.9428844155465565e-06        -1.4786649867772148e-05         2.0375099624110406e-04
48                                     1.6945682995720963e-04        -1.1401610567831073e-04        -2.7351109727801132e-04        -3.6936989193373285e-04        -1.8974521130350210e-04        -8.5326650188609430e-05         1.2135730214068085e-04         1.1161574979036068e-03
49                                    -2.5944293824145016e-04         3.8783924681827861e-04         1.3019905285766888e-04         7.0893888516043984e-05        -5.4081883942049859e-05        -4.7571689709307078e-05         7.4542021669047123e-05        -1.3603021519523065e-04
50                                    -7.5430691995387669e-05        -7.0360695399310832e-05        -5.5695476180231233e-05        -3.0537267245791264e-04        -2.1839602978654307e-04         9.7350033571807939e-05        -7.8784115429250505e-05         6.5218128996198264e-04
                                                        40                          41                          42                          43                          44                          45                          46                          47

0                                     -6.2205970303025608e-05        -2.1056421713076985e-05        -4.5128218472438510e-05        -7.2715286600050222e-05        -1.5182759065066965e-05         1.7310032751217345e-04         3.8645011140157892e-04        -2.1704199798187294e-03
1                                      1.3053676141363429e-04        -8.2035190180568610e-06         1.5323234302031967e-04         3.1289012545415674e-04         3.8307705826519584e-05        -2.6532083834964550e-02        -6.9260290319739688e-03        -5.6620770169076712e-04
2                                      1.4121362556168492e-04         1.8987738121595569e-05        -5.1491937893559554e-06         3.0368718118278809e-04        -1.0856453550188886e-04         1.8158399590218512e-03         3.2742233123367994e-03         3.5018448331760972e-03
3                                     -7.8744493239545315e-04        -9.1145887399926920e-05        -6.2090629836840730e-03         6.4118209754373788e-03         1.4822634703115694e-03         4.2317430271195675e-05         1.1888213337279182e-04         5.5550091630181871e-05
4                                      3.3591132991290552e-04         1.1772810317763390e-03         2.7577647850430834e-02        -1.1667161121267318e-02        -1.5533237978268900e-02        -7.3610934638871934e-05         4.1200505199673679e-06        -1.7416968794213496e-04
5                                     -1.5402354919148003e-02        -1.6883994308675616e-02        -8.7906874314756314e-03         2.2292955101763708e-03         6.0703107981544963e-03         1.7120996024383141e-05        -1.8576416349975425e-04         2.1782029498244545e-04
6                                      3.2482963218094419e-03        -2.2881823201363852e-02        -4.0113140494371965e-02         9.7514105066955591e-03        -1.4245346952140294e-04         1.1960164391324329e-03         2.2352801879673995e-06         1.8867670721867576e-03
7                                     -5.4760256364097731e-02         4.0285821809817109e-02         1.4282011650086829e-02        -2.9224072590545569e-01         4.5597549417801100e-02         9.0381582492512699e-04         5.2306276824751370e-04        -3.8139427842233268e-04
8                                      4.5283540336859156e-02        -3.1225026679389190e-01        -2.1820326652516259e-03         4.9688533265196969e-02        -5.9025447465189007e-02        -3.2294854823085805e-04        -1.9780996412644813e-04         6.6887490765775285e-04
9                                      4.4203379659456824e-04         1.1207471077863971e-04         1.3785167099043868e-03         1.1326405864882441e-03        -2.3426975202557560e-04        -5.1094962205255522e-02        -2.2856160745217714e-02         7.8041426818471673e-04
10                                    -5.0144332917175264e-04        -4.6105699817718462e-04        -3.7452374735389235e-04         1.6789440099399394e-03        -2.4958665800979465e-04        -2.5194215989566109e-02        -3.1628186074104198e-01         5.5283912342126380e-02
11                                    -4.8151594070423550e-04        -7.3881883157293836e-04         1.7253266168145221e-03         7.9324900014944274e-04         1.5981287393334832e-03         4.8431439663246994e-03         4.8812697306306031e-02        -5.3271726371986572e-02
12                                     1.3511469305353711e-03         1.2235369417012264e-03        -1.8047342501018738e-03        -2.0201588075558670e-03        -9.8124746983752672e-04        -2.7765421805254729e-03         1.4666658812523270e-04         4.0051317574448702e-03
13                                     1.4305768109957205e-03         2.0895917068240941e-03        -3.0225518277294645e-02        -1.4881952575679383e-02        -1.0596909736578522e-02         1.6028228193812936e-02        -4.2511994392182076e-03         2.6683601086919747e-02
14                                    -1.3749491503574934e-02        -7.3235218042967381e-03         6.0709196926715071e-03         3.8362428214777731e-03         3.4375822513498661e-04         2.6909591124937588e-04        -3.7443328080869406e-03        -6.1571239367872689e-03
15                                    -3.8285135204768812e-05         7.5023249456016754e-04        -4.6530682629147193e-03         1.0680246926705302e-03         3.1084599544916980e-03        -1.8171149658581753e-04        -1.4483409651300651e-05         5.2288173969256154e-06
16                                    -2.4487359290881888e-04        -7.4242197583279700e-04        -2.5194813677233618e-04        -1.0429439221816723e-04        -7.8138783766904614e-04         1.1004806544289959e-04        -3.7842964772599275e-06         9.0230416810951336e-05
17                                     2.8791046447940427e-04        -2.8542142597028336e-04         1.7473021760051849e-03        -2.4111575252513636e-04        -1.6835823730677304e-03         1.4479667188009419e-04         6.7011044617071498e-06         4.8368070419972447e-05
18                                    -1.2773693020066818e-03        -3.8701981280414681e-03         2.9377307069881789e-03        -2.2217733587999687e-03        -3.9927815389543698e-03         4.1161409950914835e-04        -7.4085071568802743e-05         2.5758802040948140e-04
19                                     6.7251067821486705e-05         2.0810616297885585e-03         1.2116809402333644e-03        -4.2905919056883922e-04         1.4417677128034706e-03        -2.2840558475580239e-04         5.8665082739483947e-05        -2.4393478901867419e-04
20                                     2.5204926983533795e-05         1.6075315494016446e-03         2.2626231138969527e-03        -2.3622673670130705e-03        -1.4069445341658143e-04        -5.4591708600312656e-05         7.7065437018480724e-05        -6.2834693360539666e-05
21                                    -3.4021626477229333e-03        -1.6409081397868596e-03         7.1714811618434592e-04         3.4833547176200237e-04         1.1683833494065621e-03        -6.4705526404803884e-03         1.1766979693663533e-02         3.5820738963044958e-03
22                                    -8.7822225395807441e-04        -7.4295613055700522e-04         1.2198552612479895e-03         3.5873179127744162e-04         1.3252226831274885e-04         2.5055738745431624e-02        -1.4285622598595475e-02        -3.1908374126611912e-02
23                                    -2.5688893308709066e-03         5.3689974319916928e-04        -3.1850660523047650e-04        -6.9801180094147298e-04         4.6697318265285798e-04        -3.7448908751728047e-03         4.2113038478126807e-04         4.8071605303509259e-03
24                                    -1.5200718409801148e-05         4.9072149885055695e-05        -7.2325716287858003e-05         9.6071304016325686e-05         1.2614469170695502e-04        -1.8456610756387682e-05         7.1018559172142593e-06        -1.2413588695312222e-05
25                                    -1.5336900383596853e-05        -1.3209717298548365e-04        -7.7172295345709477e-05        -1.2977434736402625e-04        -2.1374758092418741e-04         3.3122417237202137e-05        -1.1285311946262425e-05         2.6469948813082837e-05
26                                     5.0275340087368994e-06         4.3860649904111650e-05        -4.4856782339780861e-05         4.4803427798956793e-05         1.1958300374571904e-04        -1.2726530672534803e-05         2.9860602529845016e-06        -4.1109746065746802e-06
27                                    -5.8591596526665936e-05        -5.5422105423912939e-05         4.8682282660471627e-05         3.9104898963027591e-06         5.7004741802105241e-05        -6.8497966479604379e-04        -1.1608275969270474e-03        -4.7345645051591421e-04
28                                     2.5617819562335872e-05         1.0977253427268930e-05        -4.3466643371187401e-05        -6.6385716577445434e-05         3.7599635596217792e-05        -4.0129455692078950e-04        -8.6303190311075111e-04        -5.6271521586506029e-04
29                                     3.8793964773126046e-06         1.2290758849990528e-05        -7.6139964403341817e-06        -1.7530062930873162e-05        -1.6504370632248718e-05         6.4616062257240921e-04        -2.4860796541360287e-04        -2.5726993502156242e-04
30                                    -1.9860277241204620e-05        -8.3866213656715732e-06        -1.3104103943138327e-05         2.8712023254166136e-07         3.9068462048735602e-06         1.3724653599521816e-03        -4.3116777780285651e-05         4.8759904113935247e-04
31                                    -1.4220102627957411e-05        -6.4743955636818729e-06         5.3413212280261144e-05        -1.2855864489503405e-06         2.6717428060948336e-06         4.5777874260122210e-04         8.2805619438096941e-04        -2.2827620589128657e-04
32                                    -1.4679813737136348e-06         3.7421858483841462e-06        -1.9700451856601538e-05        -7.2231083487910887e-06         3.8111791111351519e-06        -6.8219195867945783e-05        -3.1985183985821543e-04         4.1832140383223819e-04
33                                     6.3172130505387351e-05        -3.2847427900765621e-07         8.5708267446055943e-05         1.7366055390032433e-04         2.2131265082425352e-06        -4.5422933159682760e-03        -1.1159875969743030e-03         7.6517966959793661e-05
34                                     2.1671700618742726e-05         4.9736685294836380e-06         1.0163929094608785e-04         4.1742065504226170e-05         3.5457326758972984e-05        -2.4014313800405813e-03         2.0659514909342246e-04        -5.7437868604223708e-04
35                                    -3.8460850274187953e-05        -8.1392766630612734e-06         2.7137987107137641e-05         2.8336192124971214e-05        -2.4659203278622243e-05         9.0941029839057596e-04         4.0866765856088804e-04        -7.3783090142029320e-05
36                                     2.2943348341417464e-03         1.7469856391751797e-03        -1.0923189433512722e-04         5.4807892180122738e-04         5.3118957186238747e-05         1.0492110725072608e-04        -1.4438411960409790e-04        -5.6262278810595933e-06
37                                     2.3327783911184175e-04        -6.1548153552510253e-04        -1.1719048773250705e-03         2.9640806133913078e-04         1.1818103529103515e-03         1.0279108286296253e-04        -3.2890660592937765e-05         9.9428844155465565e-06
38                                    -8.3424798912087178e-04         1.0794304505803466e-04         7.0959377243332358e-04        -4.2375312667687105e-04        -4.5559397327594271e-04        -3.9054856481894260e-06         2.4444659405554667e-05        -1.4786649867772148e-05
39                                    -4.0825131959866534e-03         2.4814428503525700e-02        -7.2120436859699020e-04        -2.0715945740548952e-05        -1.3720233358645495e-03        -1.7792707414812376e-04        -2.6260630214322632e-05         2.0375099624110406e-04
40                                     5.6117489910478484e-02        -4.2953783966514128e-02         2.1867091705917892e-03        -2.4508068855274264e-03         3.0155614019130982e-02        -2.0791870988321723e-04         2.2259030708048641e-04         5.9624865344063587e-05
41                                    -4.2953783966514128e-02         3.3716092197152164e-01        -1.7474295335628636e-04         2.3862958340391954e-04        -2.8888278355380459e-03        -2.1404148594770400e-05        -6.8753721885542185e-06         8.6488078245203302e-05
42                                     2.1867091705917892e-03        -1.7474295335628636e-04         5.2387952034309834e-02        -1.3219137657966396e-02         1.8118089464447813e-03        -1.5416253997650926e-04         7.0960693019985269e-04        -3.8654380238193925e-04
43                                    -2.4508068855274264e-03         2.3862958340391954e-04        -1.3219137657966396e-02         3.1940481407155835e-01        -5.0948441440254968e-02        -5.6519551896231290e-04         1.0419259726568604e-04        -8.8049992778136592e-04
44                                     3.0155614019130982e-02        -2.8888278355380459e-03         1.8118089464447813e-03        -5.0948441440254968e-02         5.5495848104011383e-02        -1.3402817620164693e-05         4.0323584962629515e-04         3.5873912194784837e-05
45                                    -2.0791870988321723e-04        -2.1404148594770400e-05        -1.5416253997650926e-04        -5.6519551896231290e-04        -1.3402817620164693e-05         6.3794551178275385e-02         1.2543367101110696e-02        -4.9628192366531574e-03
46                                     2.2259030708048641e-04        -6.8753721885542185e-06         7.0960693019985269e-04         1.0419259726568604e-04         4.0323584962629515e-04         1.2543367101110696e-02         3.4019102221298048e-01        -4.8315712662923990e-02
47                                     5.9624865344063587e-05         8.6488078245203302e-05        -3.8654380238193925e-04        -8.8049992778136592e-04         3.5873912194784837e-05        -4.9628192366531574e-03        -4.8315712662923990e-02         4.8934018981352578e-02
48                                     3.6555374429578593e-04         4.2473971057363329e-05        -3.6605752848085813e-03        -1.4197644963345100e-03        -1.0706824518680925e-03        -9.9339821341069270e-04        -2.4775473603433351e-04        -3.3323003152425862e-03
49                                     2.8023588167972401e-04        -2.1704699971602029e-04        -2.1269045645488710e-03        -2.2627700123168185e-04        -7.0147479194350307e-04         3.7103732630090476e-04         5.1739962064871123e-04         1.6857846367579182e-03
50                                     6.6258695247367952e-05         8.0032455645886839e-04        -2.4161389125576561e-03        -1.5856844029624867e-03         2.0958706556121706e-04         5.6229779488836868e-04        -4.1609989565043887e-04         1.1228646395603122e-03
                                                        48                          49                          50

0                                      1.7321651124275091e-03        -1.0644236527559432e-03        -2.7284969646388345e-04
1                                      2.8142650788563458e-04         1.0321819382968448e-03         7.6905124876372726e-04
2                                      8.8981358315622918e-04        -8.9639423903910970e-04         3.7100718436819152e-04
3                                      2.4719343482153596e-03         1.5044557482012479e-04         5.3684857915148017e-04
4                                     -1.8027922299557035e-03        -2.8946043966155853e-04        -6.9025238673706872e-04
5                                     -7.4113875322806620e-04        -9.8836787348972367e-04        -7.3980046616217449e-04
6                                     -6.4263863784416774e-03        -2.1097063950649975e-03        -4.6999389395010246e-03
7                                     -2.2188725788561580e-02        -1.0050447219766926e-02        -1.0146950619030513e-02
8                                      8.7841411666756391e-03         4.9970892549445912e-03         6.4676367830518973e-03
9                                      5.8406917579169647e-03        -5.8878698971859475e-03         8.4536569529655020e-04
10                                     2.3524837041579948e-02        -1.2802868766665729e-02        -3.4886093451617904e-03
11                                    -1.2127062370826175e-02         6.6891333079846039e-03        -5.9145356622286793e-03
12                                    -6.3735616682087520e-02        -5.3738008180297767e-02         2.4516984209490007e-02
13                                    -5.1760451607073918e-02        -2.5938293848895477e-01         9.9902008849829374e-02
14                                     2.1461323982857865e-02         1.0768471827456934e-01        -9.0848524769349293e-02
15                                    -4.4823386055922737e-04        -7.3795944084557885e-04        -3.5649556700758202e-04
16                                     2.6003052215844437e-04         3.6021418135456947e-04         1.1764353598748112e-04
17                                     2.1184373708761997e-04         4.6006562977973228e-04         2.0615061551071596e-04
18                                    -2.8946385886303625e-04         6.9980508736851472e-04         3.8514760874770130e-04
19                                     6.4925483053888771e-04        -3.6341683945467339e-04         6.8096961978067645e-05
20                                    -3.3395304646777939e-04         4.2039961603811127e-06        -2.6081697239925365e-06
21                                    -2.5589690369481194e-04         5.5046732510531833e-03        -1.0267931599636133e-03
22                                    -5.2922292546710463e-03         1.4682413889696317e-02         3.0800550700420867e-02
23                                     3.6290530600947809e-03        -3.3275185725710320e-03        -3.1008407624522335e-02
24                                     4.3801065612413780e-05        -2.1206992670115785e-05        -8.8168606637703057e-06
25                                    -5.0602931662308270e-05         6.6811319227722552e-05         1.1445497802972031e-05
26                                    -1.0519635668521739e-05        -3.7557751655995685e-05        -1.2467686052294145e-05
27                                    -2.4577160170486452e-04         6.2386805033439992e-04        -3.2174454420769768e-04
28                                    -1.1760533276260169e-04         6.3007836936937846e-05         1.9014715147428287e-05
29                                     6.0745268666867773e-04        -5.3699810749789287e-05        -1.0758262343547702e-04
30                                     2.0600231230868222e-04        -2.1645595103521580e-04        -1.3748305668149618e-04
31                                    -1.4390079000481761e-04         3.0743267564053555e-05        -2.3187054769013707e-04
32                                     1.6945682995720963e-04        -2.5944293824145016e-04        -7.5430691995387669e-05
33                                    -1.1401610567831073e-04         3.8783924681827861e-04        -7.0360695399310832e-05
34                                    -2.7351109727801132e-04         1.3019905285766888e-04        -5.5695476180231233e-05
35                                    -3.6936989193373285e-04         7.0893888516043984e-05        -3.0537267245791264e-04
36                                    -1.8974521130350210e-04        -5.4081883942049859e-05        -2.1839602978654307e-04
37                                    -8.5326650188609430e-05        -4.7571689709307078e-05         9.7350033571807939e-05
38                                     1.2135730214068085e-04         7.4542021669047123e-05        -7.8784115429250505e-05
39                                     1.1161574979036068e-03        -1.3603021519523065e-04         6.5218128996198264e-04
40                                     3.6555374429578593e-04         2.8023588167972401e-04         6.6258695247367952e-05
41                                     4.2473971057363329e-05        -2.1704699971602029e-04         8.0032455645886839e-04
42                                    -3.6605752848085813e-03        -2.1269045645488710e-03        -2.4161389125576561e-03
43                                    -1.4197644963345100e-03        -2.2627700123168185e-04        -1.5856844029624867e-03
44                                    -1.0706824518680925e-03        -7.0147479194350307e-04         2.0958706556121706e-04
45                                    -9.9339821341069270e-04         3.7103732630090476e-04         5.6229779488836868e-04
46                                    -2.4775473603433351e-04         5.1739962064871123e-04        -4.1609989565043887e-04
47                                    -3.3323003152425862e-03         1.6857846367579182e-03         1.1228646395603122e-03
48                                     6.4948352006167692e-02         5.8328270452457517e-02        -1.7950848784882310e-02
49                                     5.8328270452457517e-02         2.6599977345718218e-01        -1.1521059279915573e-01
50                                    -1.7950848784882310e-02        -1.1521059279915573e-01         1.1991594363684560e-01
   &MODES [&Type "ArrayOfDoubles", &Dim (51,51)] "The modes of vibrations"
                                                         0                           1                           2                           3                           4                           5                           6                           7

0                                      0.0000000000000000e+00         0.0000000000000000e+00         0.0000000000000000e+00         0.0000000000000000e+00         0.0000000000000000e+00         0.0000000000000000e+00        -1.4241121807207820e-03         8.4515528814594412e-03
1                                      0.0000000000000000e+00         0.0000000000000000e+00         0.0000000000000000e+00         0.0000000000000000e+00         0.0000000000000000e+00         0.0000000000000000e+00        -8.8798887617290792e-04        -7.4227379770041291e-03
2                                      0.0000000000000000e+00         0.0000000000000000e+00         0.0000000000000000e+00         0.0000000000000000e+00         0.0000000000000000e+00         0.0000000000000000e+00        -3.9183775409060086e-04         1.4951502687961032e-03
3                                      0.0000000000000000e+00         0.0000000000000000e+00         0.0000000000000000e+00         0.0000000000000000e+00         0.0000000000000000e+00         0.0000000000000000e+00        -1.0095602882053112e-02        -3.9845987447048961e-04
4                                      0.0000000000000000e+00         0.0000000000000000e+00         0.0000000000000000e+00         0.0000000000000000e+00         0.0000000000000000e+00         0.0000000000000000e+00        -1.1750688484582928e-02        -2.2954228660458280e-03
5                                      0.0000000000000000e+00         0.0000000000000000e+00         0.0000000000000000e+00         0.0000000000000000e+00         0.0000000000000000e+00         0.0000000000000000e+00        -1.9882723706095801e-02         1.9893469803292903e-03
6                                      0.0000000000000000e+00         0.0000000000000000e+00         0.0000000000000000e+00         0.0000000000000000e+00         0.0000000000000000e+00         0.0000000000000000e+00         1.9549200749010235e-03        -4.4845344794619043e-03
7                                      0.0000000000000000e+00         0.0000000000000000e+00         0.0000000000000000e+00         0.0000000000000000e+00         0.0000000000000000e+00         0.0000000000000000e+00        -1.2043505652760427e-02        -1.4689579884941387e-02
8                                      0.0000000000000000e+00         0.0000000000000000e+00         0.0000000000000000e+00         0.0000000000000000e+00         0.0000000000000000e+00         0.0000000000000000e+00        -4.4659363848806701e-03         5.8783693823368311e-03
9                                      0.0000000000000000e+00         0.0000000000000000e+00         0.0000000000000000e+00         0.0000000000000000e+00         0.0000000000000000e+00         0.0000000000000000e+00        -1.8491833549990802e-03        -5.7188142600853881e-03
10                                     0.0000000000000000e+00         0.0000000000000000e+00         0.0000000000000000e+00         0.0000000000000000e+00         0.0000000000000000e+00         0.0000000000000000e+00        -2.7586039099495956e-04         1.0124046556314462e-03
11                                     0.0000000000000000e+00         0.0000000000000000e+00         0.0000000000000000e+00         0.0000000000000000e+00         0.0000000000000000e+00         0.0000000000000000e+00        -3.4857135135314650e-06         2.0680060796141174e-02
12                                     0.0000000000000000e+00         0.0000000000000000e+00         0.0000000000000000e+00         0.0000000000000000e+00         0.0000000000000000e+00         0.0000000000000000e+00        -3.7600344808264904e-03         2.2537531618701872e-03
13                                     0.0000000000000000e+00         0.0000000000000000e+00         0.0000000000000000e+00         0.0000000000000000e+00         0.0000000000000000e+00         0.0000000000000000e+00        -9.1103447587995200e-04        -1.5082575050046771e-02
14                                     0.0000000000000000e+00         0.0000000000000000e+00         0.0000000000000000e+00         0.0000000000000000e+00         0.0000000000000000e+00         0.0000000000000000e+00         5.9217673452660678e-04        -7.4735784063955533e-03
15                                     0.0000000000000000e+00         0.0000000000000000e+00         0.0000000000000000e+00         0.0000000000000000e+00         0.0000000000000000e+00         0.0000000000000000e+00         4.7651873697872769e-03         2.6119657703760086e-03
16                                     0.0000000000000000e+00         0.0000000000000000e+00         0.0000000000000000e+00         0.0000000000000000e+00         0.0000000000000000e+00         0.0000000000000000e+00        -3.6232330091098636e-02         3.1819007996032075e-03
17                                     0.0000000000000000e+00         0.0000000000000000e+00         0.0000000000000000e+00         0.0000000000000000e+00         0.0000000000000000e+00         0.0000000000000000e+00         1.7271186699036632e-02        -4.4974300743906674e-03
18                                     0.0000000000000000e+00         0.0000000000000000e+00         0.0000000000000000e+00         0.0000000000000000e+00         0.0000000000000000e+00         0.0000000000000000e+00         4.1731784661920554e-02        -6.4729273196347035e-04
19                                     0.0000000000000000e+00         0.0000000000000000e+00         0.0000000000000000e+00         0.0000000000000000e+00         0.0000000000000000e+00         0.0000000000000000e+00         9.9222130256417882e-03        -6.6156223548651969e-03
20                                     0.0000000000000000e+00         0.0000000000000000e+00         0.0000000000000000e+00         0.0000000000000000e+00         0.0000000000000000e+00         0.0000000000000000e+00         1.6226622262936734e-02        -4.2624380909165823e-04
21                                     0.0000000000000000e+00         0.0000000000000000e+00         0.0000000000000000e+00         0.0000000000000000e+00         0.0000000000000000e+00         0.0000000000000000e+00        -1.7127193411121846e-03        -3.7951608798090764e-03
22                                     0.0000000000000000e+00         0.0000000000000000e+00         0.0000000000000000e+00         0.0000000000000000e+00         0.0000000000000000e+00         0.0000000000000000e+00        -4.7602424027237499e-04         3.7369546813700909e-02
23                                     0.0000000000000000e+00         0.0000000000000000e+00         0.0000000000000000e+00         0.0000000000000000e+00         0.0000000000000000e+00         0.0000000000000000e+00         1.0109812435825293e-05        -1.3542199842033736e-02
24                                     0.0000000000000000e+00         0.0000000000000000e+00         0.0000000000000000e+00         0.0000000000000000e+00         0.0000000000000000e+00         0.0000000000000000e+00        -5.2240755096576730e-01         4.9807916179963486e-03
25                                     0.0000000000000000e+00         0.0000000000000000e+00         0.0000000000000000e+00         0.0000000000000000e+00         0.0000000000000000e+00         0.0000000000000000e+00         7.7106409692817568e-01        -3.2289118468680086e-03
26                                     0.0000000000000000e+00         0.0000000000000000e+00         0.0000000000000000e+00         0.0000000000000000e+00         0.0000000000000000e+00         0.0000000000000000e+00        -2.3330705748528804e-01        -3.0253320372850077e-02
27                                     0.0000000000000000e+00         0.0000000000000000e+00         0.0000000000000000e+00         0.0000000000000000e+00         0.0000000000000000e+00         0.0000000000000000e+00        -1.2953933277330785e-03        -2.1514303216119529e-01
28                                     0.0000000000000000e+00         0.0000000000000000e+00         0.0000000000000000e+00         0.0000000000000000e+00         0.0000000000000000e+00         0.0000000000000000e+00        -1.5074343705471221e-03         5.0187617889693348e-01
29                                     0.0000000000000000e+00         0.0000000000000000e+00         0.0000000000000000e+00         0.0000000000000000e+00         0.0000000000000000e+00         0.0000000000000000e+00        -2.9640543981208515e-04        -7.1487134137499145e-02
30                                     0.0000000000000000e+00         0.0000000000000000e+00         0.0000000000000000e+00         0.0000000000000000e+00         0.0000000000000000e+00         0.0000000000000000e+00        -2.6759000328194934e-03         1.3849460265739860e-01
31                                     0.0000000000000000e+00         0.0000000000000000e+00         0.0000000000000000e+00         0.0000000000000000e+00         0.0000000000000000e+00         0.0000000000000000e+00        -2.1745928188384302e-03        -3.2383568707884197e-01
32                                     0.0000000000000000e+00         0.0000000000000000e+00         0.0000000000000000e+00         0.0000000000000000e+00         0.0000000000000000e+00         0.0000000000000000e+00        -3.2545200394836789e-04        -4.3966900058643188e-01
33                                     0.0000000000000000e+00         0.0000000000000000e+00         0.0000000000000000e+00         0.0000000000000000e+00         0.0000000000000000e+00         0.0000000000000000e+00        -1.1819796517673928e-04         1.1363482118545638e-01
34                                     0.0000000000000000e+00         0.0000000000000000e+00         0.0000000000000000e+00         0.0000000000000000e+00         0.0000000000000000e+00         0.0000000000000000e+00        -1.0027702330820836e-03        -1.9883018387135623e-01
35                                     0.0000000000000000e+00         0.0000000000000000e+00         0.0000000000000000e+00         0.0000000000000000e+00         0.0000000000000000e+00         0.0000000000000000e+00        -2.9554457284679973e-05         5.1720017920030159e-01
36                                     0.0000000000000000e+00         0.0000000000000000e+00         0.0000000000000000e+00         0.0000000000000000e+00         0.0000000000000000e+00         0.0000000000000000e+00        -2.4741551534226093e-03         2.5474982357408704e-03
37                                     0.0000000000000000e+00         0.0000000000000000e+00         0.0000000000000000e+00         0.0000000000000000e+00         0.0000000000000000e+00         0.0000000000000000e+00        -2.4296492498337621e-03         1.0518160138479143e-02
38                                     0.0000000000000000e+00         0.0000000000000000e+00         0.0000000000000000e+00         0.0000000000000000e+00         0.0000000000000000e+00         0.0000000000000000e+00        -1.4911190101132586e-02         8.6249610510760603e-04
39                                     0.0000000000000000e+00         0.0000000000000000e+00         0.0000000000000000e+00         0.0000000000000000e+00         0.0000000000000000e+00         0.0000000000000000e+00         5.3427690679201771e-03        -6.7144124617177850e-03
40                                     0.0000000000000000e+00         0.0000000000000000e+00         0.0000000000000000e+00         0.0000000000000000e+00         0.0000000000000000e+00         0.0000000000000000e+00        -2.0300021114807769e-02        -2.6135113914388743e-02
41                                     0.0000000000000000e+00         0.0000000000000000e+00         0.0000000000000000e+00         0.0000000000000000e+00         0.0000000000000000e+00         0.0000000000000000e+00        -5.5123542250049397e-03         4.4243177962510613e-03
42                                     0.0000000000000000e+00         0.0000000000000000e+00         0.0000000000000000e+00         0.0000000000000000e+00         0.0000000000000000e+00         0.0000000000000000e+00         2.6829269325425191e-04        -9.5351983211740803e-03
43                                     0.0000000000000000e+00         0.0000000000000000e+00         0.0000000000000000e+00         0.0000000000000000e+00         0.0000000000000000e+00         0.0000000000000000e+00        -7.5416892112399126e-03        -1.2939542146836800e-02
44                                     0.0000000000000000e+00         0.0000000000000000e+00         0.0000000000000000e+00         0.0000000000000000e+00         0.0000000000000000e+00         0.0000000000000000e+00         1.2740903269339387e-02         1.6641800132486784e-02
45                                     0.0000000000000000e+00         0.0000000000000000e+00         0.0000000000000000e+00         0.0000000000000000e+00         0.0000000000000000e+00         0.0000000000000000e+00        -2.3817440678457111e-03        -2.2670502970071314e-02
46                                     0.0000000000000000e+00         0.0000000000000000e+00         0.0000000000000000e+00         0.0000000000000000e+00         0.0000000000000000e+00         0.0000000000000000e+00        -3.1227339003861985e-04         1.0071182091086121e-02
47                                     0.0000000000000000e+00         0.0000000000000000e+00         0.0000000000000000e+00         0.0000000000000000e+00         0.0000000000000000e+00         0.0000000000000000e+00        -5.2419729378984392e-04         6.7335559573955414e-02
48                                     0.0000000000000000e+00         0.0000000000000000e+00         0.0000000000000000e+00         0.0000000000000000e+00         0.0000000000000000e+00         0.0000000000000000e+00        -4.2662460136853684e-03         2.2225737129310905e-02
49                                     0.0000000000000000e+00         0.0000000000000000e+00         0.0000000000000000e+00         0.0000000000000000e+00         0.0000000000000000e+00         0.0000000000000000e+00        -2.3978796630615535e-03        -3.7636040421518198e-02
50                                     0.0000000000000000e+00         0.0000000000000000e+00         0.0000000000000000e+00         0.0000000000000000e+00         0.0000000000000000e+00         0.0000000000000000e+00        -1.8881056639324179e-03        -4.0893129218460132e-02
                                                         8                           9                          10                          11                          12                          13                          14                          15

0                                      3.6739092001523885e-03        -3.1185576192238199e-03         4.7580590052415890e-02         1.5582260037380012e-03        -1.5371937816253027e-02         3.7116983539216143e-02         1.3574407788448376e-02        -8.7844897443516826e-02
1                                     -5.4805764934459184e-02         8.1667740909840733e-02        -7.9987082198502923e-02        -3.8869076381563776e-02        -4.8280194403006980e-02        -4.9205635086954726e-02         3.4556859400787362e-03        -7.3900683907041137e-03
2                                      1.9325029894010536e-02        -6.2939170999580338e-02        -5.5965694533154260e-02        -1.3308497478741757e-02        -7.3259454309318003e-02         7.0809523629514870e-02         6.5790235782509421e-02        -4.3780281248140998e-02
3                                      4.3971985546437057e-03        -2.6166422813927191e-02        -1.9709954701020136e-02        -1.5986665408192956e-02        -2.6795139832056628e-02        -8.1048333445011139e-03        -2.0125205919503956e-02         9.8143419620554562e-02
4                                     -3.4523247656619658e-03        -1.5940717160583498e-02         6.7072064416042743e-02        -4.1847112444667364e-02        -1.3584942840208022e-01        -1.3862806059085197e-02        -5.8913551894446470e-02         6.3819566683691958e-02
5                                     -8.3092129162103106e-03         1.7910704018808579e-02         2.3758833124925185e-02         1.4255211036803462e-02        -4.7289516135057231e-03         1.6339740229197493e-02         9.6155292076552476e-02         8.7022701245295361e-02
6                                      4.6026685447328949e-03        -1.6264943260615353e-02         1.2228672779712817e-03         5.6274725704665556e-03         2.4821265153107799e-02         5.5654384195134516e-03        -3.1149775427901080e-02         2.1859695446235394e-02
7                                      1.3701257839920124e-03        -5.1787314047460418e-02         7.5417637458314341e-02         3.1615518367565681e-02        -3.8682674852352776e-03         1.0076854292289231e-02        -2.8469449783878140e-02         4.3458272294624893e-02
8                                     -1.1623791021075807e-02         6.4403832102432904e-02         5.3513521634478506e-02        -5.4516961281593345e-03        -6.2684733114330374e-03         1.3822570329258946e-02         4.6563834103410910e-02         2.4797583760726577e-03
9                                     -2.1179645874131237e-02         3.0620573285049621e-02         2.1488668859044331e-02        -2.1779202476138855e-02        -4.5009755561018105e-02        -5.4221804620679351e-04         6.3030865511937827e-03        -6.7222758198668825e-02
10                                     4.9914139096841664e-04         7.6034756403716283e-03        -1.6764548380864636e-02         1.9869724244195062e-02         3.6062699165973121e-02         3.4171143477786665e-02         1.3556010696669644e-02        -2.2045536763738664e-02
11                                     4.1057116782931329e-02        -2.8487823050878821e-02        -1.0986087705400839e-02        -1.5976961370912670e-02         1.3274309327820911e-02        -7.8124217436605706e-02        -7.5926573760123003e-02        -2.1916994773432627e-03
12                                     2.0654585371386352e-02        -3.4496052587130642e-02         1.5346120208613211e-02        -1.5989222737248926e-02        -4.0974379659663447e-02        -1.4792403036046458e-02        -1.2186008216050506e-02        -7.3830551595886979e-04
13                                    -1.0732784503334005e-02        -1.4991308143956860e-02         4.4672298638573207e-02         5.7811690665682286e-02         6.7030377999183530e-02         8.7111733738141239e-02         1.3470674224892802e-02         2.6377788178253953e-02
14                                    -3.0264139771064236e-02         5.0839826863234280e-02         5.1907416947274791e-02         1.1631048957818298e-02         5.1456975587322831e-02        -2.1588478483828905e-02        -5.9194273094764854e-02        -1.8108767078499288e-02
15                                    -2.3506027287609754e-02         1.8514876318479069e-03        -9.6620573980740712e-02        -1.6632321217652801e-02         6.9652611175454709e-02         2.8138090240288592e-02        -3.1744810921627238e-02         3.8156498001103892e-02
16                                    -5.5817712130973279e-02         4.1844612232723587e-02        -7.0409229740995061e-02        -4.9725909346390408e-02         4.0432355254231403e-02         7.1014192310196539e-02        -1.6725686475595115e-02        -2.6130436965052208e-02
17                                    -9.8748152660733130e-03        -8.5415690031730301e-02        -7.4777927798023489e-02        -4.2947259055738469e-03        -5.2263490155509108e-05        -2.4880099223173562e-02        -5.6487577718214887e-02        -6.3908115061906717e-02
18                                     1.6449744879744953e-02         1.4081409910815978e-02        -1.9369048555941060e-02         6.8023334122561899e-03         4.3160347381732710e-02        -6.0796494357110188e-02         7.5969032706184034e-02         7.8125896735192935e-02
19                                     1.7680926223834922e-02         5.3702246728134914e-03         1.2165054319885956e-02        -1.6130962495239064e-02         8.5882073848630013e-03        -1.2941076279417674e-01         9.0179522592180122e-02        -4.5929246076080094e-02
20                                    -1.0698524593574186e-02        -2.3150633106640357e-02        -1.5862941062925216e-02         1.8379923276991453e-02        -2.0245978039801785e-02         1.5715219273344398e-02         4.4311451038986309e-02         5.8713007742651681e-02
21                                    -4.2668175891098156e-03         1.9035839019876453e-02         7.3024750478861894e-02        -3.0997231495204884e-05        -1.5264614277249114e-02         1.5406121328323115e-02         6.6254987668728539e-03        -7.5184002729844324e-02
22                                     9.4810703743450131e-02        -8.0582586171869544e-02         1.5907556140217856e-03         2.4884061279512312e-02         4.7836633227594037e-02        -2.1628796032052023e-03        -2.4787373139275046e-03        -2.3468187011729969e-02
23                                    -3.7052997747541741e-02         5.2463422020264411e-02         5.1291439245934309e-02         1.3513916862713915e-02         5.3577023364755720e-02        -1.7914306707931860e-02        -6.3507626526974767e-02        -6.5072958518904911e-03
24                                     2.6040098264299569e-02         1.4791116967580026e-01        -2.1844269476591174e-01         7.4301179768346892e-01        -2.1889515181524893e-01        -1.2803776004971981e-01        -5.5899839959533827e-02        -4.4162022185150966e-02
25                                     1.9278320264912044e-01         2.6886801996115661e-01        -1.2496729223800311e-01         3.8824509967254361e-01        -1.8504330698295174e-01         9.8476398527230169e-02        -1.3403081121023833e-01        -3.4078056505440754e-02
26                                     7.5356716895068943e-01         4.0989357622636519e-01        -6.6724080839079852e-02        -2.4288007056253927e-01         2.7398081954352553e-02         1.5981570215437985e-01        -7.5531659882904917e-02         4.4445720903290110e-02
27                                     1.0187958229191845e-02        -4.7132002124214464e-02         8.7141303804279865e-03         1.0367133245642289e-03        -8.5060457835376413e-02         1.4714621120624738e-01         1.3102558417850174e-01        -1.4562398503793497e-01
28                                    -1.1714973888462114e-01         1.3778351315995599e-01        -9.4215649104586630e-02        -5.7969011994979128e-02        -1.1031729639857402e-01        -2.6636011560852990e-02         4.6045637057880992e-02        -1.2791375103205895e-03
29                                     2.0508642822072723e-02        -7.8469911674398318e-02        -7.1115181365036861e-02        -1.4011056242141776e-02        -1.0138480324348263e-01         1.1315717793393690e-01         1.1164428142216101e-01        -6.5889519238363239e-02
30                                    -2.0840256695956114e-02         5.2777573690727157e-02         4.3984869645168345e-02        -2.5500408902654172e-02        -1.1869122536565670e-02        -7.4715403851834061e-02        -6.6054023118618174e-02        -3.7553152471481388e-02
31                                    -5.1495815734845241e-02         9.6536910110407922e-02        -1.1705508049166537e-01        -7.3877529949497214e-02        -7.6681779940444825e-02        -1.4169921348664996e-01        -3.8056019748977758e-02         1.8245633113820145e-02
32                                     4.9664144762915308e-02        -1.1157918821994879e-01        -8.6246660590312565e-02        -1.5359090558354341e-02        -1.0364251286706089e-01         1.1119982648369543e-01         1.1731299828688430e-01        -7.7467378398849082e-02
33                                     4.0310498110424461e-02        -4.1220428512714825e-02         1.1220818572368974e-01         5.2492285945056630e-02         8.2542176127192057e-02         8.1684368828290083e-02        -1.3005769422826382e-02        -9.8861704497127209e-02
34                                    -3.5022455909720251e-02         6.6154654879619329e-02        -7.9866272712395964e-02        -3.7300784491324471e-02        -3.1802575222085724e-02        -6.9342010467829424e-02        -1.6852366144693168e-02        -4.4862785278287076e-03
35                                    -2.9032241052268856e-02        -2.5895961877665630e-02        -4.9603460947381328e-02        -1.2445313625065121e-02        -1.0672091681787566e-01         1.2731705309615787e-01         1.1568445876652941e-01        -5.2125981764585987e-02
36                                    -1.7822114936871573e-02        -5.8245935912020479e-02        -6.1704064711599262e-02        -3.2737983438666497e-02        -1.0467634078358769e-01         7.1794108861170700e-02        -1.1532793425364976e-01         1.7135288055732742e-01
37                                    -4.7168600657592541e-02         5.3665555336302297e-03         6.1100892175783253e-02        -8.9982227791335287e-02        -2.8438772047520328e-01         1.6283674214046109e-01        -2.5027237604408131e-01         1.7024094185769512e-01
38                                    -4.9876383420363003e-03         1.6583582301427126e-02         2.4368748613920372e-02         1.9121357067262541e-02         6.8671773067500181e-03         2.2352096213159138e-03         1.1095600584433180e-01         7.7285766977378725e-02
39                                    -2.6011853393906681e-03        -4.9634659575064017e-04         1.6619818835443761e-02        -5.5195313020599598e-03         4.2878154440829937e-02        -2.7402777367557349e-02        -1.2467804798275925e-01        -5.7768350859680601e-02
40                                     6.8332177592425191e-04        -1.0091390964963284e-01         7.1339129496291204e-02         7.1073562429132459e-02         6.3247877862498927e-02        -3.6445481624349983e-02        -6.0776447817447031e-02         7.9582128017471415e-02
41                                    -1.1002995006467068e-02         5.5479258413561994e-02         5.1000812495021586e-02         1.5295386936036259e-03         2.1041016075018493e-03         9.9731244273331410e-03         5.0978709425150578e-02         1.6142714470882610e-02
42                                    -5.0645149423643992e-03        -1.0199614949742385e-02        -1.5084111101194906e-02         5.5454219204999787e-02         1.1992774614248682e-01         8.6934204065441362e-02         1.6185574791019192e-02         3.4196341998287937e-02
43                                     1.5008009147407883e-04        -4.0770085375198502e-02         7.3771882735325922e-02         2.6335323053683010e-02        -1.1734002589197337e-02         2.0978555769719083e-02        -2.0628559175924585e-02         3.8137173324524848e-02
44                                    -1.4844833869009644e-02         1.1957175139568559e-01         5.2453304166295664e-02        -4.7591000748305579e-02        -7.5612736396174274e-02         5.3156372374551578e-02         7.7039841366578557e-02        -3.2046393705205276e-02
45                                    -6.8343431069288946e-02         9.6023519066560481e-02        -1.5178960704498820e-02        -5.4056764275944053e-02        -8.1919226873417919e-02        -4.1696805147922150e-02        -5.6439900182770947e-04        -7.9900799655875890e-02
46                                     1.5814616473349332e-02        -3.1719861928224493e-03        -2.0096586586840211e-02         1.5493479044867571e-02         3.3654664619646148e-02         1.8262481616888739e-02         7.1676015474986463e-03        -2.6619524629644079e-02
47                                     1.2411215080466961e-01        -7.8485103639538187e-02        -4.0873954277114335e-02        -4.9508691789992981e-02        -9.0272797628141738e-03        -1.8062866298592900e-01        -1.1218800420389630e-01        -4.0308810310353896e-02
48                                     7.3093316848629533e-02        -1.0550553441896296e-01         2.5242227968414601e-02        -2.2760816843658549e-02        -5.9971386111607246e-02        -7.1170442866900510e-02        -5.9442373374255786e-02         3.2621199584198617e-02
49                                    -5.8325154886326488e-02         2.1690001664486043e-02         5.1892855914154427e-02         6.7744664014812855e-02         7.7442545649344482e-02         1.2103277857424141e-01         1.8894284983866024e-02         3.4625879498793942e-02
50                                    -9.4698977719703578e-02         8.6158829140093568e-02         6.9807082772442630e-02         2.8554914086216163e-02         6.4477898925078797e-02         1.8572210392709770e-02        -6.9115963773994787e-02         1.2787856955242321e-02
                                                        16                          17                          18                          19                          20                          21                          22                          23

0                                      1.3417068030763210e-02         1.2431325491500285e-01         4.2874982582541930e-03         4.2065058438668285e-02         1.2256403730997258e-02        -8.8409238411735744e-02         8.5491123254687273e-02        -1.8942180172474260e-03
1                                      3.0514242336309425e-02        -1.2593703416512727e-02         1.5430837513824554e-03         9.7198124034592152e-03        -9.9257539831662457e-04         1.1070853877093074e-03        -1.6893377744797738e-02        -2.2940012423991268e-02
2                                     -2.9858175662368061e-03        -1.2598389241262629e-02         1.6001588065261977e-02        -3.5665892223901850e-03        -3.1648732271465113e-02         2.5341609992521229e-02         9.8791131041526727e-03         5.7129151451815303e-02
3                                     -3.4763232044341175e-02         2.7456821793990237e-02         1.2982139809122094e-02        -7.6509724127940187e-02        -1.3006226207608561e-03        -3.9180478745889646e-02        -3.3515965069394839e-02         4.7434531098216375e-02
4                                     -7.2103326204671414e-02         1.9519838609560056e-02         4.0637962730186987e-02         9.4981921363167608e-03         3.3853428384861134e-03        -2.8946054609134950e-02        -5.6576781661217768e-02         7.9539750153391972e-02
5                                      6.7460118691220317e-02         1.2041181395506135e-02         1.5251463662581073e-02         4.5821168898668080e-02         8.0646602839302747e-03         3.4431595083260463e-02         1.2728049453702265e-02        -7.2023851010260802e-03
6                                     -2.0562525490655757e-02        -1.9718663809624483e-02        -1.0850948101761668e-01        -5.5843644501237445e-02         1.2037260068210782e-01         3.5623754925997328e-02        -2.2708700464249297e-02         2.3006721981952531e-02
7                                      6.2806900388798145e-02        -3.7316911397442254e-02        -1.3739506502992006e-02         9.9893087367860359e-02        -1.7354361033644870e-02        -6.6515445195869813e-02        -4.8735583038517431e-02        -4.8208951402766501e-02
8                                     -5.9707903961700892e-02        -5.0347237011370491e-02        -3.4047803348336035e-02         8.5622910366228225e-02         9.4281132155867101e-02         3.0517294218110044e-02        -9.6061197724861512e-03         3.4534785558240265e-02
9                                      3.4677735111225148e-02         3.5406125604433340e-02        -5.1803203659378204e-03         1.9484026582851310e-02         8.8761223336369967e-03        -6.7538286214757232e-03         9.7187153937690809e-03         1.7228168302309284e-02
10                                    -3.5383752401006052e-02         1.0964958871914052e-01         1.9328472961595202e-02        -3.2778048932153082e-03        -1.2376575547312866e-02         7.4956267344575930e-02        -8.2618007387428360e-02        -4.2370292862858039e-03
11                                     4.9911882678737571e-02         4.6844351291549569e-02        -5.0872498018215639e-02         3.0977869970963183e-02        -8.3914856486982256e-02         3.7734297956033419e-02         3.0146784706645943e-02         4.6167194579741874e-02
12                                     4.2635493528168832e-02        -2.9734177662489220e-02        -1.0684021206386987e-01         3.2117874403077194e-02        -1.0176373984996259e-02         6.1210996314293352e-02        -2.3729869290446022e-02        -4.5829915117055080e-02
13                                    -5.8412090846445580e-02        -2.9097207845379999e-02        -5.4715322807731649e-02        -9.4821067783728739e-04        -5.9613279533083104e-02         5.1769847159504213e-03         8.8503799694744867e-02         3.3276576943820552e-02
14                                    -4.7570986059573845e-03        -4.4343389803100488e-03         4.2875321005168054e-02        -3.1039001798856432e-02         6.4869808950860627e-02        -7.6985879835741802e-02         3.3777676849580787e-02         4.8444456383375002e-03
15                                    -3.1536967804328984e-02        -2.8369077455914261e-02         7.0865114269485108e-02         9.4847299066807389e-02        -2.4453222101347927e-02        -1.0778353352062151e-02        -4.3071152105359448e-03        -6.6673339335602518e-03
16                                     6.7208879684611686e-02         1.2363152733333670e-03        -4.5659016700918396e-02        -3.2814230287260854e-02         1.0260375200890300e-02        -7.8692470882520491e-03        -1.4668449058613701e-02         1.1963956364451989e-02
17                                    -7.1316759743397462e-02        -2.0127085898364157e-02         1.8865241038714840e-03         2.9430588515941151e-02         1.4370884224922094e-02         1.3849023643978822e-02         9.1388174021663935e-04         5.1137458031520443e-03
18                                    -3.1135737318485752e-02         6.5005233008579022e-03         4.0446892369245271e-02         6.0583156226843762e-03        -1.3040748086271864e-02        -1.1005082701019808e-02         8.1061291750274822e-03        -1.0793934711577989e-02
19                                    -4.6773737436786304e-02         1.3347285119793554e-02        -8.5705729824410593e-03        -3.0002697831918650e-02         9.2580459281050471e-03         3.6441024927379960e-02         4.0965317380899188e-02        -2.8922808538283277e-02
20                                     5.9993742372950069e-02         3.5325487361620611e-02        -2.8664953148039622e-02        -8.4279609252716367e-02        -1.9209255314511259e-02        -3.4351933294463732e-02        -7.6741915036363136e-03        -3.7799304869490301e-03
21                                     3.3798180964164162e-02        -1.0969871807055177e-01         6.7821036257209685e-02        -5.8035656337909962e-02        -7.8439902570702769e-02         5.6894941334420725e-02        -2.4831624516540265e-02         3.1261340521990318e-02
22                                     1.2038936855812274e-02        -4.3353053932161781e-02         4.3629857717937710e-02        -3.7530831278867097e-02         3.0025602227458873e-02        -3.5212241184518843e-02         1.3066180965673245e-02        -8.0688982346666573e-03
23                                    -1.0063453543912772e-02         3.6458425449550523e-03         3.7658892243430657e-02        -4.8062891276326958e-02        -3.2813245250149697e-02         1.3075747573511477e-02        -3.8946576324565989e-02        -7.6597212101387466e-02
24                                    -4.9736280954632152e-02        -7.9966111395148136e-03         3.8233290089028857e-03         3.4463398919041422e-03        -4.0067963556679317e-03        -1.2661555330945255e-03         6.4736358558052012e-03        -8.7934180971666817e-03
25                                     8.6544037900343526e-02        -1.2800278262267095e-02        -3.9652914397816812e-02         2.4682473373788850e-02         2.3551218829512777e-02         2.3869432589235587e-03        -3.2823328717012032e-02         3.2018319548405567e-02
26                                    -2.1484193215538728e-02         2.6817664363034889e-03         1.3177366838309884e-02         2.3987661791525288e-03        -9.2621396470524680e-03        -5.6728359152119229e-03         2.2706955559040091e-03        -4.6736947266071199e-03
27                                    -1.5204086984287522e-02         4.9015688383277203e-02         1.1995766598174114e-01        -1.3229967803315465e-02         1.9396790841030942e-01        -2.1935570035091179e-01        -1.8877550152267882e-02        -3.0076413411105724e-01
28                                     3.0865683509408132e-02        -1.5531024044567554e-01         3.5605803972724115e-02        -2.9425967872642681e-02         7.1327140822066482e-02        -1.5503462476840704e-01         1.1126506174848333e-01        -6.2486809667677709e-02
29                                    -1.3718183409861433e-02        -4.5508448108159745e-02         6.1585042444233407e-02        -2.6163371674104232e-02         3.9317050986127762e-02        -2.7870688111370633e-02        -2.8046268944568954e-02        -5.8684194850794048e-02
30                                     6.8556850392431895e-02         5.8314106042322962e-02        -7.9378224746041601e-02         6.7384217021632720e-02        -1.0181844603869350e-01        -1.1408802394971851e-01         3.1250506832930725e-01         2.4566735484095054e-01
31                                     9.5962864990938798e-02        -1.3375220578012401e-01        -4.2414740380379463e-02         1.2176679716633755e-02        -3.5168474096002024e-02        -1.2793153615571917e-01         2.3553169086137152e-01         1.1723429558005184e-01
32                                    -4.2420530605072936e-03        -4.9896283960147843e-02         7.0592124677117146e-02        -2.9552754116975850e-02         6.5177015301182695e-02        -6.7157997780294576e-02        -1.1519247647928539e-02        -9.4322694345321395e-02
33                                    -4.6515788452725047e-02         3.7702015749730761e-01        -1.1895450994797154e-02         8.6919903765151185e-02        -4.2129388310405261e-02         1.4512420748462446e-01        -1.9059630485477480e-01        -4.7560616206620325e-02
34                                     3.9393676198232523e-02         1.6863519911714291e-02        -1.8565235472842525e-02         2.3891468573799413e-02        -3.6086153896030100e-02         2.6144282243632244e-02         2.3195243413568754e-03         3.7747156715069674e-02
35                                    -3.1435561042510864e-02        -6.5802662561898304e-02         6.6926034038418500e-02        -3.6057930488634961e-02         5.6128885466399610e-02        -2.6787397349028012e-02        -5.7857228093319252e-02        -1.0865890025226417e-01
36                                    -1.2145039671660062e-02         9.6891611935108424e-02         3.4236081844187846e-02        -2.8897761014713963e-01        -7.8053934460094704e-02        -4.7101720795992624e-03         1.6469873742489610e-01        -2.0493684504712459e-01
37                                    -1.2917361352473714e-01         4.1285675705439347e-02         1.5792869208921034e-01         7.1460797249264752e-03         1.0216600864584890e-01         3.8129122898069340e-01         4.5488836917148134e-01        -3.5439806117569095e-01
38                                     7.2336555736132624e-02         1.0606784787834361e-02         3.9123561175251941e-03         4.2262811411938599e-02         6.1624846672272927e-04         1.0703383807165094e-03        -2.8066986484409948e-02         2.7618899799700038e-02
39                                    -6.4999353773949387e-02        -3.7051110869588059e-02        -1.0229416994194301e-01        -1.6095456876522049e-01         2.7210587162374689e-01        -8.5131721446802450e-02        -1.0257291236898616e-01         1.1788433425499271e-01
40                                     3.2825910121496232e-01         1.9894826826930188e-02         2.4667299365465822e-01         1.0760980208412517e-01         3.1305102867823975e-01         1.7495382161358808e-01         2.6932638996158970e-02         1.7487057494170888e-01
41                                    -1.7295144014157899e-02        -4.0303517597322133e-02         2.3246497744398215e-03         9.6555024711003426e-02         1.2799385212551509e-01         7.1925149958620704e-02         6.8309444632734901e-03         5.7958075536672149e-02
42                                    -2.5933080466938818e-02        -5.7816345430323879e-02        -2.0615711753522328e-01        -5.2292429127340737e-02         6.8000249220691894e-02         1.2058185833635930e-01         1.5623975333792245e-01        -1.0874605948748636e-01
43                                     9.9944952714834754e-03        -4.6392556477743041e-02        -6.1643744213815528e-02         9.2219044539366163e-02        -7.9204263473486136e-02        -1.1522185961514905e-01        -5.8528770978139411e-02        -8.4553539059974703e-02
44                                    -3.4788805957291441e-01        -9.4873354539749030e-02        -2.8232214527444482e-01         4.9939539441273398e-02        -2.4906595906440790e-01        -2.7559867022150231e-01        -1.2007028641162430e-01        -1.4927956776001250e-01
45                                     5.5725288602167744e-02         9.4994322863039493e-02         3.2290243779944158e-03         4.6194329370861771e-02         5.5338068596494882e-04         6.4945410106724680e-02        -1.3731778269209649e-01        -6.5485498422226465e-02
46                                    -2.1248969468608662e-02         1.0468361689576203e-01         2.7190799571066359e-02        -1.5822784202405230e-03         7.0730600594913736e-03         4.1114881516494735e-02        -8.1126384947228722e-02        -3.3107187300588800e-02
47                                     1.3859429197012121e-01         3.6366532749701426e-02         7.7519845751590506e-03         4.2868973535916746e-02         1.1677392966570773e-03        -1.3368119126102962e-01        -6.0655111916299315e-04        -1.3504288206214574e-01
48                                     1.2667965843443560e-01        -1.2619969500335601e-01        -1.8274056716385628e-01         9.2051449770909802e-02        -1.7886544044667881e-02        -1.6447759899414677e-02        -3.8499785764958494e-02        -3.2227524382207334e-01
49                                    -9.1210482997693174e-02         2.4447734371269642e-02        -5.4124404293009416e-02        -1.2928461709201007e-02        -1.1698831523039803e-01         4.7149198372433823e-02         1.0280061970215376e-01         1.2390862075768956e-01
50                                    -3.0265629251379975e-02         4.8849787378039147e-02         1.1950725789852536e-02        -3.1848874692122074e-02        -4.9933917044239287e-02        -2.6505746383695079e-02         4.5906434509990213e-02         4.5412909580874357e-02
                                                        24                          25                          26                          27                          28                          29                          30                          31

0                                     -4.9987052738832749e-02        -9.1995597837240834e-03        -4.9461476557362055e-03         7.0243142618813077e-03         8.7659579986134814e-02         6.3393121854536801e-04        -5.4860099279004397e-03        -3.4161795426933010e-03
1                                      2.3885679987113620e-02        -2.8487125960326969e-02         9.1331990346014144e-04         9.2078544036892973e-02         4.6257262666567309e-02        -1.2867191684258506e-02         4.2302089369007707e-02        -5.6259023849463984e-02
2                                      1.8185484244494607e-02        -7.2753600735345897e-02         2.5927155708079967e-02         6.0710992827507342e-03         3.9155381300615359e-03         5.4650071030541654e-02        -5.2899677183777222e-02        -1.5752841841486738e-02
3                                     -1.0982138528355610e-02         4.0073649674211677e-03        -3.4245602593728483e-02         2.6339245558944291e-02        -1.2787871323099219e-03        -4.4566721947994374e-02        -6.4273628101874050e-02        -3.7054936082462492e-02
4                                     -5.6807816889445993e-02         4.9729388613880272e-02         1.3722357125427692e-02         5.0625955742129358e-02        -4.8244323149919085e-03         3.6471726417484002e-02         1.2445057066867779e-02         2.3027147978198902e-02
5                                     -3.2132139805225828e-02         3.8754547295684311e-02         2.4782196340652322e-02         1.1453904061423823e-02        -2.5967277095485415e-03         9.4433263844480073e-02         4.0273230886667545e-02        -1.9041225551448904e-03
6                                      7.6960398231645921e-03         3.0413688617078851e-02         1.6941824743593369e-02        -1.7247334512014455e-02         5.1251481667446849e-02         6.7072308833459923e-02         2.6827837133414384e-02        -6.7571739227654352e-03
7                                      7.9302035768630236e-02        -4.2351709855341174e-02        -4.4193636980634048e-03        -7.6674408260670859e-02         4.0042795560505627e-02         1.2222906885591136e-02        -1.8700488583557118e-03        -1.8538419360871007e-02
8                                      2.5587118926280523e-02        -2.5572237255121987e-02        -2.3139694433237462e-02        -1.9556534159657281e-02         3.3813163401629737e-02        -1.0382437127920234e-01        -6.7174579669197695e-02        -2.4164647678513545e-02
9                                      2.8806949334110096e-02        -1.6213273159643328e-04         1.0226490763888452e-02        -3.9619582453563604e-02        -1.4811453780450493e-01         1.4004251523054304e-02        -6.1752783446733343e-03         1.8452175151046947e-02
10                                    -1.1959027995966884e-02         1.9294220634392439e-02        -1.1031228912957093e-03        -9.7831825923669069e-02        -1.6235478893549447e-02         8.6584469494771043e-04        -4.2476084310381357e-02         9.7258451010527228e-02
11                                     2.9278763327517329e-02         5.8631255544446599e-02        -2.4574388641872363e-02        -9.8488861775185132e-03         3.3908195616841524e-02        -7.5916337634885062e-02         9.7212394142811256e-02         4.8935038200555885e-02
12                                    -1.0298388031000838e-01        -1.5691311312810194e-02         3.3468160037837635e-03        -2.1953818897856518e-02        -8.3606514200952692e-02        -4.8597452904225624e-02         1.8861083430228263e-02        -6.9896385843299838e-02
13                                    -9.6276036345770881e-04         4.2068929294634766e-02        -2.2385257855155355e-02         8.8418202502817705e-02        -4.3990837351901478e-02        -5.7865192143681174e-02        -1.7794307229275157e-02         4.6214080849494153e-02
14                                     5.0359830962814503e-02        -3.7922688260894066e-02         1.8391730641212519e-02         5.4915639599243414e-02        -1.1668501220688204e-01         1.3786704730794149e-02         2.3061594035473421e-02         3.0945783485817641e-02
15                                    -2.8120324802362257e-03         2.9198881609278918e-02         1.2460292215806040e-01         2.4636567887691972e-05         6.9457622008424686e-04        -2.3288246275559532e-02        -1.3480721633100663e-03        -4.1675296185684883e-04
16                                    -2.0644621869625799e-03        -1.5636066090327475e-02        -6.8904403445435594e-02         1.7934219601434465e-04        -2.4678380029667435e-04         1.3829783258398575e-02         2.8193663768465078e-03         1.1897805328129978e-03
17                                    -6.8908376808606252e-03        -9.8166075841109451e-03        -6.5816200375497541e-02         1.9178995456378158e-03        -8.3227101405564758e-04         2.3888886990333973e-02         3.7404860974397615e-03        -7.3472297654372982e-04
18                                     2.0726199237270350e-02        -4.5728093526436080e-02        -1.2968170247220098e-01        -1.2020566032413540e-02        -3.3630585090317711e-03         3.3667520885367182e-02         3.6313327733956458e-02         3.1520094480206741e-02
19                                     9.5571325730082271e-03         1.3781943541444595e-02         7.2048786401740880e-02        -4.2798179264052659e-03         3.2940922398566499e-03        -2.0898726442154833e-02        -1.5622539074756931e-02        -1.4258237145983651e-02
20                                     2.1844151648280727e-02        -1.0505417371394561e-03         6.6329751795368347e-02        -6.9921028777000706e-03         3.0822392796044191e-03        -3.5987283520638090e-02         1.1341686983681562e-02         2.4106794911161224e-02
21                                     4.4455413389900215e-02         2.3731437538296644e-02        -8.8745792109870790e-03         7.1376894893693714e-03         4.8598608255897111e-02        -3.2380764712068454e-05         8.1109524603726994e-03         2.0718403942816977e-02
22                                    -3.3841226299326871e-02        -4.1278969065596360e-02         1.6686046758115244e-02        -4.4100203798351527e-03        -2.9132247685167981e-02         2.0827272286235092e-02         2.4353004624958319e-02        -5.1159927102097234e-02
23                                    -1.0815546964098813e-01        -1.7437326918371767e-02         7.7341374941528417e-05        -1.5324487764778249e-02         4.2079039319182034e-02         1.9903964592956309e-02        -4.1405973407483719e-02        -2.2693563507308567e-02
24                                     9.7339416827076520e-03        -1.3728455187946258e-02        -2.3276018245767180e-02        -5.4417653229036035e-03        -5.8755245501771402e-04         2.5983421825157790e-03         1.1148543192532733e-02         1.0711018879429206e-02
25                                    -3.1874493304478821e-02         2.6610906078539168e-02         1.4678109312002217e-02         1.2947191947884308e-02         1.7365653018978249e-03         6.5128366232073296e-03        -2.8246069412241011e-02        -3.2286886845904694e-02
26                                     6.1026917235675994e-03        -5.7865632642106609e-03        -5.0961152535221529e-03        -2.3149595052658761e-03        -1.4804162914072378e-03        -1.0926993410194611e-03         7.7945439903676153e-03         1.0405039291499345e-02
27                                    -8.5404945796662732e-02         2.9112573099952066e-01        -1.1261180213255423e-01         6.1257223841692222e-02         9.4187322998345008e-02        -2.1236302500425233e-01         2.1362509500037702e-01         9.8270918601192567e-03
28                                    -1.3686977475396603e-01         1.5213918187931660e-01        -4.8477251440682621e-02        -1.4618517428766886e-01         3.9107813843610659e-02        -5.8444471452397687e-02        -2.8719078673836284e-03         1.0851315112411498e-01
29                                     1.6152129919276221e-03         5.2380240619252824e-02        -1.8419244561699667e-02         1.6585566792436533e-02         4.3300715616094165e-03        -3.1073854171500898e-02         3.2812399841336465e-02        -4.3438984117980554e-03
30                                    -1.2029012845035147e-01        -1.6686558514789213e-01         5.8882121233165087e-02        -1.1908279159466473e-01         1.2395051800783638e-01         1.4988476023650835e-01        -1.8598445418892412e-01         3.0771566842009285e-02
31                                    -1.2895298541745742e-01        -1.8361540590661146e-03         4.0796113152030081e-03        -1.4359477785416450e-01         7.2407215045694764e-02         2.9874923038709367e-02        -7.0312074382433629e-02         8.2396727675473763e-02
32                                    -4.1841294375951105e-02         1.3264944305347720e-01        -4.4410494846190043e-02        -6.1039234349770641e-02        -6.0551746800393460e-03        -7.9108131476616078e-02         5.5497282997195085e-02         7.0555852039976663e-02
33                                     1.9627533203256894e-01        -1.8596101288863434e-01         3.6780129802531140e-02         3.9436541472938502e-01         1.2506888212130851e-01         3.3708939828981542e-03         1.1141712063465502e-01        -2.0982771433422936e-01
34                                     3.7412913912019979e-02        -1.0518964296647898e-01         2.7845947725199098e-02         9.9310525950722289e-02         5.8935107914675343e-02         4.4915841610462859e-02        -1.8606320115381079e-02        -7.0071681161442287e-02
35                                    -2.8067897095975080e-03         1.2426099071905727e-01        -4.4988436422586923e-02         1.4913262768211142e-02        -1.5752122517637222e-02        -1.0184833964812964e-01         1.1606661081325613e-01         1.3034455386572229e-02
36                                     2.1038762571596609e-01        -1.7979616873560311e-01         2.3303183297787872e-02        -1.3930142288567884e-01         2.8618929902550723e-02        -3.1155723728747781e-01        -2.2711827086140168e-01        -1.5206051960665545e-01
37                                     1.6723811156001694e-01        -7.6638981053760533e-02        -1.9629238907140776e-02        -1.1439485452614429e-01         9.3139861777816017e-03         1.3081716351363706e-01         1.5596874831182067e-01         6.0890384739419906e-02
38                                    -4.8862362769549257e-02         4.8066806497633681e-02         2.3514410257162031e-02         2.3959294872671587e-02        -4.0256547617512463e-03         9.3249127974182597e-02         3.4437263635579342e-02        -2.7166497141495522e-03
39                                     2.0876272121013506e-01        -6.3775262583274150e-02         2.3126080757172246e-01        -1.3310147440512782e-01         1.7449059560479885e-01        -7.1015769619583932e-03         2.1454395080831920e-01         2.3021892123459872e-01
40                                    -1.3785582404419020e-02        -1.6525411014286132e-02        -7.9351642560247126e-02         2.9242700057866614e-02         4.4525504976224407e-02        -1.8055927260639618e-01        -1.1955137753318971e-01         6.4127804041386356e-03
41                                    -1.9994915252461738e-03        -1.5624972835245013e-02        -5.4897078143379768e-02         4.9030188839217243e-03         2.4479541902049980e-02        -1.2516517558260587e-01        -1.0220911705542343e-01        -4.0647051570934636e-02
42                                     6.5357278767080418e-02         2.2150626304010831e-01         6.7130669135082907e-02         1.6267671954377297e-01         1.2719724223466841e-01         3.0297528302529636e-01        -1.8157263035128135e-01        -1.4146666765676252e-02
43                                     1.0091887064394796e-01        -3.7436911820483448e-02         4.0573454724042125e-03        -8.3550090695733076e-02         4.1205202142737415e-02         6.2063131640468706e-02         9.7852183321079558e-03        -1.3423381390132551e-02
44                                     1.3252075258517113e-01        -7.0135887315860429e-02         2.2291152987508878e-02        -1.1487030247759406e-01         1.3710147541606165e-02         1.0139097177464755e-01         5.5691769889129501e-02        -7.7474248082836381e-04
45                                     1.5914351179973496e-01         1.6263498370510308e-02         1.5629815409122380e-02         4.3094081037415313e-02        -2.3004090061294241e-01         6.9524836936219234e-02        -1.0509416022175726e-01         8.8755502927529081e-03
46                                     2.5120365324560613e-02         8.8522152000681129e-02        -1.8581020015012936e-02        -9.3235769808778568e-02        -3.1054691076598973e-02         3.4404723611169107e-02        -1.2820182115115711e-01         7.2238137261986982e-02
47                                     3.0709846297204219e-01         4.9745510193473896e-01        -1.3438361833312215e-01         5.8826022373850241e-02        -1.2284037741208365e-02         1.5072569254187992e-01        -4.3692323338154748e-01        -1.4502442896114962e-01
48                                    -1.1524308777974976e-01        -1.4470953697032393e-01         2.7756914074770735e-02         3.5429703371712590e-01        -5.0757834411339929e-02        -2.5080059635255531e-02        -1.7427034937431884e-01         4.3886417893051183e-01
49                                     3.2152360498695571e-04         1.7531429476821792e-01        -4.1225276846092319e-02        -1.0008436492244195e-01        -7.5355787079406961e-02        -3.5679862474325315e-02         1.0681248157419226e-01        -2.8792880827289241e-01
50                                     3.9828102945559253e-02         1.4905972774394466e-01        -7.8297683409012768e-03        -1.2998786763745238e-01        -1.3879297590894460e-01         7.0057651607016685e-02         1.7238181686277784e-01        -3.6475903487381062e-01
                                                        32                          33                          34                          35                          36                          37                          38                          39

0                                      7.4134966357803237e-03        -1.3475296813490690e-03         4.5257749256735333e-03        -9.7060890666934956e-03        -3.2425185341225023e-02        -1.0773832486940674e-01        -1.3405938008085969e-02        -1.3533294673374847e-02
1                                      1.1408961392153730e-02         1.5561743402834499e-03         8.3042917749651841e-03        -1.8042040971933224e-02        -5.3018171406543378e-02        -4.2981031688521402e-02         9.9166755434507083e-04         6.0885224326845599e-03
2                                      2.2834327848316707e-02        -1.8363556639884591e-03         2.6167290462069076e-03        -8.8860932633067855e-03         8.5958102379212076e-03         4.6124256426166473e-03        -7.4381188937290479e-04        -3.7094045772075247e-03
3                                     -6.9789130040206898e-02        -6.2446475256772872e-03         3.6390892640018359e-02         1.1702370654338053e-02        -4.3680074657578699e-03         9.4205828209110200e-03        -1.4481294221819663e-01        -1.0307985577864015e-01
4                                      2.2015624291649243e-03         1.7169096473401523e-04        -4.1068985631571103e-02        -1.6435837120148872e-02        -1.8022818284167007e-03        -2.9337525694369490e-03         7.8304222993845429e-02         4.4258213824723572e-02
5                                     -2.9400387237965821e-02         1.3669094757574379e-01         3.8279437241007554e-02         2.3066179471539824e-02        -1.8470952479169925e-03         3.6366388742958307e-04        -3.0624252161196495e-02        -1.5943779880900372e-02
6                                      1.1111841747956463e-02        -2.7115944046227088e-02         1.2080483714746064e-01         7.0968336819934197e-02         2.3744579608991390e-02        -2.4492099462389966e-02         6.0808272593288137e-02         4.6627132736557296e-02
7                                     -3.1939791358826568e-02        -1.9772731371351614e-02         1.4004723145084089e-02         1.6452661263605586e-02        -1.4998434233919958e-02         1.0135862022896781e-02         1.9331514141412879e-02        -6.1821731383401468e-02
8                                     -6.3775557943442744e-03        -2.4420533123332054e-02        -2.4274248444466538e-02        -1.5223679978801485e-02         1.5294320772682220e-02        -1.0683597875638245e-02         3.5667943072521746e-02        -4.2938191877973354e-02
9                                     -2.8037564112499583e-02        -3.3710970591635564e-03        -1.8894943944735856e-02         2.4121748674139173e-02        -7.1551594543087391e-02         3.2214610543976036e-02         3.0125979292717920e-02         2.2794907544656861e-02
10                                    -2.0355128770681418e-02        -3.2159132186519485e-04         3.6411488690350477e-02        -6.1287868933173811e-02         1.6719700808539555e-02         8.5254911933690548e-03        -6.5225072416728903e-03        -4.7971825525208421e-03
11                                    -6.7813109209378816e-02        -4.6468820799916563e-03        -3.9964912916214809e-03         3.2430494908502611e-02        -1.5326976855701644e-03        -4.6996994556276666e-03         2.0288602370260398e-03         1.1632647959233255e-03
12                                     5.5770299937158541e-02         1.7047639373255701e-02        -2.6762092404617445e-02        -4.9184803156120734e-02        -3.4733049815770994e-02         4.0166774879418984e-02        -2.1093575329390206e-02        -1.0434575755635750e-02
13                                     6.4643840002193573e-02         3.4648534155304785e-02        -5.0114909795482571e-03         5.5881144794079435e-02        -1.6808526387883042e-02         9.6616117233780721e-04        -1.6161183803046649e-03        -3.2957015872648304e-03
14                                    -3.3280585801779797e-02        -4.3807495930900048e-03         6.1905963035191663e-02        -4.3313221934682129e-02        -1.7716847302365835e-02         2.6658628591635800e-02        -3.9388348998566419e-03        -1.4536899357278442e-02
15                                     1.0201813874924590e-02        -1.3552319785429791e-02         6.6224221659698171e-03         3.2015495871049963e-03         4.7305923744679260e-04        -1.5680696644367637e-03         1.3532712232932061e-02         1.2960568975916735e-02
16                                    -2.3468288747140057e-03         4.4142885511895633e-03        -4.1565058590220519e-03        -1.7413273712101329e-03        -3.6038262187763670e-05         5.5231252056363962e-04        -3.9249741304867840e-03        -5.5195651087492281e-03
17                                    -1.0356444735260106e-02         2.6592408508069782e-02        -1.0050096416591350e-03        -1.2812451269528986e-04         1.5455951882480414e-05         2.4185046313275786e-04        -2.2014645925492889e-03        -3.1806362984716347e-03
18                                     3.9764122928218272e-02        -1.7388808492413522e-02        -4.5581437022722167e-02        -1.8436770971510769e-02        -6.0248857113467762e-04        -4.5171019895704314e-04         4.2811229855162801e-02         2.0432508946481638e-02
19                                    -1.4216886977729043e-02         2.8676476230474028e-03         2.2181438888408803e-02         8.7801488980572724e-03         5.4832251546089983e-04         1.5516264106916182e-04        -2.1169239574369569e-02        -9.3717749360534373e-03
20                                     5.6295811184267394e-02        -1.0957643802182995e-01        -2.7383745274096222e-02        -1.2576164877522576e-02        -4.3365510082051309e-04        -1.7876413318095906e-04         2.2024410918947256e-02         1.2543774143643681e-02
21                                    -6.1883212214001839e-03        -3.4405783697513009e-04         2.5495855474081008e-02        -2.0085238864641045e-02         1.0973568621980217e-02        -1.9741186212868271e-03        -3.4932406178153933e-03        -2.7621824995308188e-03
22                                    -1.5823086836962135e-02        -1.0039162680457691e-02        -2.7382786870496358e-02         2.0846800596008786e-02         1.8824591845168038e-02        -1.4356644417162697e-02         2.5461116897503109e-03         3.4443046377423733e-03
23                                     2.8285434827111062e-02        -1.1390497505409634e-03        -3.5557107824684651e-02         4.6847874504924877e-02        -2.3751275978653692e-02         5.4425238351695658e-03         4.8587543749641394e-03         6.0575827418059636e-03
24                                     1.8544416869469102e-02        -1.8940393621899924e-02        -1.2015329735935644e-02        -5.1198291379058666e-03         4.0904960340081920e-04        -9.2833586647071112e-04         1.6356371403232508e-02         1.1433680221345539e-02
25                                    -5.6469619258168451e-02         6.5814333267593880e-02         3.4999651300966605e-02         1.5075294391569865e-02        -6.2621715401563150e-04         2.3394566953072620e-03        -4.4496401198029466e-02        -3.2694328720540601e-02
26                                     1.6349008686448504e-02        -1.6835014755992965e-02        -9.5620404349444372e-03        -3.9019179136694968e-03        -4.1954346937036981e-04        -4.2796765671902233e-04         1.3201576456703569e-02         1.0039283202455762e-02
27                                    -5.8791887735199312e-02         8.0512797851204371e-03        -1.1670116820821010e-02         5.7145746678002381e-02         1.6192891068823026e-01         3.3452811647467162e-01         3.1420251474552074e-02         4.5532816734368625e-02
28                                    -3.0691389468973165e-02         1.6092439419920304e-03         4.8789197872997556e-03         1.3901230388632939e-02         2.2199323168874652e-01         2.3730080425913250e-01        -2.7408476920097052e-02        -9.0250392789393022e-02
29                                    -6.1587621828168484e-03         1.4850071594997238e-03        -2.8836173243905567e-03         1.6230578962578422e-02         7.9769974792652923e-02         1.6806911142233430e-01         1.5495913555249118e-02         1.7007086144715342e-02
30                                     5.8113027916657255e-02        -1.5237309482968489e-03         2.0923694390249967e-03         1.2934118018057736e-02         2.0860409422271717e-01         2.5669998139961070e-01         2.0863177897373981e-02         4.7527681975641493e-02
31                                    -4.0020289161548416e-03         1.0443611792962774e-03         5.5047396122580774e-03         1.7616965320147566e-02         2.0795197530710324e-01         2.6477571967642999e-01         1.2845118667026943e-02         3.1474600824456411e-02
32                                    -5.0757842640456151e-02        -1.8084784082914786e-03         9.5757077654744032e-04         5.1383174833470003e-03        -1.1445731475106089e-02        -1.0420994570709052e-01        -2.5734331575319975e-02        -4.2675059194323239e-02
33                                     5.6148191734099170e-02         9.9407660605717145e-03         1.9168522245623303e-02        -1.2703172357689814e-02         2.1117658340338766e-01         4.6132448563080830e-01         2.1662138632142017e-02         6.8469785810412014e-03
34                                     4.0884321089000315e-02         1.3569203403429654e-03         1.5584122741550995e-02        -3.1875842171644748e-02         1.0916305805253280e-02         3.8408941267097214e-02        -5.7830452642908215e-03        -2.3860980045760059e-02
35                                    -5.0416009924952238e-02         9.7973620314261442e-04        -1.0792237134597808e-02         2.4123324165792853e-02        -1.1022246026961167e-01        -1.3337832249821752e-01         1.7656523456354302e-02         7.2506669112212985e-02
36                                    -2.0934525953140123e-01         4.8036612051070238e-01         8.6157342452619513e-03        -2.4920652138779188e-03         3.2445765302934346e-02        -3.7195284317881584e-02         3.5543684650653695e-01         2.4984739890576591e-01
37                                     1.4975291965512164e-01        -1.8771867727280403e-01         4.0000734088715413e-02         2.7297651105386365e-02        -1.2092047685974808e-02         1.7546260916109543e-02        -2.0579167872888279e-01        -1.0510484617540811e-01
38                                    -3.9729705534271208e-02         1.6673836753280924e-01         3.4261828304462394e-02         2.1453482790590828e-02        -4.5099841122994293e-04        -2.2429006118042422e-03        -1.9903278418027474e-03         2.5967661799453398e-03
39                                     2.9646436119218988e-01         4.1751462101237363e-01        -4.4568428619533895e-01        -1.3788873742361940e-01        -2.3380146181610894e-02         1.6494206526118483e-02        -1.9720463162376270e-01        -1.5227369308028540e-01
40                                     1.2397960317250325e-02        -3.9312369782354348e-02        -8.9044808659479807e-02        -1.9166410891434782e-02         6.4424035383836512e-03        -2.8568623172749307e-03        -3.6521753134535984e-01         5.7677676479965700e-01
41                                    -2.8440820191684622e-02        -6.5864156708816624e-02         1.0970063368049645e-02        -3.1021741818455855e-03         2.3753767861333652e-02        -1.6635937749643118e-02        -5.5360047673115578e-03         7.5599509293337849e-02
42                                    -5.1534756737549048e-01        -1.6830506596780648e-01        -4.7804033240545452e-01        -2.1792362898930981e-01        -1.5448813539672898e-01         1.0735778486361980e-01         3.9166135114059746e-02         3.2851839713461395e-02
43                                    -5.9528665800575906e-02        -2.5591179818889236e-02        -3.4975791243990455e-03         1.4106102900512969e-02        -2.9301548501528666e-02         2.1396129341368818e-02        -6.8339656591857645e-02         5.1237024944207808e-02
44                                    -4.1883146227520804e-02         4.4467585752753705e-04         5.8512207204317525e-02         3.6051533472556060e-02        -2.0573061374597291e-02         2.1517084458320668e-02        -4.1103266809255734e-01         5.0171225398440944e-01
45                                    -4.1174403689282574e-02        -3.2014363191232749e-02        -3.4439304273748755e-01         5.7687472600116962e-01         4.5214112297566761e-01        -2.4790582573626263e-01        -6.4562603767865351e-02        -5.9557835671577151e-02
46                                     5.9424347592421524e-02         1.4944032222823955e-02         6.5278048881555334e-02        -1.1053068625163734e-01        -1.9153990741891263e-02         3.4020284755457431e-02        -1.9139746530384455e-03        -2.2154161675310034e-03
47                                     4.1045086716639451e-01         7.1417388843801999e-02         5.0268252374952527e-02        -6.3442191060518974e-02        -7.5674410801307768e-02         3.7964373127911046e-02        -4.1214562017778001e-03         4.8974948785233279e-04
48                                    -1.9061831857645862e-02         5.2075436290275827e-02         9.2627630224815891e-02        -2.8099942025920011e-01         3.6098058478868250e-01        -2.2609480365352486e-01        -8.8993607817403498e-03         1.8265753445607179e-02
49                                     9.2951974253480604e-02         1.7604172056246228e-02        -7.5790198355098815e-02        -8.9818179178515534e-02         1.3995209084238772e-01        -8.3060241220570430e-02        -1.4245188530521884e-02         9.4896738648646509e-03
50                                    -2.8679921356147851e-02        -2.9679996887185527e-02        -4.8735572305934139e-03        -4.3236859177484088e-01         4.6559462075716995e-01        -2.5168731238971942e-01        -1.8165088857100570e-02         2.3140048553329483e-02
                                                        40                          41                          42                          43                          44                          45                          46                          47

0                                      4.5844358930818584e-02         1.0287075064024541e-02        -2.6014473910673731e-02         9.3683769178391611e-05         4.3932188424248328e-02        -3.1959778845793248e-04        -3.7467609986568560e-04        -6.3586384041826741e-03
1                                     -2.9207657049925173e-02        -1.7402072569971047e-02        -7.9214781648688191e-03        -6.4519159774961148e-05         2.0701806178304499e-02        -4.1493802215705164e-04         1.7660267888562717e-03         1.9961536919434971e-02
2                                      1.7277214683179658e-02        -4.5936482533108308e-02         1.2448727934424562e-03        -5.0212206013018681e-06        -9.5693112489511818e-04        -4.9332665896048772e-05        -1.6013760818779819e-04        -4.2747391694188215e-03
3                                     -3.4325754340807757e-02        -3.4008367163357481e-03         2.6879476292570679e-02        -5.8228875666328783e-04         3.7093062762738880e-05        -1.7592634770732221e-04        -1.1454964173388071e-03         1.9949717765488747e-04
4                                      1.7107230784650155e-02         1.7879021124641355e-03        -1.3933026344966050e-02         6.7583459836007833e-04         7.3027032586220400e-06         2.3316847864886960e-04         1.0705437937213603e-03        -2.3668406692743052e-05
5                                     -4.0587337431692242e-03        -7.5243804799048465e-04         1.7107481505287724e-03         2.8426853133736707e-04         1.3404317952044019e-05         1.0924226859120301e-03         3.3886103534506084e-03        -1.3417945564119749e-04
6                                      4.4228888245877607e-03        -1.5718140409039230e-03         1.3003471745932185e-02        -7.5260968488487733e-04         3.8289563895244605e-05        -8.1942716014464945e-04        -7.1138242906772587e-03         1.0335985681178585e-03
7                                     -9.1436240480940473e-03         9.8613127496184334e-04         8.0646271440098377e-04         6.9766531891136588e-02        -2.7680949286890100e-04         5.3465535610234607e-03         3.2617631112167055e-02        -3.0588084292183172e-03
8                                     -1.3532771421940707e-02        -1.5427395683995945e-03         1.8255376408670823e-02         1.0771684276358206e-02         3.3331654929017414e-05        -2.1633167873129820e-02        -7.5720852785130341e-02         6.5945157994244637e-03
9                                     -4.5378087053661406e-02        -1.1656568014965436e-02         1.5733607720084622e-01        -2.0898902379076461e-04        -1.5315790719556241e-03        -2.2898054464122256e-03         1.1706067356497044e-04        -5.0420298851156162e-03
10                                    -6.1398492531415418e-03        -3.0093810484137676e-03        -5.2789984249037351e-02         1.0751288529966116e-04         1.8211523782241334e-03         7.8168351588575394e-03        -9.2127374852120410e-03        -7.7346801188808142e-02
11                                     5.7109449714912927e-03        -2.3147656826719681e-02         1.4172616767842306e-02        -1.6229870900517867e-05        -2.5442586397945711e-04        -1.0280426029375571e-03         1.5259943615667105e-03         1.3632581318794650e-02
12                                     3.9309020558789730e-02         1.1297323534202246e-02        -1.0464506165023822e-01        -1.7723475965489021e-03        -3.0592028012387716e-04        -1.6122358119053409e-02         4.7721671236217733e-03        -3.4274367799646140e-03
13                                    -6.1690537798645299e-05        -2.5143268417545418e-03         1.3086907934198694e-02        -3.6871423396448726e-03        -3.9949497475052652e-04        -6.8003062647959717e-02         1.8774008782478209e-02        -7.2554429475149736e-03
14                                     3.7641678211993164e-02         1.0496143194902751e-02        -1.0868332341191361e-01         1.4017190900986892e-03         4.6442429864195308e-04         3.5188980574932867e-02        -9.8249815585572785e-03         1.4211039474090279e-03
15                                     3.7437279382489335e-03         2.3569266669873744e-04        -2.1786190050539071e-03        -9.6983167514954060e-05         3.7683693826942946e-05        -8.5804099875414600e-05         1.7286220314792386e-04        -1.6139150646477503e-05
16                                    -1.5171335330830603e-03        -5.9157517737442107e-05         8.3215455699684414e-04         1.5158136670652465e-04        -1.3664284133632843e-05         4.4557067327852725e-05        -9.4930902324621462e-05         2.8130117780385203e-05
17                                    -6.9201186659002259e-04        -2.8059481024274127e-05         6.5493613443591867e-05         2.2372755758211636e-05        -3.4272978775435653e-05         6.4423955136820753e-05        -8.8605632914929108e-05        -2.0198242318284114e-06
18                                     8.3231033669894528e-03         1.1362793510910935e-03        -7.5072786782415524e-03         7.2549176530537342e-04        -5.0080819297222447e-05         2.3597086296329682e-05        -6.1082195948289044e-05        -3.4815257564646000e-06
19                                    -4.0713857048371568e-03        -5.5767456052478292e-04         3.7552326924738160e-03        -1.8266283487763197e-04         4.1709651167013302e-06        -1.8462639497310487e-05         9.6880349737240464e-05         5.0211258591096433e-06
20                                     3.8221019314210285e-03         6.2822266019600106e-04        -2.1801728319994773e-03         4.3408328826451110e-04        -7.4134073998523323e-06        -1.5771953653080296e-06         1.1294576444561726e-04        -1.3578586067855258e-06
21                                     9.7253564111606516e-03         2.7012558706775115e-03        -2.5943154947797583e-02         4.2768780585056615e-05        -1.4478374664048376e-05         1.3150044024466602e-03        -3.9873770804396238e-05         1.1029579861282209e-03
22                                    -6.7772375876028303e-03        -2.7869501591713195e-04         2.3609231728029260e-02        -3.1736801325327290e-05        -6.9489692176420508e-05         3.9237300771065589e-05         7.0171000147855296e-05         2.9419677584131750e-04
23                                    -1.6583600226109288e-02        -1.2146215665379378e-03         5.0679213610476732e-02         5.8407126601233198e-05        -4.1820593808623051e-05         3.8395824518039850e-04         4.2955584366871473e-04         7.4024349174190340e-04
24                                     3.5201776396496494e-03         3.6707171607012063e-04        -2.3485367209751607e-03        -2.9604283273709775e-04         2.9098686407226551e-05        -2.8957600731198798e-05        -7.5340216777206234e-06         3.6360638585397083e-05
25                                    -1.0263114207530734e-02        -1.0392871674361731e-03         6.9146901765869094e-03         7.4471381632716226e-04        -5.9037304856876082e-05         1.5728241539857062e-04         1.4264430733334535e-05        -1.0410075923235416e-05
26                                     3.3492186013158944e-03         4.1672675678329962e-04        -2.3839842654461334e-03        -1.7908699655746972e-04        -3.6787114105264095e-05        -9.8331811846605896e-05        -5.4778684987707224e-06        -4.2832199533707813e-05
27                                    -2.3189623813730875e-01        -3.7759177420409995e-01        -1.0077890448480983e-01         3.2087513317726452e-05        -1.9013130138118903e-01         3.3445752731983357e-03        -1.6596216928268452e-03        -1.4113644534387095e-02
28                                     5.6725319365484028e-01        -1.3725948199274153e-02         1.8614083905903372e-01         1.5578660148510146e-04        -8.8706409422505388e-03        -2.5722502847976415e-04         2.6521148396517648e-04         1.9074374346909021e-03
29                                    -7.7143506939570866e-02        -1.7276843616434437e-01        -2.1542439473824330e-02         5.8909630859492728e-04         5.3476347529242607e-01        -3.0277476941084386e-03         1.6532725350753804e-03         2.4990498898178545e-02
30                                    -3.1935549941231334e-01        -7.1539998621802839e-02        -1.6241949227900881e-01        -1.8805632973496167e-04        -3.4520969469091012e-01         3.8813354935560962e-03         5.4282295367529872e-03         9.5129353505095271e-02
31                                    -1.8320347905842843e-01         4.5529168658081165e-01        -4.1252622007996710e-02         5.8485665660238512e-04         3.0105858346304154e-01        -1.5564472594166614e-03        -5.3607815313916228e-03        -8.2493038969990620e-02
32                                     2.4958674838854225e-01         4.9314468468456202e-01         1.1289247379908712e-01        -4.2898646422045766e-04        -3.2038543574640399e-01         1.9899711280397946e-03         5.9189641477382622e-03         9.0693779563633073e-02
33                                     9.1547699847972855e-02         3.3921797476576399e-01         1.5045490447024198e-01        -3.3406983903959354e-04         2.9197130483916076e-02         6.5863642420759395e-04         5.2642521979635512e-04         8.7640480791314080e-03
34                                     1.5918769119409903e-01        -1.6977860016556376e-01         4.8062845734604093e-02        -9.0347186651634141e-04        -5.3447908660963328e-01         8.0652794656043292e-03        -1.5846263590589285e-02        -1.5050167021238406e-01
35                                    -4.4928801445514799e-01         4.1846156057706074e-01        -1.2795650909865391e-01        -3.4452174070385446e-04        -2.0487532425719668e-01         3.6234564503495048e-03        -6.4158712878455539e-03        -6.0567051397435331e-02
36                                     7.9574346747032509e-02         5.2367141601165589e-03        -5.9756431416534209e-02        -1.5220662724581028e-03        -3.4186117971025399e-05        -1.6504632372738959e-04        -1.7131942639382238e-03        -3.0221671679745582e-04
37                                    -3.8105561097913306e-02        -2.9599193356875022e-03         2.7381557677985023e-02         3.2911189690645209e-04         5.0385479864220855e-05        -1.1665860938679367e-03        -1.4252705878178508e-03        -1.1443079866718648e-04
38                                     2.5939929183430299e-03        -3.5442011594148833e-04        -3.6016469254893544e-03        -8.6696008789878022e-03         7.0224054708456734e-04        -1.4946538653717190e-02        -4.0228200775193595e-02         1.6060998083743051e-03
39                                    -5.9482875547576843e-02        -6.9044912845497436e-03         6.9743673430523928e-02        -2.6642758237791653e-02         2.0444069598698860e-05         1.7637721541548378e-02         7.6413728305733231e-02        -7.2363838175769852e-03
40                                     6.1425847051097666e-02        -6.9267245643207971e-03         2.3473182513461477e-02         5.7470166401781098e-02        -2.9804444844975649e-05        -3.9934474303305212e-02        -1.2570255148594678e-01         1.1756097378133280e-02
41                                     2.4246046324342858e-03        -2.5928942811028742e-03         1.7947520956035627e-02        -2.9728021171146968e-01        -2.4321805226320070e-04         2.5449541345040055e-01         8.5368835187738501e-01        -7.5105618653691475e-02
42                                     4.5873964712642927e-02         1.2861580021270237e-02        -8.0448591658610319e-02         4.4815745199361864e-02        -3.2176931194747145e-04         3.7963598051487342e-03         1.2466995963998915e-02         1.2109199748528328e-03
43                                     8.0714986183426114e-03         9.7123201688394730e-04        -7.6611321677063447e-03        -8.9750697609443986e-01         1.7401837176204639e-03        -2.5186947583197658e-02        -2.8041909570334139e-01         2.6892248681223353e-02
44                                     5.9943460879588045e-02        -4.4028870974678665e-03        -7.1867123624106072e-03         1.7180823786439481e-01        -4.3551134242838542e-04         2.3039563535875748e-03         4.3829900370796329e-02        -2.8436105473770980e-03
45                                     5.2802944056248836e-02         1.0856930794157017e-02        -2.7232431039131372e-01         1.5961652574173748e-03         9.0327340076214277e-04        -7.3161430093863569e-03         6.7030891057649243e-03         4.4973207695314127e-02
46                                    -1.5235696035849159e-02         2.7923185553038231e-03        -4.1495527237041356e-02        -2.7248698127192760e-03        -2.5281484669438772e-02        -7.5879739012091330e-02         1.0169809025404884e-01         9.0481237935774073e-01
47                                    -4.1575181666285519e-03         2.9175453966694694e-02        -1.4018978629613094e-02         2.5176642110680391e-03         3.5820653989018635e-03         7.2974528748788259e-03        -1.4483279512850356e-02        -1.4945811081171131e-01
48                                    -1.2610726892173210e-01        -3.6198687781384971e-02         2.3028163996035575e-01         1.0283337605259421e-02         3.4887210835962928e-03         1.9336896996393735e-01        -5.4677966654228347e-02         1.6337306927911022e-02
49                                    -2.5828072386116604e-02        -1.0289269555899913e-02         7.4789313673158553e-02         4.6901907194746184e-02         6.7198836173983307e-03         7.9033952725186851e-01        -2.1075802901128962e-01         8.9523135910036369e-02
50                                    -8.6605320192284771e-02        -2.5863002585321666e-02         1.4844831425727362e-01        -2.4372854650839951e-02        -3.4027637092766826e-03        -4.2043528503618627e-01         1.1152173552796350e-01        -4.6386386277805600e-02
                                                        48                          49                          50

0                                     -1.6912014855380492e-02        -3.2287577982254519e-02         4.1816196676219128e-05
1                                      3.1689974894838012e-02         7.1274055576804676e-02        -2.5748943752034795e-05
2                                     -8.0014958843871622e-02         3.8007195651178965e-02         5.7448176943811433e-05
3                                     -2.5589957241568863e-05        -2.8229214033375479e-05        -2.1558189263489709e-03
4                                      1.0363343273173310e-06        -1.0245234135749477e-05         6.9586553990869668e-03
5                                      4.9541908169673624e-05        -3.1076270415955075e-05         8.1948823172594359e-02
6                                     -9.0115623323450540e-05        -8.5451251594848747e-05         1.9094963442838396e-03
7                                      1.0201636055290186e-04         2.8796334647302320e-06        -2.8509818500482955e-03
8                                     -1.9731469501927735e-04        -1.1915580164515445e-05         1.7090916393757499e-03
9                                      7.2943286865348662e-04         4.3045576018695884e-04        -2.7201529847022393e-05
10                                     1.1824998853027796e-02         1.6087450261586884e-02         9.9266542167110518e-05
11                                    -2.8819381419572365e-03        -2.3244563360184348e-03         1.0566911050172642e-04
12                                     8.6625579266155263e-04         7.1702947678016547e-04        -1.3474217024372944e-04
13                                     7.9800537883996912e-04         7.3109083098091070e-04         6.1523435483283465e-04
14                                     1.1370314035760638e-04         1.2857635483813569e-04         4.3962690552382116e-04
15                                    -8.0092204708358634e-06        -9.8240436075294623e-06        -1.1829265109996553e-03
16                                     8.2297604332451037e-06         1.1452096484914157e-05         3.9154343341574557e-04
17                                     8.0034113837353870e-07        -1.6072159872212846e-07         7.2358235593884389e-04
18                                     1.9924309624615675e-05         2.1414811293340775e-05         1.0900436155401648e-03
19                                    -3.7088544922588298e-06        -1.9366724156650911e-05        -4.8482598631936286e-04
20                                    -1.6847986898760762e-06        -7.3985725060529614e-07        -1.3280461838766407e-03
21                                    -5.1153774028362363e-04        -1.2415912693096161e-05         2.5414277211366056e-04
22                                     4.9690640723852982e-05        -3.8340009266160440e-04        -2.7461553643165852e-05
23                                     8.1589456617551490e-05        -3.6311166598663113e-04        -2.0346906607017520e-04
24                                    -1.1261465004476023e-05        -1.0205477550766380e-05        -1.9116881538966794e-03
25                                     3.4007186659636900e-05         3.2795692178184344e-05         5.0145788762822182e-03
26                                    -3.9692466495510968e-06        -5.4069791489294000e-05        -1.6385319717447293e-03
27                                    -2.3105622490018723e-01         1.4397825362359820e-01         2.1799281067198643e-04
28                                    -4.0442650274489554e-03         2.0916859143733143e-02        -3.5692401336810244e-05
29                                     6.0173192177076640e-01        -4.0080167924228899e-01        -2.8470200611727337e-04
30                                     4.3245939758414276e-01         2.1571365327197650e-01        -8.4253802161546624e-04
31                                    -3.6458101997580877e-01        -1.7468969243224433e-01         4.9230909679211774e-04
32                                     3.7846650160551792e-01         2.0786039083167657e-01        -6.0033858655420241e-04
33                                    -2.6508296970634017e-03         2.5154067432189987e-02        -5.4777632834542846e-05
34                                    -1.1759380577961142e-02        -7.0257588731014275e-01        -2.2554987135339272e-04
35                                    -2.3496974361513767e-02        -2.6478036116521964e-01        -1.1969380568051977e-04
36                                     7.2188325979207285e-05         1.4236026591290054e-04         8.3777846867467715e-03
37                                    -1.4079280213100667e-07         7.7639498440271431e-05        -7.9036415469090932e-02
38                                    -9.1260271562471843e-04         2.4836469044224423e-04        -9.5014264390639058e-01
39                                     4.3457456569499689e-04        -6.2147029003986428e-05         1.6197407620297251e-03
40                                    -4.6679270788248543e-04        -2.2535857324395054e-04         3.9909070708935915e-03
41                                     2.6830514245293050e-03         2.8300480276535728e-04        -3.9626947112488896e-02
42                                    -4.5122821683212780e-04        -6.7821289626272341e-04        -4.3187932807282978e-03
43                                    -1.3874160840450054e-03        -1.4027004295120014e-04         1.9821253426703340e-02
44                                    -3.7294349893930675e-05        -2.0436748479255739e-04        -8.0353843918611328e-04
45                                    -6.8010008718100449e-03        -1.0796261224254346e-02        -9.4761475550576602e-05
46                                    -1.3602647758590825e-01        -1.7628679051250143e-01        -1.5307002797564754e-03
47                                     2.2639580249942812e-02         3.1169767291477218e-02         4.0852846533592568e-04
48                                    -1.8252361806172932e-04        -1.0186195427182260e-03        -1.1859803197176082e-03
49                                    -1.1875943744485142e-02        -1.0493289665211455e-02        -3.7268826587785924e-03
50                                     5.8272468736672517e-03         5.8528533512572879e-03         1.6088029411054840e-03
$End
$Geometry
   &GeometryIndex 2
   &NAtoms [&Type "Integer"] 17
   &NCorelessECP [&Type "Integer"] 0
   &NGhostAtoms [&Type "Integer"] 0
   &CartesianCoordinates [&Type "Coordinates", &Dim(17,4), &Units "Bohr"] 
              C     -5.544418256175    0.015141342071   -1.425231307468
              C      3.733743403754    0.214274620895   -0.336114706685
              C      1.462046588437    1.289988177650    0.917499460337
              C     -2.923081660625    1.131495846527   -1.480598678029
              C     -0.848573824356   -0.080232755627   -0.096450477051
              O      7.562054205067   -1.556243388828   -0.098860409714
              O      5.536443265428   -0.521668887737    1.012463717597
              O     -1.026564081283   -0.235975367384   -2.755199362374
              H      7.841951826112   -5.177735348835    0.273481362122
              H     -6.305433926876    0.043302478134    0.485786729822
              H     -6.818587841045    1.070390855919   -2.645719288322
              H     -5.475274217634   -1.931433966659   -2.085804402899
              H      3.853484026045    0.013484025685   -2.372653281563
              H      1.632118460122    1.066622252888    2.956586334115
              H      1.347232266370    3.307004678253    0.468822668837
              H     -2.800968644009    3.162574912325   -1.753900541746
              H     -1.265026248372   -1.857860352578    0.848153457935
$End
$SCF_Energy
   &GeometryIndex 2
   &Method [&Type "String"] "SCF"
   &totalEnergy [&Type "ArrayOfDoubles", &Dim (1,1)] "Total energy of each state"
                                                         0

0                                     -4.2130346279919837e+02
   &Mult [&Type "ArrayOfIntegers", &Dim (1,1)] "Multiplicity of each state"
                                                         0

0                                                        2
$End
$DFT_Energy
   &GeometryIndex 2
   &nAlphaEl [&Type "Integer"] 32
   &nBetaEl [&Type "Integer"] 31
   &nTotalEl [&Type "Integer"] 63
   &finalEn [&Type "Double"]      -4.2130346279919837e+02  "No Van der Waals correction"
   &eExchange [&Type "Double"]       0.0000000000000000e+00
   &eCorr [&Type "Double"]       0.0000000000000000e+00
   &eXC [&Type "Double"]      -2.7000441496567220e+01
   &eCNL [&Type "Double"]       0.0000000000000000e+00
$End
$SCF_Timings
   &GeometryIndex 2
   &TOTAL [&Type "Double"]       4.5642324000000002e+01
   &PREP [&Type "Double"]       1.5716520000000000e+00
   &FOCK [&Type "Double"]       4.2540220000000005e+01
   &DENS [&Type "Double"]       1.9323299999999222e-01
   &ETOT [&Type "Double"]       6.9366000000001371e-02
   &POP [&Type "Double"]       1.3529999999946085e-03
   &TRAFO [&Type "Double"]       1.2530599999999747e-01
   &DIIS [&Type "Double"]       5.5516299999999852e-01
   &SOSCF [&Type "Double"]       6.1005200000000670e-01
   &XC [&Type "Double"]       1.5567849000000010e+01
   &FOCKSTART [&Type "Double"]       2.3843999999995535e-02
   &INT_PREP [&Type "Double"]       3.9999999987827550e-06
   &INT_BF [&Type "Double"]       1.2375189999997702e+00
   &INT_DENS [&Type "Double"]       6.4051990000000423e+00
   &INT_DENSIO [&Type "Double"]       1.7258844983800023e+05
   &INT_FUNC [&Type "Double"]       2.8430199999991190e-01
   &INT_POT [&Type "Double"]       6.6446469999999813e+00
   &INT_POTIO [&Type "Double"]       1.1136499999988603e-01
   &INT_SUM [&Type "Double"]       5.1299999998111190e-04
   &SPLITRIJ [&Type "Double"]       1.3099700000000012e+00
   &COSX [&Type "Double"]       2.6721886000000008e+01
$End
$Single_Point_Data
   &GeometryIndex 2
   &FinalEnergy [&Type "Double"]      -4.2130346279919837e+02  "Final single point energy"
   &Converged [&Type "Boolean"] true
$End
$SCF_Nuc_Gradient
   &GeometryIndex 2
   &NAtoms [&Type "Integer"] 17
   &gradNorm [&Type "Double"]       2.5660156467199137e-02
   &grad [&Type "ArrayOfDoubles", &Dim (51,1)] 
                                                         0

0                                     -1.6578322411663904e-03
1                                     -1.3768064637548014e-03
2                                      2.5176754543062589e-03
3                                     -5.1818501719133048e-03
4                                      1.9912163880126954e-03
5                                     -8.9053970743238932e-03
6                                      8.6192358984378548e-04
7                                      9.6485714171148929e-04
8                                      4.1067647847228828e-03
9                                      4.9418521705682783e-03
10                                    -2.6732985401513518e-03
11                                    -8.4126436139162312e-03
12                                     1.6001080932862705e-04
13                                     3.4647761319107004e-03
14                                    -4.0782182445575910e-03
15                                    -6.3808376175128190e-03
16                                     3.7205000609107086e-04
17                                     4.3252946964008609e-03
18                                     1.3232625713663834e-02
19                                    -6.8854638567387057e-03
20                                     2.6101717743026165e-03
21                                    -3.9320113358507491e-03
22                                     7.9382007004831501e-04
23                                     7.4371607802187489e-03
24                                     6.2122470606919321e-04
25                                     2.2096444392937166e-03
26                                     1.2706836201279944e-04
27                                     6.3200511608314802e-04
28                                    -7.3449385540594520e-04
29                                    -2.7994115989363189e-04
30                                     4.0345473892229589e-04
31                                     4.6340711787985073e-04
32                                     6.7437928080460452e-04
33                                    -3.8858008191823903e-04
34                                     7.1730701889977100e-04
35                                    -1.0430489122932457e-03
36                                    -3.4499933644680054e-03
37                                     1.4754328766246449e-03
38                                     1.8456987128470659e-04
39                                     6.0546605741410194e-04
40                                    -1.0632214714072115e-03
41                                     5.8861535496902706e-04
42                                     1.9189086572481010e-04
43                                     1.0448209396223401e-03
44                                     5.6413273695014865e-04
45                                    -6.9205849702489797e-04
46                                    -4.1206485463601839e-05
47                                    -4.5791654412907085e-04
48                                     3.2709561011520782e-05
49                                    -7.2284147177201219e-04
50                                     4.1332438403068883e-05
   &Method [&Type "String"] "SCF"
   &Level [&Type "String"] "Relaxed density"
   &Mult [&Type "Integer"] 2
   &State [&Type "Integer"] 0
   &Irrep [&Type "Integer"] 0
$End
$Geometry
   &GeometryIndex 3
   &NAtoms [&Type "Integer"] 17
   &NCorelessECP [&Type "Integer"] 0
   &NGhostAtoms [&Type "Integer"] 0
   &CartesianCoordinates [&Type "Coordinates", &Dim(17,4), &Units "Bohr"] 
              C     -5.532739933946   -0.025251764705   -1.393198781687
              C      3.777777418899    0.234615492142   -0.350768991876
              C      1.477941182682    1.309901028921    0.848662275465
              C     -2.945091125568    1.155340609252   -1.414378713843
              C     -0.808280106153   -0.087365923851   -0.164671072111
              O      7.592909100955   -1.543304260198   -0.056159180747
              O      5.560765366496   -0.459355928212    1.028708211983
              O     -1.039571530866   -0.068751275480   -2.831375706139
              H      7.516016822990   -5.251098135422    0.401701807552
              H     -6.301029721203   -0.053196235699    0.516230009917
              H     -6.831944510302    1.018071536242   -2.598374385861
              H     -5.408413887565   -1.958327761402   -2.086980835915
              H      3.949018554286   -0.028208969269   -2.379044114717
              H      1.633439585577    1.122616096379    2.892452682240
              H      1.336135667641    3.315838244911    0.366820564635
              H     -2.873808531418    3.203243418359   -1.544256272313
              H     -1.141979011543   -1.931637049266    0.676893778331
$End
$SCF_Energy
   &GeometryIndex 3
   &Method [&Type "String"] "SCF"
   &totalEnergy [&Type "ArrayOfDoubles", &Dim (1,1)] "Total energy of each state"
                                                         0

0                                     -4.2130522265001076e+02
   &Mult [&Type "ArrayOfIntegers", &Dim (1,1)] "Multiplicity of each state"
                                                         0

0                                                        2
$End
$DFT_Energy
   &GeometryIndex 3
   &nAlphaEl [&Type "Integer"] 32
   &nBetaEl [&Type "Integer"] 31
   &nTotalEl [&Type "Integer"] 63
   &finalEn [&Type "Double"]      -4.2130522265001076e+02  "No Van der Waals correction"
   &eExchange [&Type "Double"]       0.0000000000000000e+00
   &eCorr [&Type "Double"]       0.0000000000000000e+00
   &eXC [&Type "Double"]      -2.6999436257984094e+01
   &eCNL [&Type "Double"]       0.0000000000000000e+00
$End
$SCF_Timings
   &GeometryIndex 3
   &TOTAL [&Type "Double"]       4.0211593000000001e+01
   &PREP [&Type "Double"]       1.5740970000000001e+00
   &FOCK [&Type "Double"]       3.7223199999999984e+01
   &DENS [&Type "Double"]       1.5886900000000281e-01
   &ETOT [&Type "Double"]       5.6828000000006540e-02
   &POP [&Type "Double"]       1.5989999999987958e-03
   &TRAFO [&Type "Double"]       1.2630800000000253e-01
   &DIIS [&Type "Double"]       4.1609300000000005e-01
   &SOSCF [&Type "Double"]       5.4667300000000285e-01
   &XC [&Type "Double"]       1.2731202999999997e+01
   &FOCKSTART [&Type "Double"]       2.0728999999999775e-02
   &INT_PREP [&Type "Double"]       4.9999999989225330e-06
   &INT_BF [&Type "Double"]       1.0133320000001311e+00
   &INT_DENS [&Type "Double"]       5.1721109999999832e+00
   &INT_DENSIO [&Type "Double"]       1.2888524386400022e+05
   &INT_FUNC [&Type "Double"]       2.3616299999991863e-01
   &INT_POT [&Type "Double"]       5.3664419999998723e+00
   &INT_POTIO [&Type "Double"]       8.7329000000003543e-02
   &INT_SUM [&Type "Double"]       4.7899999999501119e-04
   &SPLITRIJ [&Type "Double"]       1.0259700000000027e+00
   &COSX [&Type "Double"]       2.4736613999999999e+01
$End
$Single_Point_Data
   &GeometryIndex 3
   &FinalEnergy [&Type "Double"]      -4.2130522265001076e+02  "Final single point energy"
   &Converged [&Type "Boolean"] true
$End
$SCF_Nuc_Gradient
   &GeometryIndex 3
   &NAtoms [&Type "Integer"] 17
   &gradNorm [&Type "Double"]       1.5140905758069088e-02
   &grad [&Type "ArrayOfDoubles", &Dim (51,1)] 
                                                         0

0                                     -9.6180642498002247e-04
1                                     -4.1547460610325167e-04
2                                      1.8273892585635373e-03
3                                     -2.9055098087575615e-03
4                                      1.4753374520033030e-03
5                                     -5.1615006294354962e-03
6                                      4.7862293319242757e-04
7                                      5.3330810443311810e-04
8                                      1.5042717891744599e-03
9                                      2.7942072671437168e-03
10                                    -2.2208857926307238e-03
11                                    -6.2349275703075403e-03
12                                    -9.8263081003208130e-04
13                                     2.7785475631439335e-03
14                                    -4.2726587893103518e-04
15                                    -4.0758511628570943e-03
16                                    -1.0985713752062615e-03
17                                     2.2182291287747707e-03
18                                     7.4948647834485599e-03
19                                    -3.2918241704617303e-03
20                                     1.7860576283170171e-03
21                                    -1.3631298757524266e-03
22                                     2.6795097644428945e-04
23                                     3.9962605509665239e-03
24                                     6.3863180592004941e-04
25                                     1.8880538388052464e-03
26                                     1.6584952211612118e-04
27                                     4.8702839839828704e-04
28                                    -8.2442657822964522e-04
29                                    -3.6821119203972463e-05
30                                     7.2162937323483334e-05
31                                     4.4394238197924263e-04
32                                     6.7695753727139985e-04
33                                    -1.7597791333833716e-04
34                                     4.6017622971841754e-04
35                                    -9.8167280224762538e-04
36                                    -1.7175472432253945e-03
37                                     7.6343825899662272e-04
38                                    -1.4323617943902411e-04
39                                     6.8330501009470496e-04
40                                    -1.0420232736483587e-03
41                                     2.1410600182061867e-04
42                                    -1.9125588364082369e-04
43                                     6.9277370962844698e-04
44                                     8.0553518488125225e-04
45                                    -2.8522727198513004e-04
46                                     1.5058528879396960e-06
47                                    -3.0035523907572491e-04
48                                     1.0113278638888834e-05
49                                    -4.1182858623670104e-04
50                                     9.1122804150564618e-05
   &Method [&Type "String"] "SCF"
   &Level [&Type "String"] "Relaxed density"
   &Mult [&Type "Integer"] 2
   &State [&Type "Integer"] 0
   &Irrep [&Type "Integer"] 0
$End
$Geometry
   &GeometryIndex 4
   &NAtoms [&Type "Integer"] 17
   &NCorelessECP [&Type "Integer"] 0
   &NGhostAtoms [&Type "Integer"] 0
   &CartesianCoordinates [&Type "Coordinates", &Dim(17,4), &Units "Bohr"] 
              C     -5.555552485188    0.028449876656   -1.392427398912
              C      3.792759456143    0.177139602399   -0.247127750625
              C      1.444186035780    1.250870605839    0.847886851169
              C     -2.938177065853    1.125100206088   -1.425611705695
              C     -0.841433139700   -0.155352255178   -0.143453251157
              O      7.704348787568   -1.339713922832    0.145084559932
              O      5.549495844918   -0.447088091015    1.189824812899
              O     -1.065612550873   -0.204407128166   -2.810418166246
              H      7.598534832402   -5.242600599549   -0.158124702417
              H     -6.424636598035    0.305670634081    0.453739984471
              H     -6.752139068792    0.921641727496   -2.807721917929
              H     -5.464040790836   -1.987840762148   -1.788832756698
              H      4.068287500316   -0.082852399551   -2.266158209745
              H      1.541660502026    1.171073308806    2.901968026476
              H      1.322551683038    3.230636778453    0.262192501454
              H     -2.798395077523    3.166204169426   -1.599377758820
              H     -1.220692524431   -1.963802628105    0.750818156757
$End
$SCF_Energy
   &GeometryIndex 4
   &Method [&Type "String"] "SCF"
   &totalEnergy [&Type "ArrayOfDoubles", &Dim (1,1)] "Total energy of each state"
                                                         0

0                                     -4.2130690444075231e+02
   &Mult [&Type "ArrayOfIntegers", &Dim (1,1)] "Multiplicity of each state"
                                                         0

0                                                        2
$End
$DFT_Energy
   &GeometryIndex 4
   &nAlphaEl [&Type "Integer"] 32
   &nBetaEl [&Type "Integer"] 31
   &nTotalEl [&Type "Integer"] 63
   &finalEn [&Type "Double"]      -4.2130690444075231e+02  "No Van der Waals correction"
   &eExchange [&Type "Double"]       0.0000000000000000e+00
   &eCorr [&Type "Double"]       0.0000000000000000e+00
   &eXC [&Type "Double"]      -2.6998313581327292e+01
   &eCNL [&Type "Double"]       0.0000000000000000e+00
$End
$SCF_Timings
   &GeometryIndex 4
   &TOTAL [&Type "Double"]       4.2833731000000000e+01
   &PREP [&Type "Double"]       1.5628180000000000e+00
   &FOCK [&Type "Double"]       3.9739339000000008e+01
   &DENS [&Type "Double"]       1.8267000000000166e-01
   &ETOT [&Type "Double"]       6.8508999999995268e-02
   &POP [&Type "Double"]       1.3250000000013529e-03
   &TRAFO [&Type "Double"]       1.2482899999999919e-01
   &DIIS [&Type "Double"]       5.6088500000000163e-01
   &SOSCF [&Type "Double"]       5.5272700000000263e-01
   &XC [&Type "Double"]       1.4432147999999989e+01
   &FOCKSTART [&Type "Double"]       2.3431000000010194e-02
   &INT_PREP [&Type "Double"]       1.0000000010279564e-06
   &INT_BF [&Type "Double"]       1.1691390000000688e+00
   &INT_DENS [&Type "Double"]       6.0275900000002673e+00
   &INT_DENSIO [&Type "Double"]       1.5346649226400020e+05
   &INT_FUNC [&Type "Double"]       2.6586200000003091e-01
   &INT_POT [&Type "Double"]       6.3189019999997429e+00
   &INT_POTIO [&Type "Double"]       1.1283199999990545e-01
   &INT_SUM [&Type "Double"]       4.8399999999571008e-04
   &SPLITRIJ [&Type "Double"]       1.1550149999999944e+00
   &COSX [&Type "Double"]       2.5291272999999983e+01
$End
$Single_Point_Data
   &GeometryIndex 4
   &FinalEnergy [&Type "Double"]      -4.2130690444075231e+02  "Final single point energy"
   &Converged [&Type "Boolean"] true
$End
$SCF_Nuc_Gradient
   &GeometryIndex 4
   &NAtoms [&Type "Integer"] 17
   &gradNorm [&Type "Double"]       1.0134916057918259e-02
   &grad [&Type "ArrayOfDoubles", &Dim (51,1)] 
                                                         0

0                                     -2.3385604091512996e-04
1                                     -5.6094039553223826e-04
2                                      1.2672665369756171e-03
3                                     -2.3204334700666351e-03
4                                      1.9009570801500203e-03
5                                     -3.1883071749758823e-03
6                                      5.0807621707783107e-04
7                                      7.4617994136392390e-04
8                                      8.5833903334642594e-04
9                                      7.1902214587374336e-04
10                                     9.4368275127469387e-04
11                                    -4.6467131190656777e-03
12                                    -5.9643624213612939e-04
13                                     1.3876430328497655e-03
14                                     7.0579176182393455e-04
15                                    -1.8044906840492814e-03
16                                     1.3149369562178576e-04
17                                     1.6200805937026386e-04
18                                     3.9121861508596978e-03
19                                    -3.9474162383839606e-03
20                                     2.3889308290935551e-03
21                                     2.8641374912583006e-05
22                                    -1.8371073834397428e-03
23                                     2.1844190119165441e-03
24                                     6.4828490753599541e-04
25                                     1.5347981063768491e-03
26                                     3.6396481620279029e-04
27                                     3.7237850634208591e-04
28                                    -6.4475526129198317e-04
29                                     1.2677955440892896e-04
30                                    -1.4615183060680964e-04
31                                     5.2271000597309270e-04
32                                     6.3051953755398349e-04
33                                    -6.9344977731508866e-05
34                                     4.1001288131883862e-04
35                                    -7.0995223941031430e-04
36                                    -7.5915954706301352e-04
37                                    -6.0378499060076071e-05
38                                    -3.9206705351260696e-04
39                                     2.6760860273519760e-05
40                                    -6.2793682953418218e-04
41                                     1.3497524171643405e-04
42                                    -1.2900954158162918e-04
43                                     1.6754459665460630e-04
44                                     1.3162917147654940e-04
45                                    -2.0093427580435228e-04
46                                     8.9017881334210736e-05
47                                     1.8400418440628688e-04
48                                     4.4466465886804779e-05
49                                    -1.5550538172082184e-04
50                                    -2.0158816688255893e-04
   &Method [&Type "String"] "SCF"
   &Level [&Type "String"] "Relaxed density"
   &Mult [&Type "Integer"] 2
   &State [&Type "Integer"] 0
   &Irrep [&Type "Integer"] 0
$End
$Geometry
   &GeometryIndex 5
   &NAtoms [&Type "Integer"] 17
   &NCorelessECP [&Type "Integer"] 0
   &NGhostAtoms [&Type "Integer"] 0
   &CartesianCoordinates [&Type "Coordinates", &Dim(17,4), &Units "Bohr"] 
              C     -5.491179769544   -0.121625991402   -1.352257031449
              C      3.876009867299    0.276012988085   -0.278002133076
              C      1.507430002026    1.355575109949    0.776728403153
              C     -2.969470637406    1.164792018404   -1.298713419945
              C     -0.728577615774   -0.088785650757   -0.264658600341
              O      7.703575155866   -1.416113395301    0.188893807597
              O      5.597112248517   -0.334787689870    1.181521190428
              O     -1.063347801170    0.185987714527   -2.912069960030
              H      6.723875409664   -5.461212712351    0.023776021355
              H     -6.472561602468    0.157537460661    0.437360162115
              H     -6.668897075994    0.634915984155   -2.861250698592
              H     -5.235131511685   -2.138878785617   -1.669257888359
              H      4.164159016390   -0.058397459923   -2.286428022279
              H      1.586216552840    1.265461525063    2.831973803082
              H      1.354824565990    3.334121679183    0.200631053271
              H     -2.995233306931    3.216800655194   -1.214717626962
              H     -0.927658156661   -2.018274327302    0.408732214950
$End
$SCF_Energy
   &GeometryIndex 5
   &Method [&Type "String"] "SCF"
   &totalEnergy [&Type "ArrayOfDoubles", &Dim (1,1)] "Total energy of each state"
                                                         0

0                                     -4.2130870069061956e+02
   &Mult [&Type "ArrayOfIntegers", &Dim (1,1)] "Multiplicity of each state"
                                                         0

0                                                        2
$End
$DFT_Energy
   &GeometryIndex 5
   &nAlphaEl [&Type "Integer"] 32
   &nBetaEl [&Type "Integer"] 31
   &nTotalEl [&Type "Integer"] 63
   &finalEn [&Type "Double"]      -4.2130870069061956e+02  "No Van der Waals correction"
   &eExchange [&Type "Double"]       0.0000000000000000e+00
   &eCorr [&Type "Double"]       0.0000000000000000e+00
   &eXC [&Type "Double"]      -2.6998696134275352e+01
   &eCNL [&Type "Double"]       0.0000000000000000e+00
$End
$SCF_Timings
   &GeometryIndex 5
   &TOTAL [&Type "Double"]       4.3890101999999999e+01
   &PREP [&Type "Double"]       1.5925039999999999e+00
   &FOCK [&Type "Double"]       4.0690552000000004e+01
   &DENS [&Type "Double"]       1.8224099999999055e-01
   &ETOT [&Type "Double"]       6.4191999999994032e-02
   &POP [&Type "Double"]       1.3890000000031932e-03
   &TRAFO [&Type "Double"]       1.2615699999999386e-01
   &DIIS [&Type "Double"]       5.5339799999999784e-01
   &SOSCF [&Type "Double"]       5.5061600000000155e-01
   &XC [&Type "Double"]       1.5276513999999988e+01
   &FOCKSTART [&Type "Double"]       2.4169000000003216e-02
   &INT_PREP [&Type "Double"]       2.9999999950902634e-06
   &INT_BF [&Type "Double"]       1.2027819999999556e+00
   &INT_DENS [&Type "Double"]       6.1629729999999725e+00
   &INT_DENSIO [&Type "Double"]       1.5693065377200025e+05
   &INT_FUNC [&Type "Double"]       2.6578400000020919e-01
   &INT_POT [&Type "Double"]       6.5211120000001284e+00
   &INT_POTIO [&Type "Double"]       1.0435399999980177e-01
   &INT_SUM [&Type "Double"]       4.6699999999511022e-04
   &SPLITRIJ [&Type "Double"]       1.1563980000000094e+00
   &COSX [&Type "Double"]       2.5525397000000005e+01
$End
$Single_Point_Data
   &GeometryIndex 5
   &FinalEnergy [&Type "Double"]      -4.2130870069061956e+02  "Final single point energy"
   &Converged [&Type "Boolean"] true
$End
$SCF_Nuc_Gradient
   &GeometryIndex 5
   &NAtoms [&Type "Integer"] 17
   &gradNorm [&Type "Double"]       9.2512876275106549e-03
   &grad [&Type "ArrayOfDoubles", &Dim (51,1)] 
                                                         0

0                                     -1.2140696597230660e-04
1                                      6.0821078789651331e-04
2                                      4.9731625119904012e-04
3                                      4.4042047883914581e-03
4                                     -1.0799176032535301e-03
5                                      2.6258859170842572e-03
6                                      1.2442487687482767e-04
7                                      1.9757309840682732e-04
8                                     -8.5744602578839701e-04
9                                     -3.0935171721190036e-04
10                                    -1.7638304812283862e-03
11                                    -2.6915356625382275e-03
12                                    -1.9890154267461768e-03
13                                     7.2064788104414523e-04
14                                     2.1352716914927045e-03
15                                    -8.5770831239198597e-04
16                                    -1.9333905229099307e-03
17                                    -5.6819519735740870e-04
18                                    -3.9209602077002470e-03
19                                     2.5182793387995804e-03
20                                    -2.4133751017609839e-03
21                                     1.2384763404803545e-03
22                                     6.6808304477712632e-04
23                                     3.0590315899589604e-04
24                                     7.4446570923029432e-04
25                                     3.1014041624358190e-04
26                                     3.2235346328173377e-04
27                                     1.8497154053091769e-04
28                                    -2.2124964295086938e-04
29                                     3.2599065002246463e-04
30                                    -2.5628926614361391e-04
31                                     1.5805947496639466e-04
32                                     2.8387958341369313e-04
33                                     3.7642643868814746e-04
34                                     5.7970301670096092e-05
35                                    -4.1000990193646933e-04
36                                    -3.8121231470397005e-05
37                                     1.4270664552514661e-04
38                                    -4.9091555747701743e-04
39                                     4.9997540446344683e-04
40                                    -4.3126558309216322e-04
41                                     7.8670260555024907e-05
42                                    -1.0765726534428706e-04
43                                     2.5237408719153143e-04
44                                     7.2448512739873433e-04
45                                    -1.0497646398447899e-04
46                                    -2.5898704703777864e-05
47                                     1.2346527428252173e-04
48                                     1.3254177064867846e-04
49                                    -1.7849254794108371e-04
50                                     8.2560547422505515e-06
   &Method [&Type "String"] "SCF"
   &Level [&Type "String"] "Relaxed density"
   &Mult [&Type "Integer"] 2
   &State [&Type "Integer"] 0
   &Irrep [&Type "Integer"] 0
$End
$Geometry
   &GeometryIndex 6
   &NAtoms [&Type "Integer"] 17
   &NCorelessECP [&Type "Integer"] 0
   &NGhostAtoms [&Type "Integer"] 0
   &CartesianCoordinates [&Type "Coordinates", &Dim(17,4), &Units "Bohr"] 
              C     -5.492092215428   -0.125292177086   -1.291374330642
              C      3.944901821689    0.207146370008   -0.186416726537
              C      1.525564956700    1.309355639919    0.700435069751
              C     -2.950301732798    1.121725050421   -1.272489195929
              C     -0.685753633237   -0.162940868092   -0.337615001023
              O      7.857982374844   -1.196174113839    0.533048412308
              O      5.606352998585   -0.320148540140    1.377172891848
              O     -1.111668329378    0.128420510554   -2.964414730458
              H      6.221298679070   -5.226985528883   -0.473392527564
              H     -6.504239362053    0.284908920924    0.455090117161
              H     -6.619325450550    0.569359944974   -2.868316738574
              H     -5.285660446881   -2.163538449224   -1.484244877604
              H      4.362735859859   -0.159978625891   -2.166424435969
              H      1.504036044011    1.363008592311    2.757941189745
              H      1.408464070209    3.241249245357   -0.025699629001
              H     -2.946848259706    3.173665792995   -1.182072935741
              H     -0.874302033976   -2.090652641606    0.341034723145
$End
$SCF_Energy
   &GeometryIndex 6
   &Method [&Type "String"] "SCF"
   &totalEnergy [&Type "ArrayOfDoubles", &Dim (1,1)] "Total energy of each state"
                                                         0

0                                     -4.2131001458189348e+02
   &Mult [&Type "ArrayOfIntegers", &Dim (1,1)] "Multiplicity of each state"
                                                         0

0                                                        2
$End
$DFT_Energy
   &GeometryIndex 6
   &nAlphaEl [&Type "Integer"] 32
   &nBetaEl [&Type "Integer"] 31
   &nTotalEl [&Type "Integer"] 63
   &finalEn [&Type "Double"]      -4.2131001458189348e+02  "No Van der Waals correction"
   &eExchange [&Type "Double"]       0.0000000000000000e+00
   &eCorr [&Type "Double"]       0.0000000000000000e+00
   &eXC [&Type "Double"]      -2.7000049098641043e+01
   &eCNL [&Type "Double"]       0.0000000000000000e+00
$End
$SCF_Timings
   &GeometryIndex 6
   &TOTAL [&Type "Double"]       4.7252918000000001e+01
   &PREP [&Type "Double"]       1.5739950000000000e+00
   &FOCK [&Type "Double"]       4.3758886000000011e+01
   &DENS [&Type "Double"]       2.1145800000001458e-01
   &ETOT [&Type "Double"]       7.5598999999994199e-02
   &POP [&Type "Double"]       1.3459999999980710e-03
   &TRAFO [&Type "Double"]       1.3029999999999919e-01
   &DIIS [&Type "Double"]       7.0374500000000051e-01
   &SOSCF [&Type "Double"]       5.9986700000000148e-01
   &XC [&Type "Double"]       1.6346413000000013e+01
   &FOCKSTART [&Type "Double"]       2.6269000000001652e-02
   &INT_PREP [&Type "Double"]       1.9999999949504854e-06
   &INT_BF [&Type "Double"]       1.3586959999998651e+00
   &INT_DENS [&Type "Double"]       7.0106569999999913e+00
   &INT_DENSIO [&Type "Double"]       1.9416951406700027e+05
   &INT_FUNC [&Type "Double"]       3.1033499999984082e-01
   &INT_POT [&Type "Double"]       6.7857319999998920e+00
   &INT_POTIO [&Type "Double"]       1.2316200000022137e-01
   &INT_SUM [&Type "Double"]       6.7499999999665050e-04
   &SPLITRIJ [&Type "Double"]       1.3416940000000197e+00
   &COSX [&Type "Double"]       2.7316246000000014e+01
$End
$Single_Point_Data
   &GeometryIndex 6
   &FinalEnergy [&Type "Double"]      -4.2131001458189348e+02  "Final single point energy"
   &Converged [&Type "Boolean"] true
$End
$SCF_Nuc_Gradient
   &GeometryIndex 6
   &NAtoms [&Type "Integer"] 17
   &gradNorm [&Type "Double"]       7.2496178917317690e-03
   &grad [&Type "ArrayOfDoubles", &Dim (51,1)] 
                                                         0

0                                      1.9631217768144998e-04
1                                     -1.2365935236658201e-04
2                                      1.1861304186480508e-04
3                                      5.5278519144778826e-04
4                                      1.7735391639053799e-03
5                                      2.4717995359708547e-03
6                                     -2.3880024977756056e-04
7                                      1.0458909847254616e-03
8                                      8.5142128486046312e-04
9                                      4.7090858935754792e-04
10                                     7.4938489768906422e-04
11                                     6.0608801865570661e-04
12                                     1.1427168798737522e-03
13                                     1.1123418525657569e-04
14                                    -3.8438483156448544e-04
15                                     1.7908494555329835e-04
16                                     2.3571339313474132e-03
17                                     3.7121769623369230e-04
18                                    -2.6447481754184946e-03
19                                    -3.4010772488059001e-03
20                                    -3.2346101991168608e-03
21                                    -1.0601880566624144e-04
22                                    -7.0548427396965527e-04
23                                    -4.9274294933757123e-04
24                                     8.2560104905644817e-04
25                                    -1.0025100666225559e-03
26                                     2.9471302654588262e-04
27                                     1.0104919964119830e-04
28                                    -5.0215307646529067e-05
29                                     1.2875050977001479e-04
30                                    -2.3274246521792774e-05
31                                     2.1840567262092214e-04
32                                     2.9155406163258735e-05
33                                    -1.5754107791206545e-04
34                                    -1.0074071007587504e-04
35                                    -2.3145126539645886e-04
36                                    -1.8014660143973044e-04
37                                    -8.1697783170355323e-04
38                                    -9.8500086475800108e-05
39                                    -5.7000143386610504e-05
40                                     2.0931672945878783e-05
41                                     7.1891734460677315e-06
42                                    -9.3542819100780970e-05
43                                    -2.6316323541637765e-04
44                                    -3.9867088416099816e-04
45                                    -2.1340210623051886e-05
46                                     2.1855331741316153e-05
47                                    -9.2466409776679852e-05
48                                     5.3954312104375485e-05
49                                     1.6545218026067787e-04
50                                     5.3878914725392912e-05
   &Method [&Type "String"] "SCF"
   &Level [&Type "String"] "Relaxed density"
   &Mult [&Type "Integer"] 2
   &State [&Type "Integer"] 0
   &Irrep [&Type "Integer"] 0
$End
$THERMOCHEMISTRY_Energies
   &GeometryIndex 6
   &temperature [&Type "Double"]       2.9814999999999998e+02
   &pressure [&Type "Double"]       1.0000000000000000e+00
   &totalMass [&Type "Double"]       1.1712399999999998e+02
   &spinDegeneracy [&Type "Integer"] 2
   &elEnergy [&Type "Double"]      -4.2131001458189348e+02
   &transEnergy [&Type "Double"]       1.4162714244859817e-03
   &rotEnergy [&Type "Double"]       1.4162714244859817e-03
   &vibEnergy [&Type "Double"]       7.0353015657995755e-03
   &numOfFreqs [&Type "Integer"] 51
   &freqScalingFactor [&Type "Double"]       1.0000000000000000e+00
   &FREQ [&Type "ArrayOfDoubles", &Units "cm^-1", &Dim (51,1)] 
                                                         0

0                                      0.0000000000000000e+00
1                                      0.0000000000000000e+00
2                                      0.0000000000000000e+00
3                                      0.0000000000000000e+00
4                                      0.0000000000000000e+00
5                                      0.0000000000000000e+00
6                                     -1.3365642239462412e+02
7                                      4.8215467096151144e+01
8                                      6.4780271520359946e+01
9                                      9.9460460284884761e+01
10                                     1.4814718618243512e+02
11                                     1.9375958459899567e+02
12                                     2.0067088764186906e+02
13                                     2.5293467363155256e+02
14                                     2.6514161949237285e+02
15                                     3.1018984704349970e+02
16                                     3.4061375547119076e+02
17                                     4.5662121396103146e+02
18                                     5.3586465436258072e+02
19                                     5.8812628566580929e+02
20                                     8.1613401356973691e+02
21                                     8.6526179944108776e+02
22                                     8.9194887491357417e+02
23                                     9.5847273249773457e+02
24                                     9.8124010562339936e+02
25                                     1.0055365987813730e+03
26                                     1.0523575093889324e+03
27                                     1.0849366301163225e+03
28                                     1.1144583766264734e+03
29                                     1.1416569608412033e+03
30                                     1.1799294582771852e+03
31                                     1.1888170444567909e+03
32                                     1.2553232167440119e+03
33                                     1.2912146642620623e+03
34                                     1.3075407479156827e+03
35                                     1.3700000471943422e+03
36                                     1.3909137050600029e+03
37                                     1.4213704592589704e+03
38                                     1.4524818805277973e+03
39                                     1.4817115550210683e+03
40                                     1.4975881372396259e+03
41                                     1.5387835921050109e+03
42                                     1.6652328150399042e+03
43                                     3.0639833862508813e+03
44                                     3.0710012649645419e+03
45                                     3.1370281234304907e+03
46                                     3.1421257944989175e+03
47                                     3.1471762465391375e+03
48                                     3.1555538734528377e+03
49                                     3.1622387227655959e+03
50                                     3.1730173318557122e+03
   &zpe [&Type "Double"]       1.2873825394091556e-01
   &innerEnergyU [&Type "Double"]      -4.2117140848353779e+02
   &enthalpyH [&Type "Double"]      -4.2117046427449554e+02
   &qEl [&Type "Double"]       6.5445636319338377e-04
   &qRot [&Type "Double"]       1.3627469583834097e-02
   &qVib [&Type "Double"]       1.2502355886607218e-02
   &qTrans [&Type "Double"]       1.9095102253304578e-02
   &entropyS [&Type "Double"]       4.5879384086939277e-02
   &freeEnergyG [&Type "Double"]      -4.2121634365858250e+02
   &isLinear [&Type "Boolean"] false
$End
$Hessian
   &GeometryIndex 6
   &HESSIAN [&Type "ArrayOfDoubles", &Dim (51,51)] "The Hessian"
                                                         0                           1                           2                           3                           4                           5                           6                           7

0                                      5.2176204810593740e-01        -3.3718494730637136e-02        -1.5029375971070819e-03        -8.5986248450665992e-05        -4.4835421028550015e-04        -1.5768201594965840e-04        -6.4051089834751959e-04         6.0611937903516221e-04
1                                     -3.3718494730637136e-02         5.7772830033511047e-01         4.1986265062733353e-03         5.1016218998757622e-04         8.0973681536138553e-04         4.2061057507721228e-04         1.1742447303872644e-03        -1.7280376507615883e-03
2                                     -1.5029375971070819e-03         4.1986265062733353e-03         5.7363788042919495e-01        -4.6375682591563272e-04        -1.2604301152631993e-03        -1.5754028906972031e-03        -3.4467064863748171e-03         2.2390147743966311e-03
3                                     -8.5986248450665992e-05         5.1016218998757622e-04        -4.6375682591563272e-04         6.9651644058654960e-01        -2.0226481814040043e-01         1.1896081971246976e-01        -1.7651402201864910e-01         5.6455127178540732e-02
4                                     -4.4835421028550015e-04         8.0973681536138553e-04        -1.2604301152631993e-03        -2.0226481814040043e-01         2.4586808565354110e-01         1.0970783860347198e-02         5.1381429070488011e-02        -9.5070246077046019e-02
5                                     -1.5768201594965840e-04         4.2061057507721228e-04        -1.5754028906972031e-03         1.1896081971246976e-01         1.0970783860347198e-02         7.8923793055518665e-01         5.1109904754615632e-02        -2.5042342347257270e-02
6                                     -6.4051089834751959e-04         1.1742447303872644e-03        -3.4467064863748171e-03        -1.7651402201864910e-01         5.1381429070488011e-02         5.1109904754615632e-02         4.7909533271320620e-01        -1.6823874106223682e-02
7                                      6.0611937903516221e-04        -1.7280376507615883e-03         2.2390147743966311e-03         5.6455127178540732e-02        -9.5070246077046019e-02        -2.5042342347257270e-02        -1.6823874106223682e-02         5.2948766177140538e-01
8                                      7.3560035083158025e-04        -9.9971191358706659e-04         2.9291918749742335e-03         6.1891830971993356e-02        -3.1201502586113202e-02        -1.2381827688182023e-01         9.3209173713186154e-04        -2.7483658863257023e-02
9                                     -1.9727322920364412e-01        -7.0160099248780056e-02        -1.6091267956330958e-02        -2.7271743889185178e-03        -1.1880677209659910e-03        -4.1224918355654595e-03        -1.9238427158208719e-02         9.3067865988750026e-03
10                                    -6.4316103390264667e-02        -1.2440603184611973e-01        -2.9768506759965713e-03        -2.1273810218071839e-03        -3.4249268175588366e-03        -2.1622664986986036e-03        -1.7999779152933749e-02         8.4675987512960078e-03
11                                    -6.6962223207843209e-03        -2.3139040525202411e-03        -7.3902237114775629e-02         4.3106977747112748e-04         6.8639942660905567e-04         8.6984424634713045e-04        -1.0169197842958746e-02         3.8344986615182174e-03
12                                    -1.8000438330982277e-02         9.9323173873054303e-03        -1.9525340745551917e-02        -3.9941012468096337e-02        -1.2807780733697240e-02        -1.3352681758372172e-02        -1.5571625449133220e-01        -6.6724362662225117e-02
13                                    -6.0601225292276177e-03         5.8569137037316459e-03        -1.6103740029720780e-02         5.2405086507216619e-03         1.2230340593655960e-02         9.5337870560851697e-03        -5.9415869850813811e-02        -1.2276908574160325e-01
14                                     2.7883373753676763e-03        -1.2065216064021935e-03        -3.7913691467607244e-03        -4.0979740683829979e-03         1.1850844494200992e-02         8.3096596998760396e-03        -2.7830792487798586e-02        -2.2077431802659066e-02
15                                    -1.6449743838408077e-04         3.0352904676134005e-04        -5.3457887942986798e-04        -9.4627583237216595e-02         3.2100041681124014e-02        -2.6753482132361180e-02         6.6469940742358864e-03         2.9680665527849290e-03
16                                     1.4660142801486406e-04        -3.0736415807648215e-04         4.4057430480578890e-04         3.6521742653139178e-02        -3.9534325284501376e-03         1.0536157083174045e-02         2.7700941799714282e-03         1.2192881119460805e-02
17                                     7.2678924106146746e-05        -1.1418221553841641e-04         1.6337161951567779e-04        -1.6222428312294673e-02         1.0015861129190423e-02         3.6404802729078187e-02        -2.0011428906819111e-03        -1.3831831958875055e-04
18                                     1.0943257552035925e-04        -1.1501153719782392e-04        -1.5630397263667034e-04        -3.0937368391523939e-01         9.0226816232192864e-02        -2.1688129192524641e-01        -4.4436132775098357e-02         1.2485604730033063e-02
19                                    -4.6116552556274299e-05         5.7183018767146513e-05         1.1311452905075220e-04         8.3315266657422754e-02        -8.0087350449334516e-02         5.7654193586228399e-02         1.7427879077802109e-02        -8.5461098750440820e-03
20                                    -1.1758653651532851e-04         6.7817345912541630e-05         1.7745230400902394e-04        -2.2319827393800021e-01         5.8976940325218774e-02        -3.9404442885751173e-01        -3.2464931228993327e-03         2.0143989512099204e-03
21                                    -2.3018609198405038e-02         1.1893628745154790e-02         3.9717488575903605e-02         3.6582739958987099e-03         2.1778220886600865e-03         2.2939708335250131e-03         3.2481634731694811e-03        -6.6428866810636089e-04
22                                    -1.4060395579267512e-03         6.5700868085284241e-03         1.2059934977171413e-02         4.5793655697336840e-04         4.6760962723783840e-04         1.4409783326648894e-04         7.3223797859325781e-03         2.0866425365470634e-03
23                                     5.7025358037069360e-03        -3.4723804438259627e-04        -1.6261509127643960e-04         4.8171467855570738e-03        -2.3003754816059430e-03        -1.9340576224230529e-03        -7.9932814164648362e-03        -2.1770734072417402e-03
24                                    -5.1947998726069289e-06         1.0361732893849658e-05        -1.5527105033369818e-05        -1.8985046347980530e-04        -2.9889302051957925e-04         4.2341166540247905e-04        -1.1575837100368238e-04         1.0360314930292315e-04
25                                    -7.9296147658949813e-06         2.0968134013231413e-05        -3.7919854776895329e-05         8.0613332998570402e-04         1.4770888675895311e-03         1.6802118554757911e-03        -8.7473575841848293e-05         1.4198314686437677e-04
26                                    -5.7149285962915556e-06         7.5133796426550415e-06        -8.7634140243796748e-06         3.9272312313749379e-05         5.2354412772053372e-04        -1.3105469191737238e-04        -8.3810408994070692e-05        -2.4078141082079554e-05
27                                    -1.1071174005695888e-01         2.5060623219589302e-02         1.1204038222103108e-01         6.2479851300130482e-05         3.4877551886019088e-06         1.1742461586000241e-04         1.3531355903923935e-04        -2.7158141692234551e-05
28                                     2.5483993882788287e-02        -5.8975615871756544e-02        -4.7240075256251221e-02         2.9826266527960017e-05        -3.1185930083423344e-05         3.8191019813227259e-05         2.9724584322584163e-05         6.4063643272553985e-05
29                                     1.1291500929179704e-01        -4.7281970824359192e-02        -2.4344338576997082e-01        -2.4740516409262232e-05         6.6443696765509236e-05         4.3327164399635954e-05         1.2376823848387979e-04        -1.1694178698237398e-04
30                                    -1.2522096863967702e-01         5.0437580087650605e-02        -1.1268405779695352e-01        -1.3216151748292066e-04        -5.1502777836323209e-04        -5.4868381825314114e-04        -1.0711987123565594e-03         9.8615009165955612e-04
31                                     5.0674384710384754e-02        -8.1053871985115725e-02         7.2905520537338148e-02        -1.0227910538514727e-04        -2.1052966038503083e-04        -1.9803531667025409e-04        -4.7299025521260534e-04         5.8260816967032562e-04
32                                    -1.1344252189000302e-01         7.2331955037968312e-02        -2.0795245086064112e-01         3.1233220684398141e-05         1.5706820966664321e-05        -2.3659970605191365e-05         1.4832242524475948e-04         4.5484780330165217e-05
33                                    -5.0829131304809268e-02         3.2552228849691382e-02         2.8061417875161988e-03         1.0430515721211904e-07         6.9937728597493595e-05        -4.1050716180855609e-05        -1.2048829532243879e-04         3.6577402491194601e-05
34                                     2.8786298737039539e-02        -3.1629992926254630e-01        -2.4825396746837911e-02        -1.7004968036332668e-05         2.0924776798216752e-05        -5.4787633663068783e-05         8.9194429504890760e-05         2.9431311259625788e-04
35                                     1.7827358510958504e-03        -2.5399961022982954e-02        -4.8841005550497044e-02        -2.8801332685905203e-05         5.0959059099651603e-05         6.1996960979810519e-05        -4.8552630571287560e-05         5.9526000777542214e-05
36                                     1.1726084061105570e-04        -9.2104659910531572e-05        -2.1084597310216081e-04        -7.3295068255177051e-02         1.4462453704831910e-02         6.7992274217269860e-02         2.0232894871439443e-03         2.8619158025518436e-03
37                                     4.5392427736443055e-06        -3.2598334441190455e-05         1.2360512477258738e-04         1.3625830540519995e-02        -6.3193740631155321e-02        -5.1875059963734357e-02         1.6202943806430271e-03         6.2655836635984617e-03
38                                     2.1689511427909654e-05         2.4863591142681649e-07         3.9514659795624536e-05         5.6637458142804409e-02        -4.7343282907917505e-02        -3.0642615450255289e-01        -1.7906504260028835e-03        -1.1315865419605402e-04
39                                    -3.8568900963155861e-05        -1.1576384620954849e-05         2.4094632999221104e-04        -1.3211860191472673e-03         5.8262097799428674e-04         3.4739972532878083e-02        -4.9521101620646810e-02        -1.0542276919751552e-03
40                                     4.1209762638235608e-06         1.1093267525053507e-04         1.2776850758008089e-04         1.4955828741639908e-03        -2.2398161772060558e-03        -1.6357696348855231e-02        -7.1834136127827037e-04        -4.8913197817870985e-02
41                                    -3.8426317672460644e-05         4.6642862358533925e-05         4.1186177507578157e-05         1.6312451677389078e-03        -8.1382830194000918e-04        -1.2042802492333055e-02         5.8140412104916994e-03        -6.1797052360115581e-03
42                                    -2.0129918328703802e-04         1.6880489952590205e-04        -3.6801195027112165e-05        -5.2925931973319901e-03         2.8566904810171472e-02        -1.4530552749147425e-02        -4.1749990865230964e-02         2.0714704958475980e-02
43                                    -3.2612468652747258e-05         2.5537427699490493e-04         2.2191912558144482e-04         4.9868792712220861e-03        -1.2508388402143803e-02         5.4066356352844118e-03         1.4745982683983017e-02        -2.7288546800201657e-01
44                                    -8.8360210901989450e-07        -9.7409999230151003e-05        -2.1300230137348173e-05        -1.4593468389035701e-03        -9.8539148727432128e-03         5.0060564411903178e-03        -1.6696833431113656e-03         8.6722173051489104e-02
45                                     2.6911839823954421e-03        -2.8540304340360537e-02        -1.5355574022570288e-03         1.5461162741026938e-04        -2.0136800279433312e-04         2.9881796759003440e-04         1.1421114059673360e-03         1.1918225650092941e-03
46                                     1.2146678037507838e-03        -9.2575797539085330e-03         9.0164270066760924e-04         1.6633325544816984e-04         1.5601049360017619e-04        -3.3603668885067925e-04        -1.0405670647532631e-03         6.5886418173056495e-04
47                                    -1.5167909615557891e-03        -2.7640999025942549e-04         2.5907072631027482e-03         1.7048329980076706e-04        -1.3172232461135648e-04         1.6134553588320838e-04         1.7737750707215389e-03        -2.8110362153319838e-04
48                                     1.5102486993175245e-03         5.9534335040803280e-04         1.4127219974629684e-03         3.1084113628738262e-03        -1.8692160859416049e-03         4.2699020101750535e-04        -3.1673195065656844e-03        -2.2449603863857564e-02
49                                    -8.8618644358270590e-04         6.5153309496827384e-04        -8.9270451434157044e-04         9.2216545469511464e-04        -3.1018015442104644e-04        -2.8012094131786265e-04         2.4709169342759796e-05        -1.0330054932099245e-02
50                                    -5.5381991422608990e-04         9.6929143166857735e-04         1.1922574068085577e-04         9.0909289220666750e-04        -3.3074911562899984e-04        -9.9125423080305419e-05        -1.6355356483198843e-03        -1.1256183578600493e-02
                                                         8                           9                          10                          11                          12                          13                          14                          15

0                                      7.3560035083158025e-04        -1.9727322920364412e-01        -6.4316103390264667e-02        -6.6962223207843209e-03        -1.8000438330982277e-02        -6.0601225292276177e-03         2.7883373753676763e-03        -1.6449743838408077e-04
1                                     -9.9971191358706659e-04        -7.0160099248780056e-02        -1.2440603184611973e-01        -2.3139040525202411e-03         9.9323173873054303e-03         5.8569137037316459e-03        -1.2065216064021935e-03         3.0352904676134005e-04
2                                      2.9291918749742335e-03        -1.6091267956330958e-02        -2.9768506759965713e-03        -7.3902237114775629e-02        -1.9525340745551917e-02        -1.6103740029720780e-02        -3.7913691467607244e-03        -5.3457887942986798e-04
3                                      6.1891830971993356e-02        -2.7271743889185178e-03        -2.1273810218071839e-03         4.3106977747112748e-04        -3.9941012468096337e-02         5.2405086507216619e-03        -4.0979740683829979e-03        -9.4627583237216595e-02
4                                     -3.1201502586113202e-02        -1.1880677209659910e-03        -3.4249268175588366e-03         6.8639942660905567e-04        -1.2807780733697240e-02         1.2230340593655960e-02         1.1850844494200992e-02         3.2100041681124014e-02
5                                     -1.2381827688182023e-01        -4.1224918355654595e-03        -2.1622664986986036e-03         8.6984424634713045e-04        -1.3352681758372172e-02         9.5337870560851697e-03         8.3096596998760396e-03        -2.6753482132361180e-02
6                                      9.3209173713186154e-04        -1.9238427158208719e-02        -1.7999779152933749e-02        -1.0169197842958746e-02        -1.5571625449133220e-01        -5.9415869850813811e-02        -2.7830792487798586e-02         6.6469940742358864e-03
7                                     -2.7483658863257023e-02         9.3067865988750026e-03         8.4675987512960078e-03         3.8344986615182174e-03        -6.6724362662225117e-02        -1.2276908574160325e-01        -2.2077431802659066e-02         2.9680665527849290e-03
8                                      6.1673226592936348e-01         5.8935412075531955e-03         6.5618840149744674e-03        -6.1934486742029251e-03        -2.4717247566186908e-02        -2.0421603698569442e-02        -8.3017107887031150e-02        -4.5314757282045532e-03
9                                      5.8935412075531955e-03         6.3668544933056792e-01        -4.5123214377226870e-02         1.5126196347694739e-02        -2.1072957275066329e-01         9.2931277243799515e-02        -1.0244771426602638e-01         4.6133548522005657e-04
10                                     6.5618840149744674e-03        -4.5123214377226870e-02         6.6629321009706699e-01         9.4709509290280911e-03         9.5860375718366753e-02        -1.1602036702432111e-01         6.0976785517832852e-02        -8.5472079200346292e-04
11                                    -6.1934486742029251e-03         1.5126196347694739e-02         9.4709509290280911e-03         2.7361740386086641e-01        -5.9950271527624721e-02         3.7972293496773293e-02        -2.4689914812600272e-02         7.1876949619342463e-04
12                                    -2.4717247566186908e-02        -2.1072957275066329e-01         9.5860375718366753e-02        -5.9950271527624721e-02         5.1463904650705494e-01         1.5868137232051945e-02         1.4364070566842027e-01        -1.9062348495645304e-04
13                                    -2.0421603698569442e-02         9.2931277243799515e-02        -1.1602036702432111e-01         3.7972293496773293e-02         1.5868137232051945e-02         6.1858564729774135e-01        -1.3040312511525229e-01         2.8886724828126259e-03
14                                    -8.3017107887031150e-02        -1.0244771426602638e-01         6.0976785517832852e-02        -2.4689914812600272e-02         1.4364070566842027e-01        -1.3040312511525229e-01         4.2656241631035857e-01         3.4748787150670631e-03
15                                    -4.5314757282045532e-03         4.6133548522005657e-04        -8.5472079200346292e-04         7.1876949619342463e-04        -1.9062348495645304e-04         2.8886724828126259e-03         3.4748787150670631e-03         2.5928077628934398e-01
16                                     1.2769352843816262e-03        -5.1764203364286654e-05         1.0925391773732654e-03        -5.0268926793884273e-04         1.9766814625245288e-03        -3.6577013406715684e-03        -2.3312634195713665e-03        -9.2618290698779276e-02
17                                     1.3268079711385734e-03        -3.2812879761877009e-04         2.5772135713823894e-04        -3.2905449776362221e-04        -3.1419310786316604e-04        -1.0655993738765393e-03        -1.5401968831175194e-03        -4.7451921814894479e-02
18                                    -2.4652874693752491e-02        -1.5810617651848954e-03        -8.6732791603362329e-04        -5.0689011781311719e-04        -9.4381632726890478e-04         2.8971536817210871e-03        -7.3562091473967613e-04        -1.6705526497966472e-01
19                                     1.2118493821795516e-02         3.9654111113363933e-04         2.9753481787478170e-04        -1.0485840610738588e-04        -1.1559461143890084e-03        -6.7556007653328705e-04        -7.5857395676551796e-04         5.7385610689719063e-02
20                                     1.3705875025100483e-02         9.3714324424095643e-04        -3.7050287019589363e-04        -6.5556075119311413e-05         3.5434204247613140e-03         1.2654505253448592e-04         7.0073938579529884e-04         6.5213812703454790e-02
21                                    -3.8795249235574043e-02        -1.3068820264888426e-01         3.6416120626641443e-02         7.1829911255247791e-02        -3.6949909683269361e-02        -1.4737407199516415e-02        -8.4609676299516740e-03         2.1721699141407329e-05
22                                    -1.6981455478123415e-02         4.0058694297340665e-02        -8.8542744285918518e-02        -4.6377607317004577e-02        -1.4557308492001802e-02        -5.9694653492145644e-02         1.6542932587680512e-02        -1.0607179362748730e-04
23                                    -2.6558830925562098e-02         1.0675979279810408e-01        -6.2830296674147440e-02        -1.2185938941104983e-01        -4.2425977240499041e-02         3.2125184059153385e-02        -2.4872307309359032e-01        -1.0094024763979798e-03
24                                    -1.1012847511757828e-04         3.3672813101396487e-06        -3.4070338111882165e-05        -6.9949701151730159e-06         1.1626361980725067e-04         1.0799306232309674e-04         5.3458937447042846e-05        -7.3837558086592642e-04
25                                    -2.5510030996551367e-04        -1.4300389849207226e-05        -1.0757708466323888e-04         5.6959131802981108e-05         2.4535201225106695e-05         3.2669380609090927e-04         2.0760842667668061e-04         2.8213748507422364e-04
26                                    -7.3033867336652779e-05         7.6471172063853830e-06        -3.4771618808269908e-05         3.1780135067796358e-06         1.4930829412039874e-05         9.7684250719468687e-05         3.7313673534226459e-05        -6.7607665159438019e-05
27                                    -2.4078233479274966e-04        -1.1956042275515381e-02         9.5733310109560477e-03         2.5793227959560482e-02         1.4638654339478707e-03         1.2893575496283373e-03         1.0820764218177912e-03        -1.0972907647148873e-04
28                                    -7.9819749004759978e-05        -5.2251528435052277e-03         3.2050791609061153e-03         1.3656826776561843e-02         6.2052253805632116e-04         4.2335398291744753e-04        -4.2333901426314850e-04        -3.5079499889677484e-05
29                                    -3.6798520808758312e-05        -1.3280142387773058e-03         5.9042802210434195e-04         8.7482861855878820e-04         1.1031767146720672e-03         7.5345257090757636e-05         2.4243110513143761e-04         7.5132888044500130e-05
30                                     1.0708585131969347e-03        -1.9944357923494898e-02         1.2262657760463036e-02        -2.4748358424260684e-02        -2.9480740210448535e-03        -4.6586190130953270e-03        -1.3255152944704109e-03        -3.5550291228934427e-04
31                                     1.4002853430033308e-04        -1.0050806832429912e-02         6.1709147272551723e-03        -1.4231427011366943e-02        -1.6669863843998356e-03        -1.6935990448094357e-03        -1.9337249466207782e-04        -1.3038830108095514e-04
32                                    -1.5570626440615434e-05         8.3028913289696221e-04        -9.5602643170187174e-04         6.3774188874017070e-04         2.0816329290778172e-03        -7.0010320392991862e-04         8.2905649340327472e-04        -6.0504422710515315e-05
33                                    -1.3972731796319502e-04         1.3346746308598809e-03        -3.3767849269003766e-02        -3.5089953186197408e-03         1.4159360895587792e-03        -1.7894686852276843e-03        -7.7105930381399799e-04         1.4114732528304834e-05
34                                    -1.0655158877401118e-04         1.8551800876216371e-03        -1.6815508093109895e-02        -1.8524302338328563e-03         8.0382605664765933e-04         3.0312010752798699e-04        -3.6163186561574988e-04        -2.8789521609889923e-05
35                                    -1.5754863712905468e-04         9.2122129064989137e-04        -5.0341873359542968e-04        -2.0400230196810426e-03         1.9903274316384690e-04        -9.9068751910146437e-04         7.8941649341283493e-04         2.0472115558780382e-05
36                                     2.0144138462604225e-02         2.2533069302367375e-05         1.5955245931183778e-04         3.0050467386431965e-04         2.1172836217108353e-03         3.5045366307777663e-04         2.0032765331583040e-03         2.9192481580045957e-03
37                                    -1.0354898655862494e-02        -8.7201228195948541e-05         1.3516278453593045e-04        -2.8814567176324839e-04         1.3384551925788185e-03        -4.3057814305180004e-04        -6.0387392570496450e-04        -2.8473685134387606e-03
38                                     4.9297550659431477e-04         5.6175911490876805e-05         6.2953862972680436e-05        -7.4204292225259639e-05         5.2667238326740279e-04        -3.0663199278975484e-04        -2.6525721413662171e-04         8.3422379973746314e-03
39                                     1.1712301694358409e-03         1.5967090879351403e-03         7.8607737649805250e-04        -4.3063358225632294e-04         4.1593397433039078e-03         3.5777996312234108e-03        -2.4418908413491244e-02        -1.7151930541981747e-03
40                                    -3.8490994561980975e-03         2.6011397629161403e-04         3.3585326238489875e-04         1.7871465202037656e-04         2.6128435550763552e-03         3.7307319219651285e-04        -1.5968451944475499e-02         2.7255001547800829e-04
41                                    -3.2160010674317885e-01        -8.6019482196638200e-05         1.0780714636931046e-04        -7.3309293725017880e-04         7.4961049605467428e-04         9.8702551528582734e-04        -8.4734896712140417e-03         6.7804578803207444e-04
42                                    -5.0329418273158807e-03         5.1715903419285742e-04        -2.0474995565267430e-03         1.2839819013191400e-03        -1.8091761745291403e-03        -2.8997746871468243e-02         8.8965008543547049e-03        -4.3105518757654976e-03
43                                     8.7608507446497591e-02         1.1055563883191092e-03         1.2413102334477427e-03         1.2991512069379201e-03        -2.5367461820264212e-03        -2.0591925818201903e-02         6.2287168913434266e-03         1.0641974231261099e-03
44                                    -8.0661679308347944e-02        -3.6805440459840907e-04        -2.4314617854247905e-04         1.2212701945908740e-03        -1.9610895594742630e-03        -1.1131182920597995e-02         1.5417799724164582e-03         2.3199648854676041e-03
45                                    -6.7680461302072948e-04        -5.0711088456191974e-02        -1.3206676676507129e-02        -4.1368639595530318e-04        -3.4337284031056362e-03         1.8739814945105071e-02         3.4363375784021650e-03        -1.0493351670554225e-04
46                                     7.4597561996466756e-05        -9.8890649636150362e-03        -3.2675865523454578e-01        -6.0384172987975214e-03        -6.7064973308265594e-04        -9.0426823159737574e-03        -3.5087495856045425e-03        -6.2719476177497640e-05
47                                     2.3106190325627708e-04        -4.7260385273056264e-03        -9.4767679118578675e-04        -4.2929266673580581e-02         2.4759521830375383e-03         2.4299031940088603e-02        -2.3490849909492857e-03        -6.8401285124379373e-05
48                                     7.0718836466694864e-03         4.2279286513178726e-03         2.5298002876909378e-02        -9.0146552309260143e-03        -5.3249128880135069e-02        -2.8183139412534995e-02         4.6529583290849854e-03         2.8064718043608168e-05
49                                     3.9278551741970397e-03        -4.1359732341761310e-03        -1.1163392625903877e-02         4.5406651214084104e-03        -2.8966708622591274e-02        -3.0352298968655012e-01         8.1982079562963939e-02        -4.9423843051375218e-04
50                                     6.7142238614309735e-03        -1.0720332214544156e-03        -6.9905545208762149e-03        -4.4080793143615009e-03         7.9716890992602273e-03         7.5953144476385209e-02        -6.6163319434528245e-02        -3.3949814602680017e-04
                                                        16                          17                          18                          19                          20                          21                          22                          23

0                                      1.4660142801486406e-04         7.2678924106146746e-05         1.0943257552035925e-04        -4.6116552556274299e-05        -1.1758653651532851e-04        -2.3018609198405038e-02        -1.4060395579267512e-03         5.7025358037069360e-03
1                                     -3.0736415807648215e-04        -1.1418221553841641e-04        -1.1501153719782392e-04         5.7183018767146513e-05         6.7817345912541630e-05         1.1893628745154790e-02         6.5700868085284241e-03        -3.4723804438259627e-04
2                                      4.4057430480578890e-04         1.6337161951567779e-04        -1.5630397263667034e-04         1.1311452905075220e-04         1.7745230400902394e-04         3.9717488575903605e-02         1.2059934977171413e-02        -1.6261509127643960e-04
3                                      3.6521742653139178e-02        -1.6222428312294673e-02        -3.0937368391523939e-01         8.3315266657422754e-02        -2.2319827393800021e-01         3.6582739958987099e-03         4.5793655697336840e-04         4.8171467855570738e-03
4                                     -3.9534325284501376e-03         1.0015861129190423e-02         9.0226816232192864e-02        -8.0087350449334516e-02         5.8976940325218774e-02         2.1778220886600865e-03         4.6760962723783840e-04        -2.3003754816059430e-03
5                                      1.0536157083174045e-02         3.6404802729078187e-02        -2.1688129192524641e-01         5.7654193586228399e-02        -3.9404442885751173e-01         2.2939708335250131e-03         1.4409783326648894e-04        -1.9340576224230529e-03
6                                      2.7700941799714282e-03        -2.0011428906819111e-03        -4.4436132775098357e-02         1.7427879077802109e-02        -3.2464931228993327e-03         3.2481634731694811e-03         7.3223797859325781e-03        -7.9932814164648362e-03
7                                      1.2192881119460805e-02        -1.3831831958875055e-04         1.2485604730033063e-02        -8.5461098750440820e-03         2.0143989512099204e-03        -6.6428866810636089e-04         2.0866425365470634e-03        -2.1770734072417402e-03
8                                      1.2769352843816262e-03         1.3268079711385734e-03        -2.4652874693752491e-02         1.2118493821795516e-02         1.3705875025100483e-02        -3.8795249235574043e-02        -1.6981455478123415e-02        -2.6558830925562098e-02
9                                     -5.1764203364286654e-05        -3.2812879761877009e-04        -1.5810617651848954e-03         3.9654111113363933e-04         9.3714324424095643e-04        -1.3068820264888426e-01         4.0058694297340665e-02         1.0675979279810408e-01
10                                     1.0925391773732654e-03         2.5772135713823894e-04        -8.6732791603362329e-04         2.9753481787478170e-04        -3.7050287019589363e-04         3.6416120626641443e-02        -8.8542744285918518e-02        -6.2830296674147440e-02
11                                    -5.0268926793884273e-04        -3.2905449776362221e-04        -5.0689011781311719e-04        -1.0485840610738588e-04        -6.5556075119311413e-05         7.1829911255247791e-02        -4.6377607317004577e-02        -1.2185938941104983e-01
12                                     1.9766814625245288e-03        -3.1419310786316604e-04        -9.4381632726890478e-04        -1.1559461143890084e-03         3.5434204247613140e-03        -3.6949909683269361e-02        -1.4557308492001802e-02        -4.2425977240499041e-02
13                                    -3.6577013406715684e-03        -1.0655993738765393e-03         2.8971536817210871e-03        -6.7556007653328705e-04         1.2654505253448592e-04        -1.4737407199516415e-02        -5.9694653492145644e-02         3.2125184059153385e-02
14                                    -2.3312634195713665e-03        -1.5401968831175194e-03        -7.3562091473967613e-04        -7.5857395676551796e-04         7.0073938579529884e-04        -8.4609676299516740e-03         1.6542932587680512e-02        -2.4872307309359032e-01
15                                    -9.2618290698779276e-02        -4.7451921814894479e-02        -1.6705526497966472e-01         5.7385610689719063e-02         6.5213812703454790e-02         2.1721699141407329e-05        -1.0607179362748730e-04        -1.0094024763979798e-03
16                                     5.3885667344082205e-02         2.0400211902896537e-02         5.7224734058885091e-02        -5.0836095467668679e-02        -2.8378762892662876e-02        -1.3449623530073743e-04         8.0396596709400283e-05         9.9049064513923426e-04
17                                     2.0400211902896537e-02         5.4114823265348007e-02         6.4335353810574758e-02        -3.0101619761974355e-02        -9.2118005331310718e-02         1.1107899656080025e-04         5.0712047805001648e-05         6.1712617082697481e-04
18                                     5.7224734058885091e-02         6.4335353810574758e-02         5.1297514422335344e-01        -1.6437029216937102e-01         1.9313358756266874e-01         9.1752616636270106e-05         6.9888451032741096e-05        -5.0690052491109551e-04
19                                    -5.0836095467668679e-02        -3.0101619761974355e-02        -1.6437029216937102e-01         1.1579886648724348e-01        -3.7967772016638576e-02        -4.2736212352347317e-04         6.8598088294677460e-05         1.1742488085102464e-04
20                                    -2.8378762892662876e-02        -9.2118005331310718e-02         1.9313358756266874e-01        -3.7967772016638576e-02         5.0093745300066805e-01        -7.7044679172215370e-04         3.9663639042250109e-04         8.9569495523009277e-04
21                                    -1.3449623530073743e-04         1.1107899656080025e-04         9.1752616636270106e-05        -4.2736212352347317e-04        -7.7044679172215370e-04         1.9756862372825412e-01        -4.6919139204047888e-02        -6.4568117120380242e-02
22                                     8.0396596709400283e-05         5.0712047805001648e-05         6.9888451032741096e-05         6.8598088294677460e-05         3.9663639042250109e-04        -4.6919139204047888e-02         1.3305914884288109e-01         3.3789746176147564e-02
23                                     9.9049064513923426e-04         6.1712617082697481e-04        -5.0690052491109551e-04         1.1742488085102464e-04         8.9569495523009277e-04        -6.4568117120380242e-02         3.3789746176147564e-02         4.1771663263153824e-01
24                                    -6.0678926839279231e-04         1.2889230114614559e-04         5.9621935462520186e-04         2.3001347618418436e-04        -4.6634067462090941e-04        -4.0355582953908510e-05         2.9071598690048254e-06        -2.9358969256003779e-05
25                                     6.0796836306075026e-04         2.9138416918616725e-04        -1.1075320808316197e-03        -2.3099272823262789e-03        -2.6703593735263658e-03        -1.7511030236823305e-05        -6.4486739734595443e-05        -1.3980074109491757e-04
26                                     2.6298834083784625e-04         5.1499067200253164e-06         1.5225576805137447e-04        -1.5231040947123479e-03        -5.0645138845698445e-04        -2.0621729114314962e-05        -1.2055141750198885e-05         1.1716806998417141e-07
27                                     4.6319281040329228e-05         3.7978785278280602e-05         1.3702111571111016e-04        -5.3990894657928324e-05        -9.7982174476414800e-05        -7.9306646396815721e-03        -3.4651411164956674e-03        -3.1665891766070875e-05
28                                     2.3057891832085442e-05         2.2073913002082455e-05         4.4517328326377473e-05        -2.9502702184628412e-05        -3.1443399827836668e-05        -3.2550144218359183e-03        -9.7073352813797963e-05         7.8965321634618443e-04
29                                    -3.7229380770300373e-05        -2.3434687147480351e-05        -3.9261594775447280e-05         1.3400679566144460e-05         1.8059677718554410e-05        -2.0020188753382853e-03         3.7923232970199668e-04         1.8642269625830489e-03
30                                     2.3701576065873070e-04         1.2622228526392945e-04         1.2808563068026409e-04        -4.6073416190694745e-05         1.8509087867205152e-05         2.7374478038539492e-03         4.8656983759348303e-04         1.7820272236419869e-03
31                                     1.0912297631293641e-04         4.0437359991641978e-05         2.5057556797283614e-05        -1.7929370015305150e-05        -1.2596664646565134e-05         1.7643143909085977e-03         2.5468144445672949e-04         9.8654710805347301e-04
32                                     1.6669176455654033e-05         1.9143495718859803e-05         5.3165614258409745e-05        -3.3935384091715809e-05         1.2063749085484705e-05        -1.8063517968598011e-03         1.8827093405380385e-04         1.2077260489692483e-03
33                                    -1.0543510795590735e-05        -3.8563365394929811e-06        -3.7062887708202714e-05         1.2628140619554129e-05         2.2798598595232173e-05         3.2329541128648899e-03         1.6926208778513267e-03         4.9572085265134585e-04
34                                     2.6376502330979269e-05         8.6727050992429637e-06         6.0305329243736522e-07        -5.5808178676885426e-06         1.3540521513085140e-05         8.7085036786497573e-04         2.0414069452754707e-03         7.8383102324110264e-04
35                                    -1.2017603161247766e-05        -1.9367638234593843e-05        -1.6728732336216876e-05         5.3767593847664106e-06        -1.6441365449296354e-05        -4.6567111480709045e-04         1.0171099671024452e-03        -2.6539064860852936e-04
36                                    -5.2236154864641320e-03         5.8554114752414716e-04         4.9933572094419884e-03         6.6571076206874587e-03        -3.5434043512195229e-02         2.5678393337009108e-04        -3.1410563848297473e-04        -2.1348470824215449e-03
37                                    -8.8454645678476222e-03        -1.1222959101116572e-04         7.0075811269228443e-03         2.6402035182336969e-02         1.0108795458213742e-02        -2.3812213931175127e-04        -7.2882092743005249e-05         8.3490756053225426e-04
38                                    -1.8337461135677288e-03         2.1502560991829471e-03        -9.9170942326737774e-03        -1.8733665325729593e-03        -3.1584571376494723e-02        -2.0281322434797296e-04         1.7766712211471272e-04         1.2815981081178021e-04
39                                     4.7563150985268493e-04        -2.5134231058540748e-04         3.9712299135293916e-03        -1.5802460812069821e-03        -1.1400992904661551e-03        -5.8826174360200783e-03        -3.6083827043372828e-03        -3.7117067479864921e-03
40                                    -4.2427414682270871e-04         2.8558513871961998e-04        -2.0766104749600739e-03         1.8518423574963533e-04         1.7366640649510857e-04        -2.7142374826412173e-03        -8.6318841411010567e-04        -2.0542751632950879e-03
41                                    -4.2054005239884092e-04        -8.5760869561688556e-05        -3.0718671592508164e-03         1.3932060315208859e-03         1.4626186889829477e-03        -1.7519896226121819e-03        -1.3395603788051661e-03         9.7651258556248535e-04
42                                    -9.6873349243177748e-04         1.0851069189711736e-03         9.8174761472290912e-04         1.6282264725892806e-03         2.2561070812797067e-03         1.8841648780178605e-03         1.9905186697491304e-03         1.0128340299299366e-03
43                                    -1.5349261399450246e-04        -6.6037892619213128e-05        -1.2443112579062915e-03        -5.4403306990898482e-04        -2.2070399366681277e-03         1.8266134322530141e-03         1.5057996346787578e-03        -1.2114001297480487e-04
44                                    -4.8699976239186020e-04        -8.5850040093467012e-04        -1.6956968287865099e-03         8.9611344160864096e-04         7.1798065412828670e-04         1.5103581421980665e-03        -5.8867590534152992e-04         7.2741723654990028e-04
45                                     6.5906586654281457e-05         7.0477125517892869e-05         2.5185783809349871e-04        -1.0831144917969786e-04        -1.5122536201648729e-04        -7.0850003291733944e-03         2.0801824074434223e-02         1.7689102096238810e-03
46                                    -1.3754851823834726e-05         2.6192753312671326e-05        -1.1490614682729827e-04         9.1833520683803297e-05         6.2250255917639316e-05         9.6501192433042920e-03        -4.8528706268843001e-03        -2.9499451037315674e-03
47                                     6.3406608045482748e-05         6.6679240649640152e-05         3.0756317379242729e-04        -1.5614079889145457e-04        -5.9474435824369764e-05         8.0745954755379271e-03        -3.4922315963649350e-02        -3.1670833085354275e-03
48                                     6.2367625027944488e-05        -6.7587633490434320e-06        -8.0882544214988267e-04         7.9907885188870091e-04        -5.1823891655995073e-04        -1.1045267228192122e-03        -2.5152796330063084e-03         7.8684994103658638e-05
49                                     1.7356970419310185e-04         1.7255548518920562e-04        -1.4997793304773015e-04         1.5085375993298530e-04        -2.6987404750808235e-04         4.5162380388830137e-03         8.0535284797405276e-03         2.5179971969346432e-03
50                                     4.2394339804460382e-05         1.0615980989140650e-04         2.1395638418065990e-04         1.7580771598470386e-04        -2.3300861055105529e-04        -4.6995513655010519e-03         3.5459692581283037e-02        -2.1463173469096014e-02
                                                        24                          25                          26                          27                          28                          29                          30                          31

0                                     -5.1947998726069289e-06        -7.9296147658949813e-06        -5.7149285962915556e-06        -1.1071174005695888e-01         2.5483993882788287e-02         1.1291500929179704e-01        -1.2522096863967702e-01         5.0674384710384754e-02
1                                      1.0361732893849658e-05         2.0968134013231413e-05         7.5133796426550415e-06         2.5060623219589302e-02        -5.8975615871756544e-02        -4.7281970824359192e-02         5.0437580087650605e-02        -8.1053871985115725e-02
2                                     -1.5527105033369818e-05        -3.7919854776895329e-05        -8.7634140243796748e-06         1.1204038222103108e-01        -4.7240075256251221e-02        -2.4344338576997082e-01        -1.1268405779695352e-01         7.2905520537338148e-02
3                                     -1.8985046347980530e-04         8.0613332998570402e-04         3.9272312313749379e-05         6.2479851300130482e-05         2.9826266527960017e-05        -2.4740516409262232e-05        -1.3216151748292066e-04        -1.0227910538514727e-04
4                                     -2.9889302051957925e-04         1.4770888675895311e-03         5.2354412772053372e-04         3.4877551886019088e-06        -3.1185930083423344e-05         6.6443696765509236e-05        -5.1502777836323209e-04        -2.1052966038503083e-04
5                                      4.2341166540247905e-04         1.6802118554757911e-03        -1.3105469191737238e-04         1.1742461586000241e-04         3.8191019813227259e-05         4.3327164399635954e-05        -5.4868381825314114e-04        -1.9803531667025409e-04
6                                     -1.1575837100368238e-04        -8.7473575841848293e-05        -8.3810408994070692e-05         1.3531355903923935e-04         2.9724584322584163e-05         1.2376823848387979e-04        -1.0711987123565594e-03        -4.7299025521260534e-04
7                                      1.0360314930292315e-04         1.4198314686437677e-04        -2.4078141082079554e-05        -2.7158141692234551e-05         6.4063643272553985e-05        -1.1694178698237398e-04         9.8615009165955612e-04         5.8260816967032562e-04
8                                     -1.1012847511757828e-04        -2.5510030996551367e-04        -7.3033867336652779e-05        -2.4078233479274966e-04        -7.9819749004759978e-05        -3.6798520808758312e-05         1.0708585131969347e-03         1.4002853430033308e-04
9                                      3.3672813101396487e-06        -1.4300389849207226e-05         7.6471172063853830e-06        -1.1956042275515381e-02        -5.2251528435052277e-03        -1.3280142387773058e-03        -1.9944357923494898e-02        -1.0050806832429912e-02
10                                    -3.4070338111882165e-05        -1.0757708466323888e-04        -3.4771618808269908e-05         9.5733310109560477e-03         3.2050791609061153e-03         5.9042802210434195e-04         1.2262657760463036e-02         6.1709147272551723e-03
11                                    -6.9949701151730159e-06         5.6959131802981108e-05         3.1780135067796358e-06         2.5793227959560482e-02         1.3656826776561843e-02         8.7482861855878820e-04        -2.4748358424260684e-02        -1.4231427011366943e-02
12                                     1.1626361980725067e-04         2.4535201225106695e-05         1.4930829412039874e-05         1.4638654339478707e-03         6.2052253805632116e-04         1.1031767146720672e-03        -2.9480740210448535e-03        -1.6669863843998356e-03
13                                     1.0799306232309674e-04         3.2669380609090927e-04         9.7684250719468687e-05         1.2893575496283373e-03         4.2335398291744753e-04         7.5345257090757636e-05        -4.6586190130953270e-03        -1.6935990448094357e-03
14                                     5.3458937447042846e-05         2.0760842667668061e-04         3.7313673534226459e-05         1.0820764218177912e-03        -4.2333901426314850e-04         2.4243110513143761e-04        -1.3255152944704109e-03        -1.9337249466207782e-04
15                                    -7.3837558086592642e-04         2.8213748507422364e-04        -6.7607665159438019e-05        -1.0972907647148873e-04        -3.5079499889677484e-05         7.5132888044500130e-05        -3.5550291228934427e-04        -1.3038830108095514e-04
16                                    -6.0678926839279231e-04         6.0796836306075026e-04         2.6298834083784625e-04         4.6319281040329228e-05         2.3057891832085442e-05        -3.7229380770300373e-05         2.3701576065873070e-04         1.0912297631293641e-04
17                                     1.2889230114614559e-04         2.9138416918616725e-04         5.1499067200253164e-06         3.7978785278280602e-05         2.2073913002082455e-05        -2.3434687147480351e-05         1.2622228526392945e-04         4.0437359991641978e-05
18                                     5.9621935462520186e-04        -1.1075320808316197e-03         1.5225576805137447e-04         1.3702111571111016e-04         4.4517328326377473e-05        -3.9261594775447280e-05         1.2808563068026409e-04         2.5057556797283614e-05
19                                     2.3001347618418436e-04        -2.3099272823262789e-03        -1.5231040947123479e-03        -5.3990894657928324e-05        -2.9502702184628412e-05         1.3400679566144460e-05        -4.6073416190694745e-05        -1.7929370015305150e-05
20                                    -4.6634067462090941e-04        -2.6703593735263658e-03        -5.0645138845698445e-04        -9.7982174476414800e-05        -3.1443399827836668e-05         1.8059677718554410e-05         1.8509087867205152e-05        -1.2596664646565134e-05
21                                    -4.0355582953908510e-05        -1.7511030236823305e-05        -2.0621729114314962e-05        -7.9306646396815721e-03        -3.2550144218359183e-03        -2.0020188753382853e-03         2.7374478038539492e-03         1.7643143909085977e-03
22                                     2.9071598690048254e-06        -6.4486739734595443e-05        -1.2055141750198885e-05        -3.4651411164956674e-03        -9.7073352813797963e-05         3.7923232970199668e-04         4.8656983759348303e-04         2.5468144445672949e-04
23                                    -2.9358969256003779e-05        -1.3980074109491757e-04         1.1716806998417141e-07        -3.1665891766070875e-05         7.8965321634618443e-04         1.8642269625830489e-03         1.7820272236419869e-03         9.8654710805347301e-04
24                                     3.5471775259522046e-04         5.6661501372416408e-04         1.0214637195450173e-05        -3.8132849344666450e-06        -1.3766141597162560e-06         2.6980037034360295e-06        -1.2621644361623886e-05        -2.8028323816094784e-06
25                                     5.6661501372416408e-04         1.2918084896746957e-04         6.5156150180228705e-04        -5.5770512695480596e-07        -1.0290697168201260e-06         2.5446184209003127e-07        -1.6802534460881347e-05        -8.3194998957720475e-06
26                                     1.0214637195450173e-05         6.5156150180228705e-04         7.0735649746995772e-04        -2.9109875127100840e-06         4.5766298417675996e-07         1.3366572723591880e-06        -5.8389633751656866e-06        -3.5591995094643362e-06
27                                    -3.8132849344666450e-06        -5.5770512695480596e-07        -2.9109875127100840e-06         1.2087975574717577e-01        -2.7509613739162005e-02        -1.2383179627287756e-01         9.7478335769070057e-03        -4.4801440550720738e-03
28                                    -1.3766141597162560e-06        -1.0290697168201260e-06         4.5766298417675996e-07        -2.7509613739162005e-02         5.7831809551614842e-02         5.1438587416517287e-02        -6.5378244037735348e-03         1.4478513230922804e-03
29                                     2.6980037034360295e-06         2.5446184209003127e-07         1.3366572723591880e-06        -1.2383179627287756e-01         5.1438587416517287e-02         2.6164629649469667e-01         1.2771541733217817e-02        -5.6795355714135999e-03
30                                    -1.2621644361623886e-05        -1.6802534460881347e-05        -5.8389633751656866e-06         9.7478335769070057e-03        -6.5378244037735348e-03         1.2771541733217817e-02         1.3789995876214051e-01        -5.2892977116017738e-02
31                                    -2.8028323816094784e-06        -8.3194998957720475e-06        -3.5591995094643362e-06        -4.4801440550720738e-03         1.4478513230922804e-03        -5.6795355714135999e-03        -5.2892977116017738e-02         8.2848273770469896e-02
32                                    -3.5012075463515438e-06         2.8436303168602429e-07        -3.9488662202269729e-07        -1.5385101693450431e-02         9.8576608656100115e-03        -1.9903717403262779e-02         1.2462089247503630e-01        -7.8892943636956328e-02
33                                     2.2302341158494593e-06        -6.7359920015577268e-06        -5.5776470715081672e-07        -2.0625582008807174e-03         1.5544265105999629e-02        -4.0185136000092658e-04        -2.0857608304928202e-03         1.6888014317144082e-02
34                                    -3.6798136030018408e-07        -6.0820857326475983e-06        -1.6549693849530952e-06         1.6725369298294795e-04        -3.5987098511769599e-03         2.5667511250807018e-04         5.2466561278988535e-04        -9.1017702820309927e-03
35                                     1.6083827302992478e-06        -1.1093827735924775e-07        -2.2182544446246215e-06         1.3629305066024811e-03        -2.7426362501521830e-02        -1.3015525102612628e-03        -1.6750594338371598e-03         2.5391530850369472e-02
36                                     1.6648777166053321e-05        -7.2709133075226143e-05         6.4468533888700495e-05         8.6575605078630298e-05         2.5463559250277147e-05        -1.9359976136796003e-07        -2.3332729239629768e-05         4.3394855476251238e-06
37                                    -3.3666570019077532e-05        -2.3968020739634314e-04         5.2122382530967826e-05        -2.0383977797643863e-05         2.3866025879119152e-06        -7.8455197395001664e-06         4.5874293813682912e-05         2.3048131732898475e-05
38                                    -4.0568387078583862e-05         1.4455080281874390e-04        -5.5886549745656834e-05        -9.0949234444275516e-06        -4.9708796043472329e-06         1.9529840689655811e-06         9.0123148309027498e-07         6.0109181446448175e-06
39                                    -7.3629595304916950e-07        -5.4880401841445037e-07        -1.2531314541261227e-05        -1.6448168784629084e-04        -2.8277888296921006e-05         9.8487419174037244e-06         5.2239049438068913e-05        -1.9295245153405047e-05
40                                    -8.8655349295975310e-06         2.3260720233818905e-05         1.0486694923525958e-05        -4.7635055072276763e-05        -2.5427635993138429e-06        -7.2979379083827622e-07         2.9584943706431027e-05        -3.2966584972275083e-05
41                                    -9.4512335789130489e-06        -1.0352931806443459e-06         1.0035397314536450e-05        -6.3086720784778609e-05        -9.1560245371932053e-06         1.6358096879203615e-05         8.8345205991446213e-06        -1.3464207257510123e-05
42                                    -4.5712989208576921e-05        -1.5351507950485301e-04        -3.0359140735301016e-05         1.0035747660059550e-05         8.3090030358525663e-06        -1.6018283792374659e-05        -2.1641419773835231e-05         3.6188272986844298e-05
43                                     2.5572749988422567e-06         3.2513713058834301e-05        -4.0832363542098123e-06        -3.2519938407849641e-06        -3.5152967465942528e-05        -1.0967604274565029e-05         1.8337859490009760e-05         4.3538256990360066e-05
44                                     2.8897733518668201e-05         6.8111364531265307e-05         2.5999662948250271e-05         5.1877804270003330e-05         4.7793339047120858e-05        -2.1753333149530539e-05         1.5471498124307835e-05         7.8633870440169423e-06
45                                    -5.1756539495824469e-06         1.6643256374430487e-05         4.3208281294182522e-07         7.1153868280494502e-04         8.3216218525267313e-04         4.9868371074435615e-04         9.7794853137427636e-04         7.9009881037454561e-04
46                                     2.8626589541192035e-07        -2.0658500865327218e-05        -3.3433046294067270e-06        -6.9706419637408871e-04        -2.8502614905672645e-04         2.2047828000348185e-04        -1.4690964034311596e-04         3.9557911202540031e-04
47                                     5.9981091749961597e-06         8.9323910576264396e-06         4.4135895364734064e-06        -5.9260302711969454e-04        -3.8891877935426475e-04         7.1496381335038519e-05         6.1738393365868964e-04        -1.8662817354409152e-04
48                                     6.8147646963513046e-05        -1.5180639377031767e-04        -4.0007823370487017e-05        -2.9539009733598051e-04        -3.7586427744061405e-05         1.2968267937980989e-04         2.7210699581939606e-04        -3.7946263305846568e-04
49                                    -9.6146928216952598e-05        -1.8971295478982324e-06        -2.2131127259013273e-06         1.7570975071319692e-04         5.8236501630922919e-05         8.2139877194523786e-05        -1.9846712953286612e-04         2.4336851521854740e-04
50                                     7.4306972539149260e-06        -3.0274796082524014e-06        -1.7097513824899216e-05        -2.1652154842311021e-04        -2.3492325748117793e-04        -4.9671918043115316e-05        -6.1748291222557495e-05        -7.9749932913272944e-05
                                                        32                          33                          34                          35                          36                          37                          38                          39

0                                     -1.1344252189000302e-01        -5.0829131304809268e-02         2.8786298737039539e-02         1.7827358510958504e-03         1.1726084061105570e-04         4.5392427736443055e-06         2.1689511427909654e-05        -3.8568900963155861e-05
1                                      7.2331955037968312e-02         3.2552228849691382e-02        -3.1629992926254630e-01        -2.5399961022982954e-02        -9.2104659910531572e-05        -3.2598334441190455e-05         2.4863591142681649e-07        -1.1576384620954849e-05
2                                     -2.0795245086064112e-01         2.8061417875161988e-03        -2.4825396746837911e-02        -4.8841005550497044e-02        -2.1084597310216081e-04         1.2360512477258738e-04         3.9514659795624536e-05         2.4094632999221104e-04
3                                      3.1233220684398141e-05         1.0430515721211904e-07        -1.7004968036332668e-05        -2.8801332685905203e-05        -7.3295068255177051e-02         1.3625830540519995e-02         5.6637458142804409e-02        -1.3211860191472673e-03
4                                      1.5706820966664321e-05         6.9937728597493595e-05         2.0924776798216752e-05         5.0959059099651603e-05         1.4462453704831910e-02        -6.3193740631155321e-02        -4.7343282907917505e-02         5.8262097799428674e-04
5                                     -2.3659970605191365e-05        -4.1050716180855609e-05        -5.4787633663068783e-05         6.1996960979810519e-05         6.7992274217269860e-02        -5.1875059963734357e-02        -3.0642615450255289e-01         3.4739972532878083e-02
6                                      1.4832242524475948e-04        -1.2048829532243879e-04         8.9194429504890760e-05        -4.8552630571287560e-05         2.0232894871439443e-03         1.6202943806430271e-03        -1.7906504260028835e-03        -4.9521101620646810e-02
7                                      4.5484780330165217e-05         3.6577402491194601e-05         2.9431311259625788e-04         5.9526000777542214e-05         2.8619158025518436e-03         6.2655836635984617e-03        -1.1315865419605402e-04        -1.0542276919751552e-03
8                                     -1.5570626440615434e-05        -1.3972731796319502e-04        -1.0655158877401118e-04        -1.5754863712905468e-04         2.0144138462604225e-02        -1.0354898655862494e-02         4.9297550659431477e-04         1.1712301694358409e-03
9                                      8.3028913289696221e-04         1.3346746308598809e-03         1.8551800876216371e-03         9.2122129064989137e-04         2.2533069302367375e-05        -8.7201228195948541e-05         5.6175911490876805e-05         1.5967090879351403e-03
10                                    -9.5602643170187174e-04        -3.3767849269003766e-02        -1.6815508093109895e-02        -5.0341873359542968e-04         1.5955245931183778e-04         1.3516278453593045e-04         6.2953862972680436e-05         7.8607737649805250e-04
11                                     6.3774188874017070e-04        -3.5089953186197408e-03        -1.8524302338328563e-03        -2.0400230196810426e-03         3.0050467386431965e-04        -2.8814567176324839e-04        -7.4204292225259639e-05        -4.3063358225632294e-04
12                                     2.0816329290778172e-03         1.4159360895587792e-03         8.0382605664765933e-04         1.9903274316384690e-04         2.1172836217108353e-03         1.3384551925788185e-03         5.2667238326740279e-04         4.1593397433039078e-03
13                                    -7.0010320392991862e-04        -1.7894686852276843e-03         3.0312010752798699e-04        -9.9068751910146437e-04         3.5045366307777663e-04        -4.3057814305180004e-04        -3.0663199278975484e-04         3.5777996312234108e-03
14                                     8.2905649340327472e-04        -7.7105930381399799e-04        -3.6163186561574988e-04         7.8941649341283493e-04         2.0032765331583040e-03        -6.0387392570496450e-04        -2.6525721413662171e-04        -2.4418908413491244e-02
15                                    -6.0504422710515315e-05         1.4114732528304834e-05        -2.8789521609889923e-05         2.0472115558780382e-05         2.9192481580045957e-03        -2.8473685134387606e-03         8.3422379973746314e-03        -1.7151930541981747e-03
16                                     1.6669176455654033e-05        -1.0543510795590735e-05         2.6376502330979269e-05        -1.2017603161247766e-05        -5.2236154864641320e-03        -8.8454645678476222e-03        -1.8337461135677288e-03         4.7563150985268493e-04
17                                     1.9143495718859803e-05        -3.8563365394929811e-06         8.6727050992429637e-06        -1.9367638234593843e-05         5.8554114752414716e-04        -1.1222959101116572e-04         2.1502560991829471e-03        -2.5134231058540748e-04
18                                     5.3165614258409745e-05        -3.7062887708202714e-05         6.0305329243736522e-07        -1.6728732336216876e-05         4.9933572094419884e-03         7.0075811269228443e-03        -9.9170942326737774e-03         3.9712299135293916e-03
19                                    -3.3935384091715809e-05         1.2628140619554129e-05        -5.5808178676885426e-06         5.3767593847664106e-06         6.6571076206874587e-03         2.6402035182336969e-02        -1.8733665325729593e-03        -1.5802460812069821e-03
20                                     1.2063749085484705e-05         2.2798598595232173e-05         1.3540521513085140e-05        -1.6441365449296354e-05        -3.5434043512195229e-02         1.0108795458213742e-02        -3.1584571376494723e-02        -1.1400992904661551e-03
21                                    -1.8063517968598011e-03         3.2329541128648899e-03         8.7085036786497573e-04        -4.6567111480709045e-04         2.5678393337009108e-04        -2.3812213931175127e-04        -2.0281322434797296e-04        -5.8826174360200783e-03
22                                     1.8827093405380385e-04         1.6926208778513267e-03         2.0414069452754707e-03         1.0171099671024452e-03        -3.1410563848297473e-04        -7.2882092743005249e-05         1.7766712211471272e-04        -3.6083827043372828e-03
23                                     1.2077260489692483e-03         4.9572085265134585e-04         7.8383102324110264e-04        -2.6539064860852936e-04        -2.1348470824215449e-03         8.3490756053225426e-04         1.2815981081178021e-04        -3.7117067479864921e-03
24                                    -3.5012075463515438e-06         2.2302341158494593e-06        -3.6798136030018408e-07         1.6083827302992478e-06         1.6648777166053321e-05        -3.3666570019077532e-05        -4.0568387078583862e-05        -7.3629595304916950e-07
25                                     2.8436303168602429e-07        -6.7359920015577268e-06        -6.0820857326475983e-06        -1.1093827735924775e-07        -7.2709133075226143e-05        -2.3968020739634314e-04         1.4455080281874390e-04        -5.4880401841445037e-07
26                                    -3.9488662202269729e-07        -5.5776470715081672e-07        -1.6549693849530952e-06        -2.2182544446246215e-06         6.4468533888700495e-05         5.2122382530967826e-05        -5.5886549745656834e-05        -1.2531314541261227e-05
27                                    -1.5385101693450431e-02        -2.0625582008807174e-03         1.6725369298294795e-04         1.3629305066024811e-03         8.6575605078630298e-05        -2.0383977797643863e-05        -9.0949234444275516e-06        -1.6448168784629084e-04
28                                     9.8576608656100115e-03         1.5544265105999629e-02        -3.5987098511769599e-03        -2.7426362501521830e-02         2.5463559250277147e-05         2.3866025879119152e-06        -4.9708796043472329e-06        -2.8277888296921006e-05
29                                    -1.9903717403262779e-02        -4.0185136000092658e-04         2.5667511250807018e-04        -1.3015525102612628e-03        -1.9359976136796003e-07        -7.8455197395001664e-06         1.9529840689655811e-06         9.8487419174037244e-06
30                                     1.2462089247503630e-01        -2.0857608304928202e-03         5.2466561278988535e-04        -1.6750594338371598e-03        -2.3332729239629768e-05         4.5874293813682912e-05         9.0123148309027498e-07         5.2239049438068913e-05
31                                    -7.8892943636956328e-02         1.6888014317144082e-02        -9.1017702820309927e-03         2.5391530850369472e-02         4.3394855476251238e-06         2.3048131732898475e-05         6.0109181446448175e-06        -1.9295245153405047e-05
32                                     2.2198900495579488e-01         3.2813045651567995e-03        -1.5494167336395706e-03         3.1813322762806115e-03         1.3785079242645097e-06         8.8621314205353675e-06        -1.1653255732905696e-06        -1.7443053265796412e-06
33                                     3.2813045651567995e-03         5.4678811598582684e-02        -3.0096442725152637e-02        -1.6849704922574987e-03        -3.0501359332912016e-05        -7.0293454990956721e-08         4.6349572610757421e-06         2.6636712524736607e-06
34                                    -1.5494167336395706e-03        -3.0096442725152637e-02         3.4223002851237577e-01         2.7623474028086174e-02        -1.1516808414887376e-05         8.3069435405174440e-07         7.3758539412618895e-07        -1.0169628790422322e-05
35                                     3.1813322762806115e-03        -1.6849704922574987e-03         2.7623474028086174e-02         4.7957718384385013e-02         1.3242713070853103e-05        -4.9144335469958035e-06         5.1379262727692084e-06        -2.9349625388838473e-05
36                                     1.3785079242645097e-06        -3.0501359332912016e-05        -1.1516808414887376e-05         1.3242713070853103e-05         6.4682700993023909e-02        -2.1517449346180304e-02        -5.4022686238345274e-02        -3.6040090310851310e-03
37                                     8.8621314205353675e-06        -7.0293454990956721e-08         8.3069435405174440e-07        -4.9144335469958035e-06        -2.1517449346180304e-02         3.8741598002874592e-02         5.1531738040090071e-02         2.4353262849676561e-03
38                                    -1.1653255732905696e-06         4.6349572610757421e-06         7.3758539412618895e-07         5.1379262727692084e-06        -5.4022686238345274e-02         5.1531738040090071e-02         3.3532447177230823e-01        -4.5724665477691944e-04
39                                    -1.7443053265796412e-06         2.6636712524736607e-06        -1.0169628790422322e-05        -2.9349625388838473e-05        -3.6040090310851310e-03         2.4353262849676561e-03        -4.5724665477691944e-04         5.3021218364985724e-02
40                                    -1.4862060209430629e-05         2.8960989220716802e-05        -3.6919716233900886e-05        -4.0459730140973222e-05         2.4027071748755216e-03         6.7997417029118704e-04        -2.2229655198195166e-04        -9.0538686104290841e-04
41                                     1.0217077834415861e-06         8.6373524457587000e-06         8.5193511334662880e-07        -8.5247447154673415e-06         8.6171850572118870e-04        -2.7766151130701236e-04         6.6812145841600896e-04        -4.6966351456762898e-03
42                                    -1.7031226234333059e-05         6.4730312726687332e-05         2.2037778275904411e-04         2.9712610196933121e-06        -1.2071246331283708e-04        -1.3749821423531807e-03         7.9477632242658648e-04        -9.5588512065666962e-04
43                                     6.4070651653036492e-06         2.0032431109484421e-04         4.6988578960249078e-05         6.6534201706723844e-05         6.1837867419744391e-04         6.8902501985260416e-04        -3.9516248089921727e-04        -5.3448265797719017e-04
44                                    -1.1860105091892476e-06        -3.0561318260695434e-05         5.1492228820490104e-05        -2.2189288485210723e-05        -1.4047439555643648e-04         9.1603328113887684e-04        -3.2504895466344344e-04        -2.0084146084747923e-03
45                                    -3.4295286946977969e-04        -5.2891536161790223e-03        -2.5057504737084494e-03         2.6180643362536690e-05         1.1933387595696653e-04         3.4128101407305156e-05        -2.2755108260910932e-05        -2.6224602248651639e-04
46                                    -2.9553507608434497e-04        -1.8355356327287289e-03         4.1983435696606045e-04         1.5944337614701065e-04        -1.2252616115937249e-04        -1.2764690702217821e-05         1.4104553994281899e-05         1.6598130295215365e-04
47                                     8.4410820839700830e-05         2.0123923192817000e-04        -7.0845138435407658e-05         8.4496968341951184e-04         3.1591409177013320e-05         1.0852332861683302e-05        -1.3351235185789634e-05         3.0637661897257488e-05
48                                     2.8110061604393272e-05        -2.9156319292136573e-04        -6.3129908662208547e-04        -3.8000962358819828e-04        -2.8139173266288574e-04        -7.1685547820860441e-06         1.0347757551633699e-04         6.6262535855843687e-04
49                                    -1.5105134690575166e-05         4.6417975884671496e-04         4.8067652151329888e-04         2.0148080693353906e-05        -1.7396130873749362e-04        -1.1193558482710175e-04         7.6095350622638544e-05        -2.7065242066629013e-04
50                                    -6.3356352961490420e-05        -2.3909993899306434e-04         6.7269929369001905e-05        -1.6631006724442427e-04        -8.0158740942430173e-05         1.6222202575211361e-05        -6.4950766872927390e-05         9.6956528175075188e-04
                                                        40                          41                          42                          43                          44                          45                          46                          47

0                                      4.1209762638235608e-06        -3.8426317672460644e-05        -2.0129918328703802e-04        -3.2612468652747258e-05        -8.8360210901989450e-07         2.6911839823954421e-03         1.2146678037507838e-03        -1.5167909615557891e-03
1                                      1.1093267525053507e-04         4.6642862358533925e-05         1.6880489952590205e-04         2.5537427699490493e-04        -9.7409999230151003e-05        -2.8540304340360537e-02        -9.2575797539085330e-03        -2.7640999025942549e-04
2                                      1.2776850758008089e-04         4.1186177507578157e-05        -3.6801195027112165e-05         2.2191912558144482e-04        -2.1300230137348173e-05        -1.5355574022570288e-03         9.0164270066760924e-04         2.5907072631027482e-03
3                                      1.4955828741639908e-03         1.6312451677389078e-03        -5.2925931973319901e-03         4.9868792712220861e-03        -1.4593468389035701e-03         1.5461162741026938e-04         1.6633325544816984e-04         1.7048329980076706e-04
4                                     -2.2398161772060558e-03        -8.1382830194000918e-04         2.8566904810171472e-02        -1.2508388402143803e-02        -9.8539148727432128e-03        -2.0136800279433312e-04         1.5601049360017619e-04        -1.3172232461135648e-04
5                                     -1.6357696348855231e-02        -1.2042802492333055e-02        -1.4530552749147425e-02         5.4066356352844118e-03         5.0060564411903178e-03         2.9881796759003440e-04        -3.3603668885067925e-04         1.6134553588320838e-04
6                                     -7.1834136127827037e-04         5.8140412104916994e-03        -4.1749990865230964e-02         1.4745982683983017e-02        -1.6696833431113656e-03         1.1421114059673360e-03        -1.0405670647532631e-03         1.7737750707215389e-03
7                                     -4.8913197817870985e-02        -6.1797052360115581e-03         2.0714704958475980e-02        -2.7288546800201657e-01         8.6722173051489104e-02         1.1918225650092941e-03         6.5886418173056495e-04        -2.8110362153319838e-04
8                                     -3.8490994561980975e-03        -3.2160010674317885e-01        -5.0329418273158807e-03         8.7608507446497591e-02        -8.0661679308347944e-02        -6.7680461302072948e-04         7.4597561996466756e-05         2.3106190325627708e-04
9                                      2.6011397629161403e-04        -8.6019482196638200e-05         5.1715903419285742e-04         1.1055563883191092e-03        -3.6805440459840907e-04        -5.0711088456191974e-02        -9.8890649636150362e-03        -4.7260385273056264e-03
10                                     3.3585326238489875e-04         1.0780714636931046e-04        -2.0474995565267430e-03         1.2413102334477427e-03        -2.4314617854247905e-04        -1.3206676676507129e-02        -3.2675865523454578e-01        -9.4767679118578675e-04
11                                     1.7871465202037656e-04        -7.3309293725017880e-04         1.2839819013191400e-03         1.2991512069379201e-03         1.2212701945908740e-03        -4.1368639595530318e-04        -6.0384172987975214e-03        -4.2929266673580581e-02
12                                     2.6128435550763552e-03         7.4961049605467428e-04        -1.8091761745291403e-03        -2.5367461820264212e-03        -1.9610895594742630e-03        -3.4337284031056362e-03        -6.7064973308265594e-04         2.4759521830375383e-03
13                                     3.7307319219651285e-04         9.8702551528582734e-04        -2.8997746871468243e-02        -2.0591925818201903e-02        -1.1131182920597995e-02         1.8739814945105071e-02        -9.0426823159737574e-03         2.4299031940088603e-02
14                                    -1.5968451944475499e-02        -8.4734896712140417e-03         8.8965008543547049e-03         6.2287168913434266e-03         1.5417799724164582e-03         3.4363375784021650e-03        -3.5087495856045425e-03        -2.3490849909492857e-03
15                                     2.7255001547800829e-04         6.7804578803207444e-04        -4.3105518757654976e-03         1.0641974231261099e-03         2.3199648854676041e-03        -1.0493351670554225e-04        -6.2719476177497640e-05        -6.8401285124379373e-05
16                                    -4.2427414682270871e-04        -4.2054005239884092e-04        -9.6873349243177748e-04        -1.5349261399450246e-04        -4.8699976239186020e-04         6.5906586654281457e-05        -1.3754851823834726e-05         6.3406608045482748e-05
17                                     2.8558513871961998e-04        -8.5760869561688556e-05         1.0851069189711736e-03        -6.6037892619213128e-05        -8.5850040093467012e-04         7.0477125517892869e-05         2.6192753312671326e-05         6.6679240649640152e-05
18                                    -2.0766104749600739e-03        -3.0718671592508164e-03         9.8174761472290912e-04        -1.2443112579062915e-03        -1.6956968287865099e-03         2.5185783809349871e-04        -1.1490614682729827e-04         3.0756317379242729e-04
19                                     1.8518423574963533e-04         1.3932060315208859e-03         1.6282264725892806e-03        -5.4403306990898482e-04         8.9611344160864096e-04        -1.0831144917969786e-04         9.1833520683803297e-05        -1.5614079889145457e-04
20                                     1.7366640649510857e-04         1.4626186889829477e-03         2.2561070812797067e-03        -2.2070399366681277e-03         7.1798065412828670e-04        -1.5122536201648729e-04         6.2250255917639316e-05        -5.9474435824369764e-05
21                                    -2.7142374826412173e-03        -1.7519896226121819e-03         1.8841648780178605e-03         1.8266134322530141e-03         1.5103581421980665e-03        -7.0850003291733944e-03         9.6501192433042920e-03         8.0745954755379271e-03
22                                    -8.6318841411010567e-04        -1.3395603788051661e-03         1.9905186697491304e-03         1.5057996346787578e-03        -5.8867590534152992e-04         2.0801824074434223e-02        -4.8528706268843001e-03        -3.4922315963649350e-02
23                                    -2.0542751632950879e-03         9.7651258556248535e-04         1.0128340299299366e-03        -1.2114001297480487e-04         7.2741723654990028e-04         1.7689102096238810e-03        -2.9499451037315674e-03        -3.1670833085354275e-03
24                                    -8.8655349295975310e-06        -9.4512335789130489e-06        -4.5712989208576921e-05         2.5572749988422567e-06         2.8897733518668201e-05        -5.1756539495824469e-06         2.8626589541192035e-07         5.9981091749961597e-06
25                                     2.3260720233818905e-05        -1.0352931806443459e-06        -1.5351507950485301e-04         3.2513713058834301e-05         6.8111364531265307e-05         1.6643256374430487e-05        -2.0658500865327218e-05         8.9323910576264396e-06
26                                     1.0486694923525958e-05         1.0035397314536450e-05        -3.0359140735301016e-05        -4.0832363542098123e-06         2.5999662948250271e-05         4.3208281294182522e-07        -3.3433046294067270e-06         4.4135895364734064e-06
27                                    -4.7635055072276763e-05        -6.3086720784778609e-05         1.0035747660059550e-05        -3.2519938407849641e-06         5.1877804270003330e-05         7.1153868280494502e-04        -6.9706419637408871e-04        -5.9260302711969454e-04
28                                    -2.5427635993138429e-06        -9.1560245371932053e-06         8.3090030358525663e-06        -3.5152967465942528e-05         4.7793339047120858e-05         8.3216218525267313e-04        -2.8502614905672645e-04        -3.8891877935426475e-04
29                                    -7.2979379083827622e-07         1.6358096879203615e-05        -1.6018283792374659e-05        -1.0967604274565029e-05        -2.1753333149530539e-05         4.9868371074435615e-04         2.2047828000348185e-04         7.1496381335038519e-05
30                                     2.9584943706431027e-05         8.8345205991446213e-06        -2.1641419773835231e-05         1.8337859490009760e-05         1.5471498124307835e-05         9.7794853137427636e-04        -1.4690964034311596e-04         6.1738393365868964e-04
31                                    -3.2966584972275083e-05        -1.3464207257510123e-05         3.6188272986844298e-05         4.3538256990360066e-05         7.8633870440169423e-06         7.9009881037454561e-04         3.9557911202540031e-04        -1.8662817354409152e-04
32                                    -1.4862060209430629e-05         1.0217077834415861e-06        -1.7031226234333059e-05         6.4070651653036492e-06        -1.1860105091892476e-06        -3.4295286946977969e-04        -2.9553507608434497e-04         8.4410820839700830e-05
33                                     2.8960989220716802e-05         8.6373524457587000e-06         6.4730312726687332e-05         2.0032431109484421e-04        -3.0561318260695434e-05        -5.2891536161790223e-03        -1.8355356327287289e-03         2.0123923192817000e-04
34                                    -3.6919716233900886e-05         8.5193511334662880e-07         2.2037778275904411e-04         4.6988578960249078e-05         5.1492228820490104e-05        -2.5057504737084494e-03         4.1983435696606045e-04        -7.0845138435407658e-05
35                                    -4.0459730140973222e-05        -8.5247447154673415e-06         2.9712610196933121e-06         6.6534201706723844e-05        -2.2189288485210723e-05         2.6180643362536690e-05         1.5944337614701065e-04         8.4496968341951184e-04
36                                     2.4027071748755216e-03         8.6171850572118870e-04        -1.2071246331283708e-04         6.1837867419744391e-04        -1.4047439555643648e-04         1.1933387595696653e-04        -1.2252616115937249e-04         3.1591409177013320e-05
37                                     6.7997417029118704e-04        -2.7766151130701236e-04        -1.3749821423531807e-03         6.8902501985260416e-04         9.1603328113887684e-04         3.4128101407305156e-05        -1.2764690702217821e-05         1.0852332861683302e-05
38                                    -2.2229655198195166e-04         6.6812145841600896e-04         7.9477632242658648e-04        -3.9516248089921727e-04        -3.2504895466344344e-04        -2.2755108260910932e-05         1.4104553994281899e-05        -1.3351235185789634e-05
39                                    -9.0538686104290841e-04        -4.6966351456762898e-03        -9.5588512065666962e-04        -5.3448265797719017e-04        -2.0084146084747923e-03        -2.6224602248651639e-04         1.6598130295215365e-04         3.0637661897257488e-05
40                                     4.7532436453259670e-02         7.9432268828433204e-03        -9.6271406860135847e-04         3.2770891914508733e-03         2.8926150871759100e-02        -1.7835505084441155e-04         1.1485522641433641e-04         1.5698323393320050e-04
41                                     7.9432268828433204e-03         3.4743418398797477e-01         2.3515592520962408e-04        -1.1071569652091537e-03        -7.9642963911091581e-03        -1.4462770537483258e-04        -3.1009998218395340e-05        -6.8245390058561603e-05
42                                    -9.6271406860135847e-04         2.3515592520962408e-04         5.5210486970507254e-02        -1.7672659057183866e-02         6.8821080984869751e-03        -6.2264089964146467e-04         6.0235282866023354e-04        -1.0046100794392738e-04
43                                     3.2770891914508733e-03        -1.1071569652091537e-03        -1.7672659057183866e-02         2.9944672119422050e-01        -9.4589880600811166e-02        -3.6014763033300563e-04         4.6077311333918639e-04        -6.5315826073059535e-04
44                                     2.8926150871759100e-02        -7.9642963911091581e-03         6.8821080984869751e-03        -9.4589880600811166e-02         8.0563053065777074e-02         8.2461047563659698e-05         1.9027392486577286e-04         2.2671544821627014e-04
45                                    -1.7835505084441155e-04        -1.4462770537483258e-04        -6.2264089964146467e-04        -3.6014763033300563e-04         8.2461047563659698e-05         6.2756633628751307e-02         2.3672034859288549e-03        -3.7167489240082317e-03
46                                     1.1485522641433641e-04        -3.1009998218395340e-05         6.0235282866023354e-04         4.6077311333918639e-04         1.9027392486577286e-04         2.3672034859288549e-03         3.4770347687622633e-01         1.2168374121875228e-02
47                                     1.5698323393320050e-04        -6.8245390058561603e-05        -1.0046100794392738e-04        -6.5315826073059535e-04         2.2671544821627014e-04        -3.7167489240082317e-03         1.2168374121875228e-02         4.2887815459740984e-02
48                                     5.0549066889133440e-04        -1.2877429804740502e-04        -3.5381203690896161e-03        -2.1554625380320121e-03        -1.5701548898905224e-03        -1.2912526753209048e-03         4.1165714860304844e-04        -2.9674402449578387e-03
49                                    -1.1975350641610290e-04        -2.8399873239615125e-04        -1.7876909626158804e-03        -2.8067233926243329e-04        -8.2681553202950319e-04         2.6265129370499346e-04         2.4276524277449564e-04         1.3010629839180377e-03
50                                     7.0364498844318365e-04         3.6628113900005754e-04        -2.6721563832648918e-03        -1.6912237005922395e-03        -1.5431875848093721e-04         8.2132244403499788e-04        -6.4804424244863448e-04         1.4168907081541708e-03
                                                        48                          49                          50

0                                      1.5102486993175245e-03        -8.8618644358270590e-04        -5.5381991422608990e-04
1                                      5.9534335040803280e-04         6.5153309496827384e-04         9.6929143166857735e-04
2                                      1.4127219974629684e-03        -8.9270451434157044e-04         1.1922574068085577e-04
3                                      3.1084113628738262e-03         9.2216545469511464e-04         9.0909289220666750e-04
4                                     -1.8692160859416049e-03        -3.1018015442104644e-04        -3.3074911562899984e-04
5                                      4.2699020101750535e-04        -2.8012094131786265e-04        -9.9125423080305419e-05
6                                     -3.1673195065656844e-03         2.4709169342759796e-05        -1.6355356483198843e-03
7                                     -2.2449603863857564e-02        -1.0330054932099245e-02        -1.1256183578600493e-02
8                                      7.0718836466694864e-03         3.9278551741970397e-03         6.7142238614309735e-03
9                                      4.2279286513178726e-03        -4.1359732341761310e-03        -1.0720332214544156e-03
10                                     2.5298002876909378e-02        -1.1163392625903877e-02        -6.9905545208762149e-03
11                                    -9.0146552309260143e-03         4.5406651214084104e-03        -4.4080793143615009e-03
12                                    -5.3249128880135069e-02        -2.8966708622591274e-02         7.9716890992602273e-03
13                                    -2.8183139412534995e-02        -3.0352298968655012e-01         7.5953144476385209e-02
14                                     4.6529583290849854e-03         8.1982079562963939e-02        -6.6163319434528245e-02
15                                     2.8064718043608168e-05        -4.9423843051375218e-04        -3.3949814602680017e-04
16                                     6.2367625027944488e-05         1.7356970419310185e-04         4.2394339804460382e-05
17                                    -6.7587633490434320e-06         1.7255548518920562e-04         1.0615980989140650e-04
18                                    -8.0882544214988267e-04        -1.4997793304773015e-04         2.1395638418065990e-04
19                                     7.9907885188870091e-04         1.5085375993298530e-04         1.7580771598470386e-04
20                                    -5.1823891655995073e-04        -2.6987404750808235e-04        -2.3300861055105529e-04
21                                    -1.1045267228192122e-03         4.5162380388830137e-03        -4.6995513655010519e-03
22                                    -2.5152796330063084e-03         8.0535284797405276e-03         3.5459692581283037e-02
23                                     7.8684994103658638e-05         2.5179971969346432e-03        -2.1463173469096014e-02
24                                     6.8147646963513046e-05        -9.6146928216952598e-05         7.4306972539149260e-06
25                                    -1.5180639377031767e-04        -1.8971295478982324e-06        -3.0274796082524014e-06
26                                    -4.0007823370487017e-05        -2.2131127259013273e-06        -1.7097513824899216e-05
27                                    -2.9539009733598051e-04         1.7570975071319692e-04        -2.1652154842311021e-04
28                                    -3.7586427744061405e-05         5.8236501630922919e-05        -2.3492325748117793e-04
29                                     1.2968267937980989e-04         8.2139877194523786e-05        -4.9671918043115316e-05
30                                     2.7210699581939606e-04        -1.9846712953286612e-04        -6.1748291222557495e-05
31                                    -3.7946263305846568e-04         2.4336851521854740e-04        -7.9749932913272944e-05
32                                     2.8110061604393272e-05        -1.5105134690575166e-05        -6.3356352961490420e-05
33                                    -2.9156319292136573e-04         4.6417975884671496e-04        -2.3909993899306434e-04
34                                    -6.3129908662208547e-04         4.8067652151329888e-04         6.7269929369001905e-05
35                                    -3.8000962358819828e-04         2.0148080693353906e-05        -1.6631006724442427e-04
36                                    -2.8139173266288574e-04        -1.7396130873749362e-04        -8.0158740942430173e-05
37                                    -7.1685547820860441e-06        -1.1193558482710175e-04         1.6222202575211361e-05
38                                     1.0347757551633699e-04         7.6095350622638544e-05        -6.4950766872927390e-05
39                                     6.6262535855843687e-04        -2.7065242066629013e-04         9.6956528175075188e-04
40                                     5.0549066889133440e-04        -1.1975350641610290e-04         7.0364498844318365e-04
41                                    -1.2877429804740502e-04        -2.8399873239615125e-04         3.6628113900005754e-04
42                                    -3.5381203690896161e-03        -1.7876909626158804e-03        -2.6721563832648918e-03
43                                    -2.1554625380320121e-03        -2.8067233926243329e-04        -1.6912237005922395e-03
44                                    -1.5701548898905224e-03        -8.2681553202950319e-04        -1.5431875848093721e-04
45                                    -1.2912526753209048e-03         2.6265129370499346e-04         8.2132244403499788e-04
46                                     4.1165714860304844e-04         2.4276524277449564e-04        -6.4804424244863448e-04
47                                    -2.9674402449578387e-03         1.3010629839180377e-03         1.4168907081541708e-03
48                                     5.4149985186106427e-02         3.0751217027558172e-02         6.9929835276869609e-04
49                                     3.0751217027558172e-02         3.1578634413905560e-01        -9.2101389327738120e-02
50                                     6.9929835276869609e-04        -9.2101389327738120e-02         8.4159630369887453e-02
   &MODES [&Type "ArrayOfDoubles", &Dim (51,51)] "The modes of vibrations"
                                                         0                           1                           2                           3                           4                           5                           6                           7

0                                      0.0000000000000000e+00         0.0000000000000000e+00         0.0000000000000000e+00         0.0000000000000000e+00         0.0000000000000000e+00         0.0000000000000000e+00        -4.6828355527914955e-05        -2.3567027119348834e-02
1                                      0.0000000000000000e+00         0.0000000000000000e+00         0.0000000000000000e+00         0.0000000000000000e+00         0.0000000000000000e+00         0.0000000000000000e+00        -2.4558643281565799e-03         9.3445536959890899e-02
2                                      0.0000000000000000e+00         0.0000000000000000e+00         0.0000000000000000e+00         0.0000000000000000e+00         0.0000000000000000e+00         0.0000000000000000e+00        -3.3877896878041539e-03        -7.1638607958378744e-02
3                                      0.0000000000000000e+00         0.0000000000000000e+00         0.0000000000000000e+00         0.0000000000000000e+00         0.0000000000000000e+00         0.0000000000000000e+00         1.7437175229323466e-03        -3.7035264222088290e-02
4                                      0.0000000000000000e+00         0.0000000000000000e+00         0.0000000000000000e+00         0.0000000000000000e+00         0.0000000000000000e+00         0.0000000000000000e+00         4.6903859529194153e-02        -7.7734533350386006e-02
5                                      0.0000000000000000e+00         0.0000000000000000e+00         0.0000000000000000e+00         0.0000000000000000e+00         0.0000000000000000e+00         0.0000000000000000e+00        -5.0976045345296137e-03         2.7603476816814319e-02
6                                      0.0000000000000000e+00         0.0000000000000000e+00         0.0000000000000000e+00         0.0000000000000000e+00         0.0000000000000000e+00         0.0000000000000000e+00        -7.4976547542235676e-03        -2.4089811007456413e-02
7                                      0.0000000000000000e+00         0.0000000000000000e+00         0.0000000000000000e+00         0.0000000000000000e+00         0.0000000000000000e+00         0.0000000000000000e+00         1.2641580466059009e-02        -8.1064625630561160e-02
8                                      0.0000000000000000e+00         0.0000000000000000e+00         0.0000000000000000e+00         0.0000000000000000e+00         0.0000000000000000e+00         0.0000000000000000e+00         1.1680438035225938e-02         6.8817121459853525e-02
9                                      0.0000000000000000e+00         0.0000000000000000e+00         0.0000000000000000e+00         0.0000000000000000e+00         0.0000000000000000e+00         0.0000000000000000e+00        -2.2813045017999688e-03         1.3020858188974539e-02
10                                     0.0000000000000000e+00         0.0000000000000000e+00         0.0000000000000000e+00         0.0000000000000000e+00         0.0000000000000000e+00         0.0000000000000000e+00         1.8709357633630113e-03         1.7495360393862243e-02
11                                     0.0000000000000000e+00         0.0000000000000000e+00         0.0000000000000000e+00         0.0000000000000000e+00         0.0000000000000000e+00         0.0000000000000000e+00        -1.6309332578568134e-04        -2.1044951318650827e-02
12                                     0.0000000000000000e+00         0.0000000000000000e+00         0.0000000000000000e+00         0.0000000000000000e+00         0.0000000000000000e+00         0.0000000000000000e+00        -7.1042264138409378e-04        -4.4478092446938310e-02
13                                     0.0000000000000000e+00         0.0000000000000000e+00         0.0000000000000000e+00         0.0000000000000000e+00         0.0000000000000000e+00         0.0000000000000000e+00         6.9871614038310567e-03        -3.4240149702687607e-02
14                                     0.0000000000000000e+00         0.0000000000000000e+00         0.0000000000000000e+00         0.0000000000000000e+00         0.0000000000000000e+00         0.0000000000000000e+00         2.9373073783641708e-03         4.9292808501001498e-02
15                                     0.0000000000000000e+00         0.0000000000000000e+00         0.0000000000000000e+00         0.0000000000000000e+00         0.0000000000000000e+00         0.0000000000000000e+00        -2.3986263508433705e-03         3.5291161926822925e-02
16                                     0.0000000000000000e+00         0.0000000000000000e+00         0.0000000000000000e+00         0.0000000000000000e+00         0.0000000000000000e+00         0.0000000000000000e+00         1.9525024743941497e-02         7.5293939659386105e-02
17                                     0.0000000000000000e+00         0.0000000000000000e+00         0.0000000000000000e+00         0.0000000000000000e+00         0.0000000000000000e+00         0.0000000000000000e+00        -1.6599850606807964e-02        -6.6303849910314308e-02
18                                     0.0000000000000000e+00         0.0000000000000000e+00         0.0000000000000000e+00         0.0000000000000000e+00         0.0000000000000000e+00         0.0000000000000000e+00        -2.2054009073554908e-02         4.0062162154431563e-02
19                                     0.0000000000000000e+00         0.0000000000000000e+00         0.0000000000000000e+00         0.0000000000000000e+00         0.0000000000000000e+00         0.0000000000000000e+00        -3.5186082405046872e-02         4.0243597122894083e-02
20                                     0.0000000000000000e+00         0.0000000000000000e+00         0.0000000000000000e+00         0.0000000000000000e+00         0.0000000000000000e+00         0.0000000000000000e+00        -1.0011813108530400e-02        -1.5323475843827037e-02
21                                     0.0000000000000000e+00         0.0000000000000000e+00         0.0000000000000000e+00         0.0000000000000000e+00         0.0000000000000000e+00         0.0000000000000000e+00         2.5770872742607530e-03         2.4718950225021893e-02
22                                     0.0000000000000000e+00         0.0000000000000000e+00         0.0000000000000000e+00         0.0000000000000000e+00         0.0000000000000000e+00         0.0000000000000000e+00         6.3701299310444381e-03        -5.5164303688635806e-02
23                                     0.0000000000000000e+00         0.0000000000000000e+00         0.0000000000000000e+00         0.0000000000000000e+00         0.0000000000000000e+00         0.0000000000000000e+00         2.3020136917341564e-03         3.4992242053608104e-02
24                                     0.0000000000000000e+00         0.0000000000000000e+00         0.0000000000000000e+00         0.0000000000000000e+00         0.0000000000000000e+00         0.0000000000000000e+00         4.6276543178966412e-01         5.4803331915944074e-02
25                                     0.0000000000000000e+00         0.0000000000000000e+00         0.0000000000000000e+00         0.0000000000000000e+00         0.0000000000000000e+00         0.0000000000000000e+00        -7.7432321969801332e-01         4.7418660165511805e-03
26                                     0.0000000000000000e+00         0.0000000000000000e+00         0.0000000000000000e+00         0.0000000000000000e+00         0.0000000000000000e+00         0.0000000000000000e+00         2.9258064541373902e-01         1.3956007192392567e-01
27                                     0.0000000000000000e+00         0.0000000000000000e+00         0.0000000000000000e+00         0.0000000000000000e+00         0.0000000000000000e+00         0.0000000000000000e+00        -2.5209529424694600e-03        -6.0549180042463256e-02
28                                     0.0000000000000000e+00         0.0000000000000000e+00         0.0000000000000000e+00         0.0000000000000000e+00         0.0000000000000000e+00         0.0000000000000000e+00        -4.0450163263149137e-03         1.5343227870035986e-01
29                                     0.0000000000000000e+00         0.0000000000000000e+00         0.0000000000000000e+00         0.0000000000000000e+00         0.0000000000000000e+00         0.0000000000000000e+00        -4.4417790642837631e-03        -1.0722553426891458e-01
30                                     0.0000000000000000e+00         0.0000000000000000e+00         0.0000000000000000e+00         0.0000000000000000e+00         0.0000000000000000e+00         0.0000000000000000e+00         4.6626507105859845e-04         4.2417730996388556e-02
31                                     0.0000000000000000e+00         0.0000000000000000e+00         0.0000000000000000e+00         0.0000000000000000e+00         0.0000000000000000e+00         0.0000000000000000e+00        -4.1824223894728826e-03         1.0226408199517521e-01
32                                     0.0000000000000000e+00         0.0000000000000000e+00         0.0000000000000000e+00         0.0000000000000000e+00         0.0000000000000000e+00         0.0000000000000000e+00        -4.5139059780196431e-03        -1.1498427815161269e-01
33                                     0.0000000000000000e+00         0.0000000000000000e+00         0.0000000000000000e+00         0.0000000000000000e+00         0.0000000000000000e+00         0.0000000000000000e+00         3.1973452935725511e-03        -8.0689244845186053e-02
34                                     0.0000000000000000e+00         0.0000000000000000e+00         0.0000000000000000e+00         0.0000000000000000e+00         0.0000000000000000e+00         0.0000000000000000e+00        -2.1604875035977555e-03         8.3990097948702658e-02
35                                     0.0000000000000000e+00         0.0000000000000000e+00         0.0000000000000000e+00         0.0000000000000000e+00         0.0000000000000000e+00         0.0000000000000000e+00        -3.1393545964730511e-03        -3.2611717091671100e-02
36                                     0.0000000000000000e+00         0.0000000000000000e+00         0.0000000000000000e+00         0.0000000000000000e+00         0.0000000000000000e+00         0.0000000000000000e+00         2.3293811769489029e-02        -1.0451796331298495e-01
37                                     0.0000000000000000e+00         0.0000000000000000e+00         0.0000000000000000e+00         0.0000000000000000e+00         0.0000000000000000e+00         0.0000000000000000e+00         1.3059460695169703e-01        -1.4556877655423017e-01
38                                     0.0000000000000000e+00         0.0000000000000000e+00         0.0000000000000000e+00         0.0000000000000000e+00         0.0000000000000000e+00         0.0000000000000000e+00        -1.5664937138212091e-02         2.5716330101017270e-02
39                                     0.0000000000000000e+00         0.0000000000000000e+00         0.0000000000000000e+00         0.0000000000000000e+00         0.0000000000000000e+00         0.0000000000000000e+00        -4.7614459501170818e-03        -8.6858985306572881e-03
40                                     0.0000000000000000e+00         0.0000000000000000e+00         0.0000000000000000e+00         0.0000000000000000e+00         0.0000000000000000e+00         0.0000000000000000e+00        -1.2871183454729679e-02        -1.1159652349921727e-01
41                                     0.0000000000000000e+00         0.0000000000000000e+00         0.0000000000000000e+00         0.0000000000000000e+00         0.0000000000000000e+00         0.0000000000000000e+00         1.2350429195992524e-02         6.9684963639039157e-02
42                                     0.0000000000000000e+00         0.0000000000000000e+00         0.0000000000000000e+00         0.0000000000000000e+00         0.0000000000000000e+00         0.0000000000000000e+00        -2.5294258733623256e-02        -4.6716921308210500e-03
43                                     0.0000000000000000e+00         0.0000000000000000e+00         0.0000000000000000e+00         0.0000000000000000e+00         0.0000000000000000e+00         0.0000000000000000e+00         2.0097724436419842e-02        -6.4889172512888324e-02
44                                     0.0000000000000000e+00         0.0000000000000000e+00         0.0000000000000000e+00         0.0000000000000000e+00         0.0000000000000000e+00         0.0000000000000000e+00         3.5057723295189372e-02         1.0573232739162276e-01
45                                     0.0000000000000000e+00         0.0000000000000000e+00         0.0000000000000000e+00         0.0000000000000000e+00         0.0000000000000000e+00         0.0000000000000000e+00        -6.4095679116840162e-03         6.9994475153863783e-02
46                                     0.0000000000000000e+00         0.0000000000000000e+00         0.0000000000000000e+00         0.0000000000000000e+00         0.0000000000000000e+00         0.0000000000000000e+00         1.8344738063249199e-03         1.8525719675833132e-02
47                                     0.0000000000000000e+00         0.0000000000000000e+00         0.0000000000000000e+00         0.0000000000000000e+00         0.0000000000000000e+00         0.0000000000000000e+00         2.1349323881569591e-04        -4.5358378178064207e-02
48                                     0.0000000000000000e+00         0.0000000000000000e+00         0.0000000000000000e+00         0.0000000000000000e+00         0.0000000000000000e+00         0.0000000000000000e+00         1.2410750209735067e-03        -1.1245337928459435e-01
49                                     0.0000000000000000e+00         0.0000000000000000e+00         0.0000000000000000e+00         0.0000000000000000e+00         0.0000000000000000e+00         0.0000000000000000e+00         6.7103399917544885e-03        -2.0887010046087784e-02
50                                     0.0000000000000000e+00         0.0000000000000000e+00         0.0000000000000000e+00         0.0000000000000000e+00         0.0000000000000000e+00         0.0000000000000000e+00         2.2732952617002221e-03         6.7792966415061079e-02
                                                         8                           9                          10                          11                          12                          13                          14                          15

0                                      3.2233121987053651e-02         1.8653394766546753e-02        -1.5679043061406571e-02        -7.4964459998195171e-03        -1.0002162305815359e-02         4.2913103712810825e-02        -1.4699995706192860e-03         7.8107581558918643e-02
1                                     -2.9486724048548844e-02        -5.8951248825174114e-02         5.9249754765228223e-02        -3.8463099998371629e-02         1.9873178153044173e-02        -3.5879031804859594e-02        -4.4293826632466372e-02        -1.4708069702748299e-03
2                                     -5.7201590207242907e-02        -2.3873567432590056e-02         3.2897697768272310e-02        -2.5338556316646110e-02         1.1240797988008887e-02         9.6429319258213034e-02        -4.6062433771471581e-02         4.0728318922549800e-02
3                                     -2.0523091257183788e-02        -1.3574277140309874e-02         3.6509682699949336e-02         5.3849371583490242e-03         2.7301847478917618e-02        -3.3634322461142022e-02         8.6385061017881671e-03        -6.4635232917465216e-02
4                                      9.2776906322189517e-02        -1.4996764135088939e-02         6.2869677024378540e-02        -4.9305483884747828e-02         6.2842909967407642e-02        -4.8998309150700227e-02        -6.2055708032215655e-02        -3.9968706960945483e-02
5                                      1.2521134467607773e-02         9.9583622342016547e-03        -1.4678816469607571e-02        -1.2369885764339453e-04        -1.8351728294422092e-02         7.2851336092169483e-02        -3.7612083747416092e-02        -1.1541160693945889e-01
6                                     -1.0435050295425572e-02        -2.6880089092392375e-04        -4.1084772991480866e-03         1.7609866741499291e-02        -1.2762317300187764e-03        -2.1041245147540473e-02         3.7971692580003803e-02        -8.2046427341690761e-03
7                                      7.1885441255370441e-02         5.0616584153719401e-03        -3.5724720695970838e-02        -2.1985897379178147e-04        -2.2318193219713772e-02        -9.0608673324803386e-03         2.2073338728646540e-02        -4.7547722722996781e-02
8                                      6.4431799578924406e-02         2.1263709983440980e-02        -7.2618363483907752e-03        -1.3548549443419249e-02         4.6382674651023643e-03         4.5217392978796851e-02        -3.0378143174303065e-02         3.7919797762605710e-03
9                                      2.2971639405425244e-02        -7.1414804516519116e-03         1.8251523315522211e-02        -3.0499953681533847e-02         3.6083074227865712e-03         5.3878408795329531e-03        -3.9955328373363561e-02         5.5061653054752656e-02
10                                    -1.1471234380794240e-02        -6.1073209694867854e-03        -1.1992630689952514e-02         8.7972000910687461e-03        -1.2121923380033022e-02         4.2901292365720330e-02         4.5575317303038640e-02         2.3450887695124982e-02
11                                    -2.8079103445222103e-02         1.8760089051634152e-02        -7.6753731302597519e-03         2.8431167663014623e-02         1.9150818953403276e-02        -1.0468171025282384e-01        -3.2008216417955216e-03         7.3408131522465347e-03
12                                     6.0447055609204360e-03         1.0058339348082057e-02         7.0211024766432626e-03        -6.7503224967086642e-03         1.3802282168733965e-02        -1.6569748658459334e-02        -4.0012414170807586e-02         3.6938359832243981e-03
13                                     3.4626112652424705e-02         8.6249325908478534e-03        -4.3731629108810670e-02         2.4864253320231615e-02        -2.9173509693080836e-02         6.3850606873951721e-02         7.8922965957138033e-02        -1.7763817156063774e-02
14                                     7.7041558041090433e-02        -4.0639549138971600e-03        -2.3474661653946054e-02         4.9109475163763659e-03        -2.3858574892923215e-02        -4.7917829626102387e-02         6.1142763675273160e-02         2.3759017093079086e-02
15                                    -5.7172947658478059e-02        -1.0310842867856336e-02         3.8018053645169039e-02         3.0099354827677224e-02         8.0322340177038589e-04        -3.3321016223028581e-04         6.3207204589151952e-02        -5.0271142742780307e-02
16                                    -4.5033659957935041e-02        -2.6162737095112375e-02         8.1452711583163862e-02         1.0555189432594196e-02         2.5311515679590533e-05         3.8105208151692577e-02         7.6472903504358494e-02         3.4412325853707258e-02
17                                    -7.5389007876391398e-02        -3.9423100668133065e-02         2.8444380522377515e-02         2.1030670862140367e-02        -1.1519106391392525e-02        -5.5647441906131120e-02         1.9461175329133783e-02         7.8518430718420254e-02
18                                    -3.1463572176951636e-02         2.5074008826067397e-02        -2.2158234945341495e-02         2.4136245255605527e-02        -2.2620331667023423e-02        -4.3210305196514243e-03        -2.6926682398712782e-02        -8.4604817535814614e-02
19                                    -3.1065454199816562e-02         4.0334734979672389e-02        -5.8515637382893483e-02         1.1038937922821842e-02        -6.1391031858920524e-02        -4.1869246600387641e-02        -1.2076412418548367e-01         2.0094656479134058e-02
20                                    -1.8083559661509343e-02        -1.4029800565852698e-02         6.7507613889992869e-03         6.0832181418541103e-04        -5.2486697788351588e-03         4.1867276966085665e-02        -1.6461013271767022e-02        -7.8894491936869815e-02
21                                     7.2940499876787038e-02         1.5165391400368333e-02        -1.3204252683288766e-02        -2.8272631604844490e-02        -1.6061651399500707e-02         2.3283207081201587e-02        -1.8309788414993915e-02         7.1615995485277001e-02
22                                    -6.0284447771613167e-02         6.6400523952216503e-02        -5.0411041040442792e-02         4.8608750609547773e-02         8.0231705753912117e-03         2.5893758284786196e-03         1.4711026959741973e-03         2.5713348776641168e-02
23                                     5.5575248106563460e-02         5.9132612976364989e-04        -2.0050520244382052e-02         1.1268231122323833e-02        -1.3214527323380685e-02        -6.5432545661549602e-02         5.0671527879302389e-02         1.7204574858284562e-02
24                                    -1.6488255827610970e-01        -5.7092371547667387e-01        -5.9177086500645637e-01        -1.3674738715712964e-01         1.6391513974040356e-01        -7.7491000739965911e-03        -2.5863529009649739e-02        -2.9434156541349142e-03
25                                     2.0154913124116956e-02        -1.5616745184636827e-01        -2.5844639063853631e-01        -2.6212111362394042e-01         4.3356484698644632e-01         1.8901541022502702e-02         1.3660694555848785e-01        -4.5399807735423108e-03
26                                    -1.9290368332241908e-01         6.0069136879643448e-01        -1.1939119356811088e-01        -2.8750414456704770e-01         5.0613143203004951e-01         8.8995273734082860e-03         1.3526800930402769e-01         9.7878010408138615e-04
27                                    -2.7906328948937114e-02         4.5413493686852664e-03         2.6471165899728501e-02        -2.3423126835511307e-01        -1.2399918367341042e-01         1.4984758690632666e-01        -2.1494945997274521e-02         9.2660719703153677e-02
28                                     3.7293916040452568e-02        -1.3451676774183316e-01         9.8315401772810299e-02         2.9519840108997486e-01         2.7664815177712909e-01         5.5860616606179289e-02        -1.9639549329435266e-01         3.6156992230778319e-02
29                                    -1.0787739921454907e-01        -1.4357322579419293e-02         4.8393226073639911e-02        -2.3623350877743174e-01        -1.1561258173749568e-01         1.3819190987570695e-01        -2.2494159048087433e-02         4.0906220434134367e-02
30                                     7.9830073505004331e-02         7.9743846920692623e-03        -2.1922044185639963e-02         1.8837210368820070e-01         1.1737958068629613e-01        -9.4747196299393696e-02        -3.2940811986065341e-02         4.7382165902946034e-02
31                                    -1.0289190223077437e-01        -3.6877379935928142e-02         8.7927869445007537e-02        -3.5749908792866764e-01        -1.6211405761919692e-01        -2.0011026856782546e-01        -1.0609345289799290e-02        -7.3924364009948132e-02
32                                    -1.2364000709159208e-01        -6.4718098310495758e-03         4.9945931302219075e-02        -3.0726584884062963e-01        -1.6092209292575749e-01         1.2398635043824198e-01        -8.5456124667098524e-03         3.1741841475898605e-02
33                                     5.1959796840128310e-02         6.4892581870165458e-02        -8.2053344596107303e-02         3.3769034469796774e-02        -4.5358856427047164e-02         1.0550006403786834e-01         9.9147907675709496e-02         1.1086154726255135e-01
34                                    -3.6131343282065589e-02        -4.8554141610838833e-02         5.2018971390575749e-02        -7.3825845871997253e-02        -1.0193497067184776e-02        -4.3848264457178009e-02        -2.3030585833938969e-02        -4.6550058806860677e-03
35                                     3.4595860385788040e-02        -8.4914036326541431e-02         3.9112891815929085e-02         3.9525339287299416e-01         2.9463850045447093e-01         2.4532011017826777e-01        -1.6708593911932085e-01         1.0876729004662807e-01
36                                    -3.2518162076936030e-02        -6.6017608973923378e-02         1.2483887925652243e-01        -1.3693255665461892e-02         9.3324332825291748e-02        -4.7140950757557150e-02         6.1392514386396708e-02        -9.1200371674306072e-02
37                                     1.8432052632466958e-01        -9.4492445684789414e-02         2.4925048400385738e-01        -1.1650724222602334e-01         2.2659564426045767e-01        -3.9811678741891038e-02         4.5365946657432342e-02        -7.5243191468358908e-02
38                                    -6.5562561096209858e-03         1.3188952939847613e-02        -2.9975585969859317e-02         7.8201695256824924e-03        -3.4004770162296867e-02         6.8047136466390254e-02        -4.6053529497512603e-02        -1.1329469140139654e-01
39                                     1.6238851768275536e-02        -1.7353618068629026e-03        -1.3201413507437133e-02         2.3160862628383058e-02        -5.4099462352840653e-03        -9.3258866889748659e-02         9.2077576030794403e-02         9.4386683385691963e-02
40                                     5.3655839391130694e-02        -6.6583790396920221e-03        -8.9503305555527823e-02         2.9207237887550874e-02        -9.2176494664136577e-02        -6.5849579714808648e-02         9.2978637587824473e-02        -1.4090992402899219e-01
41                                     6.4646615664804674e-02         2.1425789054593719e-02        -5.6393734149649622e-03        -1.4154979130685899e-02         6.5535814766500243e-03         4.6169214195636195e-02        -3.1928415940528990e-02         6.8401681169481194e-03
42                                    -4.4354841644458853e-02         4.4243178645210985e-03        -4.4562035795871972e-02         5.1005441720077448e-02        -4.0868852597200550e-02         6.6388219784372815e-02         1.1044669163225579e-01        -4.4213285933378720e-02
43                                     7.3087500303863087e-02         8.7365088159235930e-03        -1.8470331382460538e-02        -6.9013655447744612e-03        -1.2752029015789886e-03         1.7049453810265621e-02         4.4313545715012354e-03        -1.7148601447126856e-02
44                                     7.5489986180834079e-02         3.0363501128940130e-02         4.6013419370895516e-02        -3.8185512707758017e-02         6.8598795137102694e-02         9.7882077744514170e-02        -9.2318920219857784e-02         9.4094580911745065e-02
45                                     7.6327679606921234e-03        -4.5620630817574503e-02         6.4008084863849540e-02        -6.7098325784755025e-02         1.5019091393971727e-02        -2.3064863174209613e-02        -7.8904380141704103e-02         6.2834575493046968e-02
46                                    -8.3054651519339148e-03        -8.3635804136805037e-03        -1.1480250851089250e-02         8.4896985879909844e-03        -1.2884879623689099e-02         4.5283657985134597e-02         4.8165638878529315e-02         2.1148445519148355e-02
47                                    -1.0010534061946373e-01         6.8483407125544057e-02        -1.4102547761989241e-02         3.9322447195966066e-02         4.5487323419893429e-02        -1.8763901408639858e-01        -7.2475975113604846e-02         3.3425119406617049e-02
48                                     2.1864265959875089e-03         3.5363397870091712e-02        -4.3538643757831726e-03         2.5667207983538364e-03         2.8822092092302729e-02        -7.8056624919296339e-02        -7.4099262173402514e-02        -2.8584509119736423e-02
49                                     5.6884418437288711e-02        -1.1127003030956656e-02        -3.9004109917570876e-02         1.7040295476886024e-02        -3.9129010429759643e-02         7.8485023288565589e-02         1.0285552893631121e-01        -2.1565701700273738e-02
50                                     1.3908611755606692e-01        -5.2066415793643538e-02        -1.4119467406185030e-02        -1.3809996435137905e-02        -4.9430819070791991e-02        -2.1153768615399866e-02         1.2235326682882043e-01         3.5804255066379494e-03
                                                        16                          17                          18                          19                          20                          21                          22                          23

0                                     -3.3280547300606644e-02        -1.2709917808499807e-01        -2.8816524370896043e-03         4.8937601774436131e-02        -7.1369102963987172e-02         7.0272744983199104e-02        -5.7417850205406816e-02        -3.6417142126153247e-02
1                                     -2.6527908532127366e-02         2.2744924880341239e-03        -6.7972260287503927e-03         1.4249696624322898e-02        -1.7474087292040296e-03         2.2526551007576284e-05         2.6289509274273253e-02        -3.8010594403732048e-03
2                                     -2.0718524301584695e-03         1.6926541758895748e-02         1.3943082667937881e-02         1.1840293604152548e-03         2.7673078478328662e-02        -1.1783303628319501e-02        -3.7772614075675566e-02         4.5675446518835150e-02
3                                      4.8036395291141752e-02        -2.1794710623243622e-02         1.8495308769838851e-02        -8.4943343001853425e-02        -1.1842084882545529e-02         2.1873800420677336e-02         1.7855465417483840e-02         4.5598702238705685e-02
4                                      5.8113260665265294e-02        -2.9764063178908760e-02         4.2300187548664762e-02         8.6530285919251496e-03        -7.5312391275496121e-04         3.7414814331223384e-03         2.9070403983268382e-02         5.2302158106380406e-02
5                                     -5.0575892206850590e-02        -1.6161717442490862e-02         1.0302709037684932e-02         3.6629278148446069e-02         7.2155293462104102e-03        -2.4331669398818180e-02        -1.0471840744715641e-02        -3.1377363970121898e-02
6                                      1.2165930225657500e-02         1.7906789309175167e-02        -7.7616147773738264e-02        -8.6039966539381799e-02        -6.0450459304460948e-02        -8.1962196940615448e-02         2.9124312684647168e-02         2.4631389550683881e-02
7                                     -4.7712418455446964e-02         5.4093263159210848e-02        -4.2883763943062841e-02         8.4451639989410687e-02         8.2278116716991687e-04         5.8649282855922864e-02         6.0229674840200538e-02         2.8294638473785015e-02
8                                      6.5814311336673537e-02         3.5417750108577881e-02        -4.8767295091347258e-02         5.6645603228097051e-02        -6.8185614156544491e-02        -9.2604825439799268e-02         1.2419208262412039e-02         4.7183723256048901e-02
9                                     -5.1313805789211159e-02        -3.7536864161908476e-02        -1.4138325099724626e-02         2.5080410943258399e-02        -3.2110307874298541e-02         4.0849965105602534e-03        -7.2908762138055895e-03         2.1616097145125853e-02
10                                     3.4366876315805914e-02        -1.0881401668063753e-01         2.7917674541685495e-02        -2.7877679513125023e-03         6.8613491494122922e-02        -5.2607291852516218e-02         5.9355357088752385e-02         2.8585216906376076e-03
11                                    -6.0695817823253582e-02        -4.6952527656559100e-02        -5.3008082232269771e-02         2.7278258364928521e-02         9.6008876740605431e-02        -1.4556541491207085e-02        -6.4555028856998375e-02         4.0729157507698441e-02
12                                    -5.0203725166328796e-02         3.3598189972424287e-02        -1.0166714629528151e-01         9.9878287977108859e-03         1.6110813943353248e-02        -4.3528354063719438e-02         4.2254362718342327e-02        -7.6099268014567775e-02
13                                     5.5676477253397742e-02         2.9700363838849209e-02        -7.0560117884062287e-02        -1.4644552940386135e-02         2.9482751173892301e-02         8.5132817941782502e-03        -1.0085736187798926e-01        -1.6685159227923574e-02
14                                     9.1897656713007536e-03         8.7228187909894530e-03         4.6575427956444350e-02        -2.5709852960319125e-02        -1.0411107329442074e-01         4.2514930552317226e-02        -1.5819152169929539e-02         4.1336209847887745e-02
15                                     4.5724641816988175e-02         3.0268806510421305e-02         4.8504238403079214e-02         1.0548740278940516e-01         3.1080672217445791e-02         6.3024581253577544e-02         6.5442707389256824e-03         1.0121032010112217e-02
16                                    -7.0485303897309962e-02         8.5246566675287946e-03        -3.4048461516611291e-02        -2.2346497045454324e-02        -1.1522709108600543e-02        -1.5888295558188090e-02         1.1268714795254677e-02         7.0101510679987013e-03
17                                     6.8238802430521578e-02         2.6846030822736816e-02         4.4462961375388065e-03         5.0923061706908371e-02        -6.8356019019098629e-03        -2.8151209227472423e-02        -3.5538644659120441e-03        -9.1039200252736596e-03
18                                     5.6704607347785256e-02        -1.2997998605207800e-03         3.1719896028496286e-02         2.1571699449118874e-02        -6.3589791126404359e-03        -2.7297131472623998e-02        -1.1640377982640169e-02        -1.9023083738525699e-02
19                                     4.6865950247495888e-02        -2.5154906059058891e-02         4.3842381527930321e-03        -3.6631096716465410e-02         1.9696111081017290e-03        -6.7378089014407802e-03        -2.5184115480270643e-02        -2.2855572754886661e-02
20                                    -5.4151836125814409e-02        -3.4817096388322269e-02        -8.0151183154778937e-03        -8.6887020416174007e-02         8.0917477876310262e-03         5.2334989460274289e-02         9.7532257804543721e-03         2.2904450941573506e-02
21                                    -3.4668371994129588e-02         9.9510048439819990e-02         7.6641027319366506e-02        -4.3771773790453071e-02         1.1545655181117853e-01        -1.3241670350767445e-02        -2.6711566485263794e-02         3.7482392987503818e-02
22                                    -2.0288289914826275e-02         4.5814102949866577e-02         5.9057405603703761e-02        -2.3577752869170666e-02        -4.8513801888502954e-02         2.2146260208826762e-02         2.0881473020604594e-03        -8.3211014325986713e-03
23                                    -2.9232174491487500e-03        -1.2702334284039141e-03         3.5781348027982350e-02        -3.5028754260936046e-02         3.3103880802847485e-02         2.0843101896697660e-02         6.2633767724642700e-02        -1.2427326851548687e-01
24                                     5.5410510543038617e-03         2.2856457712789684e-03        -2.3823326987804675e-03         3.5885872914313364e-03        -4.6531915560186848e-04        -1.3927013596954361e-03         3.6311187204687047e-05        -2.3942188163354554e-03
25                                    -1.0433286880873476e-03         1.3181525040894017e-02         3.9932349611632922e-03         2.7964096014330066e-02         1.3534684532666072e-04         1.6660588340012927e-03         4.8716883993874518e-03         7.2786883190171662e-03
26                                     1.5318575383702856e-03         5.8975320314742794e-03         3.3520179099841433e-03         7.5847651930876477e-03        -5.3307505311541239e-04        -8.5249582649259484e-04         8.4317341128277494e-05         7.6489547435905467e-04
27                                     1.1982754416777609e-03         3.4737086176372237e-03         9.5488961608507200e-02         5.9243839818988253e-03        -2.3973146542091375e-01         1.6836778719885004e-01         6.6600770377034477e-02        -2.3646390520388810e-01
28                                    -5.8874757627834590e-02         1.5950155923104592e-01         3.8469499575642434e-02        -1.0914514323961406e-02        -1.6260229369023457e-01         1.4255137504143472e-01        -9.8939707342861047e-02        -1.2412702104101424e-01
29                                     2.5735683052016931e-02         5.8417784266172272e-02         6.2406295265570351e-02        -1.8979182355998707e-02        -3.2743317194380735e-02         1.2936627689292176e-02         6.4171221139644352e-02        -4.4816586433578345e-02
30                                    -9.8073723027417251e-02        -1.4582290342593371e-01        -1.1478766925652233e-01         8.5224913018365059e-02        -1.2715225513238051e-02         8.0452857625659860e-02        -3.2601274598899332e-01         1.0980775224095557e-01
31                                    -6.5621272441662187e-02         9.4406530921337981e-02        -9.5623766184487924e-02         2.0665292481424302e-02        -6.9150791454173438e-02         1.1400035837033065e-01        -2.7736933941279535e-01        -1.8524147453935751e-03
32                                     2.7389915664080975e-02         7.0607738138644779e-02         5.7053397654424423e-02        -2.2041807217511783e-02        -4.4116473640561295e-02         3.1788981701832739e-02         2.3900448404544312e-02        -5.9286717294224515e-02
33                                     2.5575881485829541e-02        -3.5644422502344492e-01         2.4749319765571470e-02         7.2783802635531344e-02         9.7135828242865541e-02        -1.1071645589314133e-01         2.4415745288413396e-01         4.6683061050523195e-02
34                                    -2.0736943080198668e-02        -2.5204523068459061e-02        -1.2301779163784955e-02         1.8950102806899991e-02         1.9455194034522814e-02        -1.7829491646680823e-02         3.9686973229230309e-02         1.3348967764625711e-02
35                                    -4.0408063522928070e-03         6.9408505663056841e-02         9.9495535222446557e-02        -2.0882828479200758e-02        -3.4356362572700375e-02         1.3952536708757405e-02         9.8682829686714935e-02        -7.0932195496507186e-02
36                                     2.5378514522406366e-02        -8.3944710943608808e-02         5.2677110610637935e-02        -2.9407178371136850e-01         1.6313984376202843e-02         1.0335988311188511e-01        -8.9465734020057905e-02        -6.4991639992207653e-02
37                                     9.9311812627087187e-02        -6.3710963310016883e-02         1.4139425575169517e-01         2.9599451071208585e-03        -2.4042223672138506e-02        -2.8198491791268582e-01        -3.2300601800251955e-01        -3.8569522790787003e-01
38                                    -6.3049602580713945e-02        -2.3852869174854404e-02        -2.3425240258246461e-03        -1.0661281125077278e-02         1.5525986766037720e-02         4.1358706607569587e-02         3.0312556392124757e-02         2.4754778833823925e-02
39                                     5.6772136314350290e-02         5.3677645216210892e-02        -6.1820225530998717e-02        -1.9056079405110382e-01        -1.9373248488266212e-01        -2.2888096865337930e-02         1.0620812863059985e-01         2.5182564754307757e-01
40                                    -2.9644494842413255e-01         4.2759592554471273e-02         2.5522517594412719e-01         1.5109446227912732e-01        -1.9751145044835713e-01        -3.2209925014287250e-01        -2.8369175734411455e-02         1.1517090467457705e-01
41                                     7.4290554442962412e-02         3.5582214314988682e-02        -5.8619041131945195e-02         5.3070735924284129e-02        -6.4601341510293231e-02        -7.6059829724291678e-02         1.7449946552869803e-02         5.0219782559892956e-02
42                                    -4.8559844742751416e-03         4.3618365700209119e-02        -1.5926917722711104e-01        -8.3057361717883568e-02        -2.6670727124297255e-02        -1.7334915646911520e-01        -1.1853955190399676e-01        -1.4160659288989885e-01
43                                     4.7529231455460522e-02         5.5640983906670494e-02        -1.4989183469700429e-01         5.0621731674812348e-02         6.3640583288609137e-02         1.9062178528726789e-01         8.2108756914892903e-02         6.6965110025762782e-03
44                                     3.2319736668911192e-01         3.6207941477177458e-02        -3.2571173839996170e-01        -3.2876252756457905e-02         9.8886486977978888e-02         2.9647724405844328e-01         1.0718677357688162e-01         1.7596058556612327e-02
45                                    -7.6337926930234237e-02        -9.5742384486042179e-02        -1.0360160997611874e-02         5.7331510038592222e-02         4.4763047547584721e-02        -7.4289568401041770e-02         1.6320470949047988e-01         7.8825975630824219e-02
46                                     3.7805909310231825e-02        -1.0828805387079279e-01         2.3534134095046247e-02        -3.7931384313069404e-03         6.7013191062799765e-02        -5.5711671060579532e-02         5.6537801989088005e-02        -1.8751124451744053e-03
47                                    -1.5095836969537418e-01        -2.4627481627715615e-02         1.6706055008384159e-02         5.7085819598822807e-02        -2.9212143454955337e-02         8.1352126200604585e-02         6.6585500053933405e-02         7.8669135330510342e-02
48                                    -1.2184176377238559e-01         1.4740785082730740e-01        -1.9536158146236790e-01         5.7293489158937005e-02        -7.3398750497619177e-03         2.2201456086877385e-02         1.6642595658206558e-01        -2.4901430664286286e-01
49                                     7.4215034238411082e-02        -5.8018687010766229e-03        -7.5267489494901613e-02        -1.8709369973683453e-02         7.5810294829578254e-02         1.8115263844274428e-02        -1.5060206758420885e-01         4.3070338062001163e-03
50                                     4.5552946705485590e-02        -5.6570259562431315e-02         5.2216955505265724e-03        -2.9732190375314518e-02         3.9086508403402269e-02         8.5018524393334016e-02        -1.1630008796490870e-01         4.5995364362417281e-02
                                                        24                          25                          26                          27                          28                          29                          30                          31

0                                      1.8745307273299993e-02        -2.6601516883371860e-02         4.0459486267950893e-02         7.0894432712265337e-02         1.5488353605419328e-03         2.7555565811684876e-02         8.4863329891057837e-04         1.6414937466421173e-02
1                                     -3.3726559962419661e-03         3.1868493987588668e-02        -1.6432388997242808e-02         4.8596850018622108e-02         6.3788510057774903e-02         1.1760903530566700e-02        -6.4535778419177514e-02         6.5560546125856836e-02
2                                     -1.8731113283830462e-03        -1.9662474175351538e-02        -8.4387926979990827e-02         1.8447017394892358e-02        -1.0493502216273869e-02         5.0276639384823726e-02         4.6719712210917468e-02         3.9255757309109900e-02
3                                      5.3409456055344244e-02        -1.4448886483251258e-02         3.7094993009572893e-03         2.8282017053822696e-02         1.4391045117581411e-02        -6.5445817193567749e-02         2.8533630963302657e-02         3.3081896087948919e-02
4                                      8.7208141496738362e-03        -9.5723171059033510e-02         3.7485440546876227e-02        -3.5371920832326799e-02         7.4197124737874320e-02         4.1141853449701817e-02         2.5272564708665297e-03        -8.0384212546191301e-03
5                                      1.6123179054055563e-02        -5.9371780525689314e-03         3.7904542393317627e-03        -4.4322404148539322e-02         1.4643188401448974e-02         8.3017935703983858e-02        -2.7892265245459503e-02        -3.2775636820047485e-02
6                                     -3.2466282936102223e-02        -2.0675557379129430e-02         5.0538648113637029e-02        -1.5486648037877795e-02        -1.8814610822460838e-02         9.0966114343619273e-02        -2.6424825101931070e-02        -2.6125630591492840e-03
7                                      2.7730775855424356e-02         7.3599523495196911e-02        -6.4812467072246334e-03         3.8558092612893967e-02        -1.0188717668160865e-01         1.9195731460626069e-02        -9.8440976993600902e-03         1.0525512051665865e-02
8                                     -2.4602546243945211e-02        -7.0247772827334905e-03         2.6472215609461915e-02         6.6439024371602012e-02        -3.6697757442155456e-02        -8.2584089013156212e-02         3.1413313787278144e-02         4.6399754090132382e-02
9                                     -1.0819668734565665e-02         1.0042358222369046e-02        -5.7827951211152084e-02        -1.0994056001198439e-01        -2.7232768123185470e-02        -4.3681661774439148e-02         2.0331769214607401e-02        -4.3945727778810902e-02
10                                    -2.9553686057827550e-03        -2.0381677870611372e-02         1.9325887652180542e-02        -2.3578536559734874e-02        -7.1609641885480677e-02        -1.1597473343166862e-02         7.7875133371206412e-02        -1.0337391020788012e-01
11                                     1.0353139590839902e-02         1.5394727704274139e-02         7.9465177983463517e-02         2.4974390056129833e-02         6.3126831652172239e-03        -4.9966810327028897e-02        -9.5502390425743572e-02        -7.3919788408343665e-02
12                                    -2.2793588309609703e-02        -6.3483731842124538e-02        -4.2634334867185993e-02        -6.6756358750232767e-02        -1.7043046488363866e-02        -7.7577880977116542e-02        -2.2114863853477915e-02         3.3100881883006243e-02
13                                    -2.4694326413574764e-03        -4.5246881880808120e-03         1.2713200216341045e-02        -4.4037180626037495e-03         1.0903531641801081e-01        -6.4097492573026951e-02         3.9440796950500602e-02        -2.3068997901431122e-03
14                                    -1.0009935196608999e-02         5.0458207104574972e-02        -8.2180753214511515e-02        -5.6322931968205599e-02         6.7941937378973735e-02        -1.4415292044465677e-02        -1.0484998045538834e-02        -7.5168856354860619e-02
15                                    -1.3054086329660672e-01        -1.9047918841767802e-02         7.9286381503605313e-03        -2.6698034266912601e-03         2.7538262048694482e-04        -9.2904780035609434e-04        -1.1036298763805741e-03         5.3145462552876051e-04
16                                     5.7325103884313978e-02        -3.1450403029145532e-03        -7.3249439430858934e-04        -2.4445839306693997e-04         1.9283992599515717e-03         1.3566226820596375e-03         4.4617729918063190e-04        -1.7235633210406872e-04
17                                     4.4488574666616182e-02         2.7900030113974222e-03        -1.6792927541688532e-03        -5.2109535625657830e-03         2.1489816120761492e-03         9.4320791909192001e-03        -2.0508699490106646e-03        -3.2659584285171595e-03
18                                     1.4039931283821672e-01         3.7304771049569405e-02        -2.0196349504499861e-02         1.9890046388058285e-03        -5.9030011443079265e-03         1.2488596520205630e-02        -8.0486707046029896e-03        -1.7671823241951233e-02
19                                    -7.3217779311131756e-02         2.0291284162912100e-02        -1.1414486051841408e-03         5.2734689893114981e-03        -1.3479165724887113e-02        -6.2499892716628962e-03         8.7599537913742129e-04         5.6786198922060063e-03
20                                    -5.5844693563546870e-02         6.4661045652298743e-04         8.3178631729758994e-04         1.4192672357782012e-02        -5.0512230493133387e-03        -1.6259815182117804e-02         1.2371000938954959e-03         1.5942465580878100e-04
21                                     1.0870975650389572e-02         1.8119198129155988e-02         2.4938021030419762e-02         2.8030682794071921e-02         9.8723116736433390e-03         1.9626417412713412e-02        -8.6529372263437177e-04        -6.7497249077562507e-03
22                                    -3.4137068472247655e-04        -1.6524343561696221e-02        -4.6052377557743482e-02        -2.9236786490623917e-02        -1.3087858264557493e-02         6.1053133768939009e-03        -4.1393275721645556e-02         2.4746143849510502e-02
23                                     8.6460792878304566e-03        -6.7397650387295741e-02        -5.9146832232525245e-03         2.5730885999307968e-02        -2.3989536865063679e-02         2.2783050824893899e-02         3.7234413448794947e-02         5.1654462454056853e-02
24                                     4.6712783068466792e-03         2.0131875108784368e-03        -1.6712719846224424e-03        -1.0476473109559849e-04         2.5978751226204928e-04         4.2132864925735475e-04        -2.5568549715065237e-04        -1.2662251521298423e-03
25                                     9.6606932488712792e-03        -9.2298364798550983e-03         2.6034462351779020e-03        -4.9518867367036121e-03         5.0172040824351307e-03         2.7397591478396576e-03        -1.1634440361773515e-03        -3.7197886112915883e-04
26                                     5.4174236645541654e-03        -7.5984957351429643e-04        -5.7415012593618509e-05        -5.7893541741612026e-04         9.1034478939311901e-04        -1.8450438107540720e-04         5.9074389906476135e-05        -1.8727972489089100e-05
27                                     3.7848518361969737e-02         3.6271104976980141e-02         3.8091981909215716e-01         2.9931758459424963e-02         4.5498875361938799e-02        -1.2518290106312654e-01        -1.6239864548756072e-01        -8.7201638001317597e-02
28                                     4.1051594139430131e-02        -7.5630559475327111e-02         2.0847088495983351e-01         1.2323697035049095e-02        -8.0917635812705044e-02        -2.1536069877972321e-02         6.3709959855269310e-02        -9.6954519150638865e-02
29                                    -5.8617122494718265e-05         4.2821175610788978e-02         7.2090884287729959e-02        -3.6549456844586141e-04         4.5333130185376769e-02        -3.7117546568124868e-02        -8.0763880389444598e-02         6.4985219271021522e-03
30                                     2.7835920591563364e-02        -1.6664066891533941e-01        -2.1237816656487735e-01         1.4521068234966558e-01        -6.6598784863487290e-02         1.9611251450234379e-01         1.6437057231815499e-01         1.1512809916274250e-01
31                                     4.0045779632650456e-02        -1.6685158835726444e-01         9.8804056977249456e-03         6.4392165825317024e-02        -1.1578815380575652e-01         6.5220895358354819e-02         1.2533719342126440e-01        -6.3730849184746113e-02
32                                     1.0733563789462861e-02        -1.4295894933241359e-03         1.1524568428862182e-01        -2.5519123351229328e-02        -3.4061203821938245e-02        -5.0349567266540940e-02         2.1373260563292344e-03        -8.8628097823737650e-02
33                                    -4.1576573488522388e-02         1.9702004334487752e-01        -1.2247744337710867e-01         1.6725847844998762e-01         2.8467454618805410e-01         4.9864847871648396e-02        -2.3766919428730907e-01         2.5322689320186309e-01
34                                    -8.6622822502284477e-03         4.3077106917429872e-02        -5.1048185211151897e-02         6.6001687808944623e-02         8.5910984916767477e-02         2.8728544813834796e-02        -6.9770560883859925e-02         9.6402797377129257e-02
35                                     2.9575181093467327e-03         6.5975440896825804e-02         1.6101309689199625e-01        -2.1279260748864794e-02         3.7942764180072669e-02        -9.7236833388988447e-02        -1.1953997553535987e-01        -7.9050868305063013e-02
36                                    -2.8759055185857349e-02         2.6993068930178749e-01        -1.2013967286387930e-01         2.1114978592876846e-01        -1.9702499348639524e-01        -2.9884845332844673e-01         8.4489085087259802e-02         8.5463744334930661e-02
37                                    -1.8243117686539878e-01         3.8345619434554562e-01        -9.3273067789001601e-02        -6.4316635893071723e-03        -1.8557378750350620e-01         1.1685482102989635e-01        -8.2669092405819933e-02        -6.1948943509402533e-02
38                                     3.6220292072597145e-02        -3.3965607822034692e-02         2.7812982057130514e-03        -1.5680978880603515e-02         1.9579554736745192e-02         3.0420250555979328e-02        -5.1927029309374838e-03        -1.7321845556861764e-02
39                                    -1.7006090416938366e-01         5.6182878482325761e-02         7.1163030207650774e-02         1.6978427311326932e-01        -1.4349265043415824e-01         2.3297753367026697e-01        -1.0989032836221241e-01        -1.9301384914403064e-01
40                                    -3.8891148807974202e-02        -7.0074737151975861e-02         6.4101866884214431e-02         1.4483250001117401e-01        -1.3722134143307385e-02        -1.6829703118719200e-01         8.2281522048768749e-02         6.7963893008779502e-02
41                                    -2.1393096657332671e-02         2.2981159776517715e-03         2.3217773281408706e-02         6.6411062032721416e-02        -4.2567388232216154e-02        -7.4263721199996122e-02         2.7575786464187048e-02         4.0011592676965829e-02
42                                    -1.2820870972525045e-01         1.1034482690671568e-01         1.6116839076975834e-01        -7.3737571535243532e-02         1.3986107170973638e-01         3.1777295491504615e-01         9.4453634627892885e-02         1.0326131907512361e-01
43                                     5.6006133102724100e-02         1.2761244534065483e-01        -1.8334880027766794e-02         3.7107548323380172e-03        -1.0516342827687289e-01         1.1012960512031711e-01        -2.0736788848871601e-02        -1.2246419503088000e-02
44                                     7.1864651704812793e-02         1.2218046475706650e-01        -3.9732762288378957e-02        -1.6583591106613133e-02        -8.6027062319483719e-02         1.1795278465384552e-01        -2.9269682053297962e-02        -4.2083192730139815e-02
45                                    -4.8005358543497405e-02         1.8776834594557706e-01        -1.0466341588233147e-01        -1.7760779578194869e-01         5.3005005632021027e-02        -3.4134313610935010e-02         1.1702359650760824e-01         2.5329799501655561e-02
46                                    -4.2417324577079477e-03        -3.7026134719192673e-02         4.0591182919782086e-03        -1.8852050341430782e-02        -7.7945930470425653e-02        -2.1083290261002006e-02         5.7713658242393759e-02        -1.2467481768615260e-01
47                                     1.9727227880516975e-02         3.8693805469806175e-01         3.7312400929124812e-01        -2.3288148876986492e-01         1.2452132534823586e-01         7.3255608445450454e-02         5.4184570549442379e-01         2.5909152505548161e-01
48                                    -5.5153430913775933e-02         1.0204453661597096e-01        -1.8445416085006253e-01         2.0225968596986982e-01         3.7827582269862842e-01        -2.1513366962557418e-02         1.9488335320532857e-01        -3.5117806616361064e-01
49                                     1.5611659243310306e-02        -2.4543972302214452e-02         7.8827881439386141e-02        -1.6040100645944563e-01         3.1580792566241063e-03        -8.9138827094517079e-02        -6.0418962190239497e-02         1.6381855145654400e-01
50                                     3.6812103234985766e-02         3.5192839131479192e-02         7.6943928946364135e-02        -4.1428556084733126e-01        -1.3576618949929506e-01        -5.2813076698682078e-02        -2.5066229765436154e-01         2.9733961227957861e-01
                                                        32                          33                          34                          35                          36                          37                          38                          39

0                                     -8.4220258237607099e-04         1.1685274273494736e-02        -4.1880617884508583e-03         1.0524031574878573e-03        -2.1357797264183583e-02        -1.1645460664624821e-01        -4.0300824159061645e-03        -4.0781013440741115e-02
1                                     -1.6251125772150564e-02         1.6237001116445875e-02         2.8787014199813519e-05        -3.1171624435221729e-02        -4.3773859796793373e-02        -5.1782017413814177e-02        -2.3376484347119859e-03         2.7804790562284451e-02
2                                     -6.9055614437047632e-03         1.6687930436421996e-02        -7.8889597210718837e-03         3.7390370632308149e-03         2.3555157735562311e-03         3.9073335699336036e-03         1.3790090162691302e-03        -2.7267736194699094e-02
3                                      5.4809460831212652e-02         1.9175003728849643e-02         2.9775144371955817e-02         4.2944836286015094e-02        -3.9806086920355845e-02         9.6622217843121607e-03         9.1109473966131237e-03        -2.3574008547934504e-03
4                                      1.6020338771061498e-02        -2.3103064745806614e-02        -3.1787025245343770e-02        -2.5748899107165171e-02         1.0524340393877958e-02        -2.0543985998708932e-03         7.4299413930538610e-03        -1.7302905968271040e-05
5                                     -3.6302031791401436e-02        -2.0972732311103661e-02        -2.9397993539795889e-02        -6.8675693073124669e-02         5.2711522672750095e-02        -9.1870718772715399e-03        -1.6196067045496514e-02        -2.2443398604427510e-03
6                                     -1.7119642781428593e-02         6.1199680449544228e-02         1.0224555005885212e-01        -3.1772842105657138e-02         9.9942322682835996e-02        -4.0031654091315344e-02        -2.9955657388074819e-02         1.4146483094137954e-02
7                                      2.8703524991706780e-02         9.1410888772716341e-03         3.6326847912613348e-02        -7.3055259683366342e-03         9.3650153440110904e-04         7.3051864648321721e-04         6.8894615693858158e-02         1.8809291121261863e-03
8                                      2.9942530891470476e-02         1.1468897952462680e-02        -1.1823225250945202e-02         1.2730716345560122e-02         1.1994237039737803e-02        -1.0710294197101363e-02         4.5395950385510773e-02         8.8481136810907059e-03
9                                      1.8930524552356224e-02        -5.9685669608006281e-02         2.3804952850005928e-02        -4.1284025332590686e-02        -5.3268488969369823e-02         2.1609396450536156e-02         4.4634665150923066e-03         4.1837391053612408e-02
10                                     1.1758884802296747e-02         6.1013483150359246e-02        -3.0497437253580527e-02         1.2054348566509733e-03         5.6312599310713488e-05         2.0876905112065653e-02         1.6622255816445403e-03         7.9869974177754956e-03
11                                     3.1104119293292237e-02        -2.2907567092839448e-02         1.5168747961479202e-02        -2.1963316438357743e-03         1.9914876556691259e-03         1.6215166331094756e-03        -1.0223045821286692e-04        -1.4542346794805176e-02
12                                    -5.8721759172201259e-02         2.3443006600952151e-02        -3.9472126212099792e-02        -2.8476334077006529e-02        -4.5984480642327019e-02         4.3844305639902027e-02         2.6435727167420375e-03        -4.1077133265066672e-02
13                                    -7.3979389333229922e-02        -6.5650454972347519e-02         3.0095792849694276e-02        -3.0864639286130873e-03         9.3506900215123662e-04        -6.1947522461013255e-03         1.9489363914228174e-03         2.1267510572337577e-03
14                                     1.7465039100248193e-02         5.0774305670018151e-02         2.3550794287435936e-02        -4.3136873015766429e-02        -1.0477784981618769e-02         2.4269342902237628e-02         7.2733348347653846e-03        -2.9705473957770449e-02
15                                    -1.5514526427752103e-03         3.2682106722302382e-03         3.7778381290482581e-03        -8.3455553224227440e-03         8.6545445490189381e-03        -2.2553690907897339e-03        -4.7030280181732118e-03         2.2837159772170443e-04
16                                     4.6856876188931801e-04        -6.9725689629041802e-04        -7.7568661055713484e-04         2.5213703107371151e-03        -2.0834744100809259e-03         5.0957668414537173e-04         2.4387639278903167e-03         6.8832027591215087e-05
17                                    -2.4292671418187891e-03        -4.6326456536112982e-03        -7.2328627006194171e-03        -7.8270377014204948e-03         5.0460992697612212e-03        -6.4761963401586237e-04        -2.4201175482592137e-04        -1.0079736056241648e-04
18                                    -2.6488357981451622e-02        -1.3955686609982056e-02        -1.3280596607817920e-02         2.8271391895223322e-02        -2.4945141607021076e-02         4.4668733392163500e-03         1.2673590224994142e-02         7.7219041395288040e-04
19                                     5.5516803898033379e-03         7.8382135079541285e-03         8.9144209428836784e-03        -4.3398964801509461e-03         5.9320003484748217e-03        -1.2888966215711861e-03        -4.8919023382613148e-03        -5.6993408660951712e-05
20                                    -7.9760128709010000e-03         1.4923691735814287e-02         3.1675810172324528e-02         7.3744190585455255e-02        -5.2859411340264298e-02         7.7938024067621178e-03         1.4173459146999797e-02         1.6528274285056740e-03
21                                     1.4936508738012566e-03         2.2862023427115605e-02         1.0696130025781420e-04        -2.0010991151109569e-03         4.4930676516761192e-03         7.3430410217653814e-04        -1.9281809443123269e-03        -4.4484160204590678e-03
22                                     2.3172340960248113e-02        -1.2002095337034783e-02        -6.6720199792550351e-03         1.9249038800396061e-02         1.4626626846784747e-02        -9.9072300109982001e-03        -1.9385981171794874e-03         1.0157002719155793e-03
23                                    -1.0207279498344575e-02        -5.3620518446949449e-02         1.7084883250912522e-02         5.8204418753969936e-03        -6.5761338831854983e-03        -4.7004428205200659e-03        -6.7484447248844341e-04         1.4593554164474042e-02
24                                    -1.0641823853121011e-03         1.5044890485984228e-08        -6.9680677558219884e-04        -6.1558649441136439e-04         4.5413146811228719e-04        -1.3390515108401880e-04        -2.9298130989814978e-04        -2.5949549933713119e-05
25                                    -1.0932629924269995e-03        -2.5091980921715827e-03        -1.3648266493842928e-03        -5.8408785608208428e-03         3.2968877103504439e-03        -4.0378705399326034e-04        -1.4650677577303407e-03        -4.7314885607300079e-04
26                                    -4.0416253638649323e-04        -8.6795726435160575e-04        -3.7261206361389695e-04        -8.9137393006850961e-04         1.1609317949211802e-04         8.3236365751438048e-05        -2.0284038354195525e-04        -2.0616014040646241e-04
27                                     1.1178022610084448e-02        -3.7750753421373545e-02         2.2939865483000216e-02         4.5774552074156899e-02         1.3365044941273416e-01         3.5203852446497791e-01         1.0238647986387106e-02         2.3059804795806860e-01
28                                     8.0994724742021549e-03         2.7240897699190310e-02        -2.0843953508865965e-02         9.8562631871769682e-02         1.7962241883466956e-01         2.9763705118992617e-01         1.8404646357972777e-02        -5.4944552637718991e-01
29                                    -2.9460454728991127e-03        -1.4441029726814774e-02         1.3198916445144803e-02        -3.2007661597205084e-03         3.5491167581926164e-02         1.8434244131303407e-01         4.2999671424506346e-03         2.6640511545465612e-01
30                                    -1.5842992787862685e-02         4.1110632434104635e-02        -2.2532975221078888e-02         8.1489203893018031e-02         1.4742101865597654e-01         3.0298009274504561e-01         5.4550740942440508e-03         3.6081748438187899e-01
31                                     1.9181364129722520e-02         2.3726129864500435e-02        -2.4241271090709768e-02         1.0623801959558560e-01         1.6804937038758713e-01         2.1463688680920573e-01        -2.9597024445276589e-03         9.4166392901421841e-02
32                                     2.0825569870929733e-02        -5.5941614163745514e-03        -2.7640974095641431e-03         8.3658566817287165e-03        -2.0128355668530787e-02        -1.7006784749254297e-01        -6.0702831403373599e-03        -2.6303680623702458e-01
33                                    -6.2396797641071887e-02         6.7431964649283832e-02        -1.2343365919966178e-02         2.4590290598045347e-02         1.4220295141749537e-01         4.5525795204045522e-01         1.0899901557521317e-02        -1.9364028066374811e-01
34                                    -2.5499407303595487e-02         3.1365014280006452e-02        -5.6861180029173872e-03        -2.2563729926148503e-02        -1.7532091234520038e-02         2.1165512199845138e-02         7.9166646763380723e-04        -4.0931132517501558e-02
35                                     2.5370119846646746e-02        -4.4507507477410183e-02         2.2309723052500969e-02        -1.6700184862556471e-02        -3.0308229755205144e-02        -9.0838643245508513e-02        -1.7209754183416980e-02         4.3951383653642234e-01
36                                     7.4725157323329447e-02        -1.2982174804646029e-01        -2.9868376408522768e-01        -4.7808383773044544e-01         3.4389105580773671e-01        -5.4526389258155228e-02        -6.2654219286909896e-02         1.8047711872412563e-03
37                                    -1.3262459463109685e-01         6.7351456160636772e-02         1.4425475654407774e-01         1.8282858710038830e-01        -1.1460794729896114e-01         1.8778978681402027e-02        -1.8106159942563923e-02        -1.1802898204082558e-03
38                                    -1.3762408545397583e-02        -6.8934590915662217e-02        -1.2836480154191476e-01        -2.1682546871919470e-01         1.5916937094037370e-01        -2.7742337499158127e-02        -2.9571810030529059e-02        -1.2221510144752152e-03
39                                    -4.1437420979441530e-01        -3.4232568388173101e-01        -4.7930730417512485e-01         1.3501093941731090e-01        -1.9627114952767619e-01         4.4435136997198643e-02         9.1327125907815734e-02         8.6745287479922687e-04
40                                     4.3847675610444656e-02        -5.9374742867063915e-02        -6.7194590189627229e-02         7.3976367940430360e-02        -1.0700009373388596e-01         4.9949340032506291e-02        -6.6224705359750224e-01        -7.7519738069428473e-03
41                                     2.6313579774226246e-02         7.7707159051639179e-03        -1.9090111279826901e-02         1.3582082294268005e-02         9.7682022358850044e-03        -1.0068515397830500e-02         5.8762162665016153e-02         8.9525758973334653e-03
42                                     6.5974717990288034e-01        -1.8729690855616640e-01        -2.2764519258436697e-01        -8.6178207574214322e-02        -2.7050242511929073e-01         1.2931869593742584e-01         1.0519078947134620e-01        -4.4333038008381911e-02
43                                     8.3320485212232565e-02        -2.7278264375515424e-02         3.0779638737973028e-02        -7.1981513206082594e-03        -6.9378198915163780e-02         4.1079230090491400e-02        -1.7881008975168741e-01        -1.4178220169176555e-02
44                                     5.0192888839113152e-02        -2.9409767750807909e-02         3.3273720149932365e-02         1.2385578408511863e-02        -1.0012485164459321e-01         6.5405288591070962e-02        -6.1969394685748447e-01        -2.4126326592386373e-02
45                                     1.0615934648134376e-01        -5.4458805038760105e-01         1.4701735111216818e-01         4.0647430749434671e-01         4.2450588775428610e-01        -1.4637520650816899e-01        -8.0964241755427276e-03        -7.3988199094677048e-02
46                                     2.1245804299853257e-02         6.5166704922062724e-02        -3.2596223670608188e-02        -1.1149556664739378e-03        -1.1976555932895088e-03         2.7675255235199928e-02         2.9295292751262271e-03         9.8492960267008087e-03
47                                    -2.7750287669373824e-01         1.3743811295648201e-01        -2.5856727418728305e-02        -8.0021790370937096e-02        -6.5203776224588617e-02         3.2895533074966149e-02        -1.4901396077270418e-03         2.7922813766811522e-02
48                                     9.8284963877313433e-02         2.7490509479378583e-01        -3.1614460580627268e-01         2.7261628064186533e-01         1.8249358228822540e-01        -1.6016838513877821e-01        -3.6257968240541262e-02         1.0902356572456855e-01
49                                    -7.7695617439426753e-02        -2.0387701194368925e-02        -9.6039339634067536e-02         8.6165034832496587e-02         3.8727670749455566e-02        -4.3056455449266791e-02        -1.3465381281132317e-02         1.9604144827761131e-02
50                                     7.8404249562459297e-02         2.8861826239896032e-01        -4.2765328729255508e-01         3.0692995943440282e-01         1.7653058087524970e-01        -1.4080303166603278e-01        -4.9049150118456925e-02         6.3001690622193116e-02
                                                        40                          41                          42                          43                          44                          45                          46                          47

0                                     -1.2310906012712040e-02         3.9203428163615668e-02         1.3967275411873406e-03         1.2109510345274914e-03         4.5497432532125313e-02         1.1029928197994169e-02         3.1791441458705666e-03         3.5366499934450595e-03
1                                      2.6510679672971341e-02         1.2910835639384546e-02         2.7974445082662496e-04         6.2295213315747644e-04         1.7987006620061443e-02        -2.9633740524738907e-02        -7.5239728825691778e-03        -7.2426879591689537e-03
2                                      4.0349594909198247e-02         8.1185212661624023e-04        -8.6652927602504312e-05         5.6487511573708816e-06        -1.1650212667701936e-03         1.0387027076581236e-03        -8.8772564249345245e-04         8.7668505666733759e-02
3                                     -2.5447593583689701e-03         9.5710077837657358e-03        -1.8261558811678924e-01        -3.7237861546526906e-04         2.2803903666679384e-05        -3.3295586235582240e-04         3.2191473635607521e-03         2.2645492991689691e-05
4                                      5.5055918252716531e-04        -3.3211073713770123e-03         6.4862283988009833e-02         7.5768816780491847e-04        -2.8034065061601695e-07         7.5320563272168617e-05        -2.6270566388920955e-03        -4.2437346677025302e-06
5                                     -1.1263765164551275e-03         7.8280671842766714e-03        -1.2324956036958160e-01         3.2577087636371984e-04        -7.2495381016974400e-06         7.3077271855894214e-04        -1.0482584703664666e-02        -7.8395826900456972e-05
6                                      1.1203087722775649e-02        -3.3636785752893292e-02         3.3610739426864267e-02        -4.8496670642430304e-03         1.9770968140143358e-04         5.3797167088796351e-05        -8.4526165759394548e-04        -3.6625514567002264e-05
7                                     -1.5258129035275131e-03        -1.6806251927179864e-03        -1.3925223983765505e-02         6.8630099659409180e-02        -2.0477172929516422e-03         1.9673486628025570e-03        -2.0407118005731618e-02         1.1093962181348731e-04
8                                      4.8376844767398872e-03        -1.7432198069712995e-02         5.5621318522711379e-03         6.1263247321614216e-03        -1.4180855492309854e-04        -6.8318913558116342e-03         7.3572285427642700e-02        -2.4312202583468592e-04
9                                      2.6242341125507065e-02        -1.6745788143369356e-01        -8.3125422401619901e-03        -2.0532593264627357e-04        -1.4624849627955393e-03         1.3408750445764014e-03         1.6997802769193827e-03         1.5689089205015957e-04
10                                     2.6636157885434135e-03         4.0769298555155153e-02         1.5911491927676706e-03        -5.7432374730712239e-04         9.3544288413605764e-04         7.4953962614891123e-02         9.6295842308411466e-03        -3.8551352785391240e-03
11                                     2.1604288834735270e-02        -6.1698923757805045e-03        -9.1940610858521916e-04         3.7347087221066576e-06        -1.4325326044769594e-05         1.7651901182898062e-03         8.8427665036821943e-05         1.1935321493032342e-03
12                                    -3.1796946181332907e-02         1.2065417295382486e-01         1.1744563432085029e-02        -1.2272038096569060e-03        -2.2467129963819782e-04         5.3551800626675981e-04         3.1504926623598661e-03        -5.6060328142379964e-04
13                                     5.4937861585096044e-03        -2.2349944931115060e-02        -4.6240353967676867e-03        -3.4553988020735141e-03        -2.9720117850372106e-04        -1.3142030726127848e-02         3.2356165910593149e-02         1.7857058771667187e-03
14                                    -2.0771393593627844e-02         8.7309907989780319e-02         8.4585073986290660e-03         6.0024189060642991e-04         2.2606737753601188e-04         6.0912414981222776e-03        -1.0092930106508842e-02        -6.4310446561671362e-04
15                                     4.1788108093689216e-04        -1.0142652303044282e-03         8.7031001639691439e-03        -1.2310556755105534e-04         4.0291249440248727e-05        -4.5646483472153061e-06         3.9873854899594850e-05         5.4544311055520786e-06
16                                    -1.1259612845929835e-04         2.3429764136177327e-04        -3.2384853317468328e-03         1.7460197546153384e-04        -2.3696515501726397e-05         2.4115751481047134e-05        -3.6790748952126579e-05        -2.3558134635262711e-06
17                                    -5.6558204876125548e-05         3.1899776244617240e-04        -1.7642920827249311e-03        -1.9492545919095637e-05        -1.3185023554769548e-05        -5.7516017279047090e-07        -8.1256744697881553e-06         3.8571685463082625e-08
18                                     5.1138631382706586e-04        -4.2840800562518443e-03         9.2699033911556733e-02         5.7597600196530603e-04        -4.0657815135835960e-05        -1.3828041715893686e-05         4.5144153850927834e-05        -2.6796536931436758e-06
19                                    -5.7721786829414976e-05         1.0242380968766157e-03        -2.9017733284151789e-02        -9.8028367563768678e-05         9.3303686715737657e-06         5.9231260184180464e-07        -5.9108245672108989e-05         2.9709113249056500e-06
20                                     9.1126449917978297e-04        -6.3748225110110916e-03         9.1138416970373906e-02         4.3526464126051299e-04        -1.5515118263624133e-05        -6.4747871762599708e-06        -1.0300708037723681e-04        -3.5995332161274711e-06
21                                    -2.6715548267771650e-03         1.5648247715397735e-02         4.8860252465802122e-04        -2.4188563793291115e-05         2.4904308394777581e-05        -8.7989191427840661e-04        -8.8949440369297803e-04         4.9182072963807957e-04
22                                     5.4441677019457428e-04        -7.4979076446213266e-03        -2.5165063764703106e-05        -1.3213646886143734e-04         1.8416853637517421e-05        -1.2958066507336012e-04        -4.8857068415676915e-05        -9.7499041611780302e-05
23                                     5.7165879144433799e-03        -4.4233758110711820e-02        -3.5852712798998447e-03        -7.1455989922516649e-06        -1.9583307577091230e-05        -3.7983313689079085e-04        -5.3903738638672396e-04        -3.9721767457569262e-04
24                                    -1.8992949177688850e-05         1.0715568391363345e-04        -3.9143242529705955e-04         3.5395270314176420e-05         1.9507239814955161e-05        -3.8403570778481111e-05         6.0189919207737680e-05         1.0257515266023202e-05
25                                    -1.9265928135211446e-04         9.5228929096819760e-04        -5.1747141661239483e-03        -1.9078814748820262e-05         2.0234412505686371e-05         1.1341411038963237e-05        -1.2248210505467184e-05         3.4983922168621584e-06
26                                    -5.6974731280553778e-05         9.5809551721876969e-05         4.1199840488564179e-04        -1.3154903092410158e-05        -2.6722579238193258e-06        -6.8685811054188249e-06        -3.6139546192091807e-05        -1.3011969812541860e-06
27                                     2.9119506346728186e-01         1.2505621104512776e-01         2.2593611775033580e-03        -7.2825853121689411e-03        -2.8453415515206387e-01        -3.6365608589467156e-02        -1.5952760833983146e-02         3.3089519693334329e-01
28                                     1.0190650463144579e-01        -1.3517056162322852e-01        -1.4883928842727679e-03         3.3155049989364968e-03         1.1969693434968566e-01         1.4359060976539476e-02         5.7443699643221092e-03        -1.3741920928177218e-01
29                                     1.8087853468706647e-01         8.1747123423064963e-02         7.9431025399252699e-04         1.3143618915123211e-02         5.0600091397432478e-01         7.5994473166398568e-02         2.9447360826211504e-02        -5.5605224862269320e-01
30                                     9.6314906753045590e-02         1.4960164170181742e-01         3.0871037961018159e-03        -7.7595364993548457e-03        -3.0484333236058142e-01        -7.8868751863059916e-02        -1.7470636334963395e-02        -3.7551427913414004e-01
31                                    -5.7309319492679811e-01        -5.8542741872585326e-02         1.7500141690916975e-03         5.3500881780783128e-03         1.9850418721887256e-01         4.8028365974817896e-02         9.7035833493095119e-03         2.3548064637996985e-01
32                                    -3.1055003574313317e-01        -1.0657974265631570e-01        -7.2508377618112063e-04        -1.1604071261990973e-02        -4.4214963767875443e-01        -1.1923983635055084e-01        -2.6302550705369940e-02        -5.1234803833620834e-01
33                                    -2.8573508315466528e-01        -2.2853033134641604e-01        -2.6649930714199594e-03         1.5078878194020062e-03         6.2164364397728863e-02        -3.1555225697352300e-02        -8.3993276759832761e-03         2.1663905989979153e-03
34                                     3.9288918536701065e-02        -1.7893575154805819e-02        -2.5463557725493604e-04        -1.6777338773544755e-02        -5.2628589125176706e-01         2.8585364232385302e-01         7.2708965251189125e-02        -1.2783093819741232e-02
35                                    -5.2013529127700953e-01         3.2260824226748017e-02         1.6298858104607534e-03        -1.7371440757089818e-03        -4.8596664081275609e-02         2.7219782092265377e-02         6.6210465139675189e-03         1.6603019034159974e-02
36                                     4.5339645240631433e-03        -4.1906454571490354e-03         1.7380215865193741e-01         5.7283852308121195e-05        -1.3352719670667106e-04         2.0123378880579053e-03        -2.4076686220656601e-02        -1.8386256448136890e-04
37                                    -2.0160172969198292e-03         5.3966633259980024e-03        -7.7946358993265019e-02        -1.5095068501243850e-03         1.0718859665021713e-04        -1.5089002238740216e-03         2.2013092283788886e-02         1.6849957854146556e-04
38                                     1.0223381678412084e-03         3.5202336335288130e-03        -3.1942133966197106e-02        -1.0191698082339431e-02         8.6651187101939597e-04        -9.0938276128340427e-03         1.2907078997275104e-01         1.0748321416112893e-03
39                                    -2.3926158335552134e-03        -7.7412079536816709e-03        -1.2215835393403125e-01         5.4829331291483853e-03        -8.9492925056941370e-05        -2.1537410171675315e-03         1.2988991862599462e-02        -1.1356508465862114e-04
40                                     9.9996045701878609e-03        -1.1441422406969909e-02         3.7066744954082208e-02        -4.1746443028101577e-04         4.9750232167758729e-05         1.3223633774186625e-03        -2.1194901770746805e-02         7.7425107675762957e-05
41                                     4.5775715999888250e-03        -1.6703468218398649e-02        -1.8863749961465900e-03        -3.8020872841363046e-01         9.9058528367853890e-03         7.3921573754887032e-02        -7.8238885560873839e-01         1.8103797003159309e-03
42                                    -3.5726282972371501e-02         8.3461573822811580e-02         7.3395230869447853e-02         6.0570671639597971e-02        -2.1065988983831724e-03         7.1594854152780415e-04        -2.1868179891972421e-02         2.1743046156811029e-04
43                                    -7.0712746287854055e-03         2.2206284988911560e-02        -8.6803253574844960e-03        -8.2747372461057422e-01         2.3262263098620204e-02        -2.6249735743325078e-02         2.7826154063701247e-01        -1.3577540489191063e-03
44                                    -3.3659677947179469e-03         2.9772388482354594e-02        -4.3883720797735434e-03         3.1402367736595299e-01        -9.0050019272485769e-03         8.4895738169416431e-03        -9.6899683492113628e-02         5.8825725973323710e-04
45                                    -1.8322991847770673e-02         3.0276557373840524e-01         6.7219296565742817e-03         1.3219605004651568e-03         2.5794599228190123e-03        -9.2754074272618295e-03         5.4997712761268387e-04         3.7986387832505009e-04
46                                     7.0529292107349081e-03         3.9695838975247297e-02         1.6827278200206525e-03         4.5639100690456963e-03        -1.7798058784897416e-02        -8.7438589305050596e-01        -1.1713822886443766e-01         4.5621414712012587e-02
47                                    -3.3883814600586183e-02         1.6179327743284469e-02         1.5634242529611224e-03         1.9067593758331223e-03        -1.3162198914186960e-03        -3.3300879086524092e-02        -2.9550971054966837e-03         8.6259748226085277e-04
48                                     8.7515452731501853e-02        -2.0748142251789109e-01        -3.3307709368676504e-02         4.1263976062457875e-03         1.8977469059983684e-03         1.9325286213603798e-02        -3.7025270314378148e-02        -2.8721479223368460e-03
49                                     1.6714709547071965e-02        -5.9892638901935608e-02        -8.7280605825309707e-03         4.7641171829587332e-02         4.8499741510570132e-03         1.4646965594170183e-01        -3.8395619520647783e-01        -1.8564875895959440e-02
50                                     4.2274011564801976e-02        -1.0416713031495098e-01        -1.3576227545118093e-02        -1.5950157485397208e-02        -1.8016341184103439e-03        -5.1135955435204300e-02         1.3179454602038562e-01         6.4666690619784332e-03
                                                        48                          49                          50

0                                      9.7568610644458553e-03         3.3633930397298971e-02        -1.0500226177938145e-04
1                                     -2.0878099086453442e-02        -7.1296173446634997e-02         2.7362774333374289e-04
2                                     -3.8573239091613341e-03        -8.0941305179918818e-03         1.4646384872279812e-04
3                                     -1.8614703240458126e-03         2.6697725057833532e-04        -1.5465209701200149e-02
4                                      1.6204911538919473e-03        -1.6863782433357042e-04         1.3716021982824587e-02
5                                      5.8711577328108243e-03        -6.2937777409969025e-04         7.9142623652156255e-02
6                                     -1.2543457238376034e-03         4.6736472488075233e-04         2.3278775327355843e-03
7                                      1.3197501700542810e-02        -2.3119256680977631e-03        -5.6120350055415364e-03
8                                     -3.6029012659376872e-02         5.7039929694748508e-03         1.1408658641908669e-02
9                                      2.6724294234113499e-03        -3.7894552605145451e-04        -8.1271644513605072e-05
10                                    -2.2962469272300951e-04        -3.1493275698356110e-02         2.8667982995376850e-04
11                                    -4.3098364247859140e-04        -8.5063189481633726e-04         8.0255440060623395e-05
12                                     6.6514060726501848e-03        -2.7811420042826739e-03        -3.5104294272099890e-04
13                                     6.7106615450094012e-02        -1.7671941795959930e-02        -2.8800047816453304e-04
14                                    -2.2039110766216140e-02         5.0457071700594101e-03         6.5085052567205332e-04
15                                     5.5218013935142867e-05        -1.0723989606800420e-05        -1.1924564371025904e-03
16                                    -4.0615101268053577e-05         4.5022353741145769e-06         4.0188193615506388e-04
17                                    -2.2815100312955073e-05         5.5283330289621058e-06         2.7539838027059013e-04
18                                     1.1928387546864318e-04        -4.3481367529841758e-05        -4.2863725055273237e-04
19                                    -1.7347137542123343e-05         1.6467484979043893e-05         1.4375457400290064e-04
20                                     1.0955384040433418e-04        -2.0765514623425781e-05        -1.2358065522575002e-03
21                                    -1.0319238642297066e-03         4.9950733406559675e-04         5.2571727512048734e-05
22                                    -1.2452413230757827e-04         4.0801735210137919e-04        -5.4674089607367870e-05
23                                     3.1498244551343083e-04         3.3010644896150696e-04        -2.6909845276533483e-04
24                                     2.2418234011758480e-04        -5.0276484550815512e-05         1.8499061879720242e-04
25                                     1.0090986974064830e-04        -4.4956328286833422e-05         7.6370971140453294e-05
26                                     6.1927473702382934e-05         8.4677577486561906e-07         1.9296824322336602e-04
27                                    -5.3260120094230042e-02        -1.6059764918137218e-01         1.2226521110855039e-03
28                                     1.8672452158222549e-02         5.4944447911403994e-02        -3.3790202520835082e-04
29                                     9.4573256162525265e-02         2.8657598748801533e-01        -1.8537148827043710e-03
30                                    -4.6849057347455314e-02        -1.7088640112396955e-01        -2.7690798311695136e-04
31                                     2.5092210500835516e-02         9.7448648093060225e-02         3.5623653971577203e-05
32                                    -6.9018005343800537e-02        -2.5171253926314924e-01        -1.0119654839136553e-04
33                                    -2.2195033920480830e-02        -6.9114600866969439e-02         2.6053892870338188e-04
34                                     2.0432351988648376e-01         7.0398636691425232e-01        -2.8214806348271916e-03
35                                     1.8352727566600068e-02         6.5398201902783865e-02        -1.6280278721056310e-04
36                                     1.3543436132911575e-02        -1.5947725963894425e-03         1.8611020187113575e-01
37                                    -1.1693624321886578e-02         1.1222934267364115e-03        -1.6247457539636614e-01
38                                    -7.0320984524057981e-02         7.5217988789970233e-03        -9.0876785531373849e-01
39                                    -1.1140421633952216e-03        -1.0545583787734597e-04         8.0963209139288585e-03
40                                     1.2552721692128684e-02        -2.1885390055026909e-03        -6.0721796087300764e-03
41                                     3.6352502410206816e-01        -5.6818062377631415e-02        -1.3723563380674211e-01
42                                     9.4338552978841632e-03        -1.5117629654509760e-04        -8.3212367762175738e-03
43                                    -1.8541636015957921e-01         3.4026866255443017e-02         6.2615623221870781e-02
44                                     6.3762571113241573e-02        -1.1194600871530319e-02        -2.0121737697744970e-02
45                                     4.4537405196327876e-03         5.3958133377311358e-03         1.0049165319181179e-04
46                                    -1.5052793692979552e-02         3.5976669595151151e-01        -3.7570640378277254e-03
47                                     3.4860665887225849e-03         1.1674778292987218e-02        -2.0642981600455182e-04
48                                    -8.0860260032729267e-02         1.8170099931649371e-02         4.6123456454277693e-04
49                                    -7.7035681428861469e-01         2.0906560785990844e-01         5.1338220801257885e-03
50                                     2.6226142449022732e-01        -7.0451613206803154e-02        -1.6652900355554623e-03
$End
$Geometry
   &GeometryIndex 7
   &NAtoms [&Type "Integer"] 17
   &NCorelessECP [&Type "Integer"] 0
   &NGhostAtoms [&Type "Integer"] 0
   &CartesianCoordinates [&Type "Coordinates", &Dim(17,4), &Units "Bohr"] 
              C     -5.519201190299   -0.111689657084   -1.320638175392
              C      3.907908428067    0.321258011213   -0.279399710096
              C      1.497916767330    1.332526174727    0.738479896745
              C     -2.998064195953    1.173963755464   -1.239845465228
              C     -0.716815346745   -0.112338216287   -0.342051099015
              O      7.801386704010   -1.220828143427    0.223845097203
              O      5.601368092235   -0.339129420922    1.198408683040
              O     -1.139667347428    0.272843141968   -2.957665090330
              H      6.777269964618   -5.872532603083    0.078514361082
              H     -6.583632982575    0.283859200645    0.397412036417
              H     -6.614383347744    0.563036338624   -2.928462990148
              H     -5.275781397900   -2.146411588213   -1.505158158747
              H      4.274964167076    0.101292058365   -2.289324598843
              H      1.528411927142    1.244973885900    2.794805312515
              H      1.331908496631    3.308742421563    0.155987056578
              H     -3.026304767269    3.220863256516   -1.072956355568
              H     -0.886138630233   -2.067299493268    0.260310474701
$End
$SCF_Energy
   &GeometryIndex 7
   &Method [&Type "String"] "SCF"
   &totalEnergy [&Type "ArrayOfDoubles", &Dim (1,1)] "Total energy of each state"
                                                         0

0                                     -4.2130920584267841e+02
   &Mult [&Type "ArrayOfIntegers", &Dim (1,1)] "Multiplicity of each state"
                                                         0

0                                                        2
$End
$DFT_Energy
   &GeometryIndex 7
   &nAlphaEl [&Type "Integer"] 32
   &nBetaEl [&Type "Integer"] 31
   &nTotalEl [&Type "Integer"] 63
   &finalEn [&Type "Double"]      -4.2130920584267841e+02  "No Van der Waals correction"
   &eExchange [&Type "Double"]       0.0000000000000000e+00
   &eCorr [&Type "Double"]       0.0000000000000000e+00
   &eXC [&Type "Double"]      -2.6998445383384031e+01
   &eCNL [&Type "Double"]       0.0000000000000000e+00
$End
$SCF_Timings
   &GeometryIndex 7
   &TOTAL [&Type "Double"]       7.1675195400000007e+02
   &PREP [&Type "Double"]       1.5851200000000001e+00
   &FOCK [&Type "Double"]       6.9234592500000167e+02
   &DENS [&Type "Double"]       2.0870739999997738e+00
   &ETOT [&Type "Double"]       2.3828599999997468e-01
   &POP [&Type "Double"]       1.8450000000029831e-03
   &TRAFO [&Type "Double"]       7.7534939999967154e+00
   &DIIS [&Type "Double"]       4.7735789999999598e+00
   &SOSCF [&Type "Double"]       1.2000000004341871e-05
   &NR [&Type "Double"]       1.3347000000237585e-02
   &XC [&Type "Double"]       2.1119442500000042e+02
   &FOCKSTART [&Type "Double"]       7.2449999999968817e-02
   &INT_PREP [&Type "Double"]       1.6999999970401802e-05
   &INT_BF [&Type "Double"]       1.2082815999998139e+01
   &INT_DENS [&Type "Double"]       7.3284927999996498e+01
   &INT_DENSIO [&Type "Double"]       9.4134815181229971e+06
   &INT_FUNC [&Type "Double"]       1.9469809999995316e+00
   &INT_POT [&Type "Double"]       9.8249830999997840e+01
   &INT_POTIO [&Type "Double"]       6.8918600000404107e-01
   &INT_SUM [&Type "Double"]       3.2100000000720996e-03
   &SPLITRIJ [&Type "Double"]       3.8531309999999529e+01
   &COSX [&Type "Double"]       4.4046767699999953e+02
$End
$Single_Point_Data
   &GeometryIndex 7
   &FinalEnergy [&Type "Double"]      -4.2130920584267841e+02  "Final single point energy"
   &Converged [&Type "Boolean"] true
$End
$SCF_Nuc_Gradient
   &GeometryIndex 7
   &NAtoms [&Type "Integer"] 17
   &gradNorm [&Type "Double"]       2.7950986219921260e-03
   &grad [&Type "ArrayOfDoubles", &Dim (51,1)] 
                                                         0

0                                      7.8948589868968466e-06
1                                      1.1953819251139461e-05
2                                      3.4147441166429773e-05
3                                      5.9830312922738715e-04
4                                      8.8654484929120980e-04
5                                      1.1965766161398245e-03
6                                     -3.2432148583994708e-05
7                                      2.2573545816952090e-04
8                                     -1.5915038263586423e-04
9                                     -1.0721063961730004e-05
10                                     1.4467255170633533e-05
11                                    -1.1701918488611629e-04
12                                     3.0609529777535227e-05
13                                     1.1472475613351699e-04
14                                     1.2116558306347891e-04
15                                     2.8147023581416575e-04
16                                     5.2902723040249011e-04
17                                     5.3461307442659312e-05
18                                    -9.0085545202715778e-04
19                                    -1.3049612346068447e-03
20                                    -1.3597474129241893e-03
21                                     2.4874296266630402e-05
22                                    -1.4721646374452751e-04
23                                    -1.8718396154415728e-05
24                                     2.4100858989453954e-04
25                                     5.2979382557364349e-05
26                                     1.2486213832162246e-04
27                                     3.1203997503372050e-05
28                                    -3.6118589465887474e-05
29                                     1.0799469698549724e-05
30                                    -2.3256748072769673e-05
31                                     5.5411908104513463e-05
32                                     1.8566337115666354e-05
33                                    -7.2211004444079629e-06
34                                     4.8784688495839834e-06
35                                    -7.0004789349802782e-05
36                                    -1.0636389902930407e-04
37                                    -4.7189739897386673e-04
38                                     1.6669790355317016e-04
39                                     3.3279179741203466e-06
40                                     4.9241658756554729e-05
41                                     1.0365897343267427e-07
42                                    -5.9893005532360259e-05
43                                    -1.3281315660529369e-05
44                                     3.1689086803995958e-05
45                                     1.2327777933787178e-05
46                                    -3.3883984299071246e-06
47                                    -3.5177684581199839e-05
48                                    -9.0276904955093745e-05
49                                     3.1898609783864718e-05
50                                     1.7482879895169834e-06
   &Method [&Type "String"] "SCF"
   &Level [&Type "String"] "Relaxed density"
   &Mult [&Type "Integer"] 2
   &State [&Type "Integer"] 0
   &Irrep [&Type "Integer"] 0
$End
$Geometry
   &GeometryIndex 8
   &NAtoms [&Type "Integer"] 17
   &NCorelessECP [&Type "Integer"] 0
   &NGhostAtoms [&Type "Integer"] 0
   &CartesianCoordinates [&Type "Coordinates", &Dim(17,4), &Units "Bohr"] 
              C     -5.518796007926   -0.135796729036   -1.301932765430
              C      3.917825945630    0.368279181121   -0.297722869386
              C      1.498548891103    1.371709640821    0.705882056523
              C     -3.018042443567    1.189110958994   -1.221050190776
              C     -0.704306290239   -0.082187374454   -0.387937171405
              O      7.770271551653   -1.260486877744    0.250311189572
              O      5.577133035534   -0.338278562790    1.199434477083
              O     -1.169370718998    0.362346358782   -2.986398892451
              H      6.816882464405   -6.104565175757    0.179925632500
              H     -6.578828852983    0.221777295486    0.427146354839
              H     -6.634161823847    0.541006683455   -2.894956873619
              H     -5.244824518872   -2.164064495507   -1.512785639722
              H      4.319029302698    0.186681264071   -2.304958470635
              H      1.517888258050    1.272970126574    2.761933834315
              H      1.322745120348    3.348505186472    0.129696999842
              H     -3.077146337968    3.230393010885   -1.001567405580
              H     -0.833702234059   -2.054271368671    0.167241009246
$End
$SCF_Energy
   &GeometryIndex 8
   &Method [&Type "String"] "SCF"
   &totalEnergy [&Type "ArrayOfDoubles", &Dim (1,1)] "Total energy of each state"
                                                         0

0                                     -4.2130923243328351e+02
   &Mult [&Type "ArrayOfIntegers", &Dim (1,1)] "Multiplicity of each state"
                                                         0

0                                                        2
$End
$DFT_Energy
   &GeometryIndex 8
   &nAlphaEl [&Type "Integer"] 32
   &nBetaEl [&Type "Integer"] 31
   &nTotalEl [&Type "Integer"] 63
   &finalEn [&Type "Double"]      -4.2130923243328351e+02  "No Van der Waals correction"
   &eExchange [&Type "Double"]       0.0000000000000000e+00
   &eCorr [&Type "Double"]       0.0000000000000000e+00
   &eXC [&Type "Double"]      -2.6998341166239648e+01
   &eCNL [&Type "Double"]       0.0000000000000000e+00
$End
$SCF_Timings
   &GeometryIndex 8
   &TOTAL [&Type "Double"]       9.6921585200000004e+02
   &PREP [&Type "Double"]       1.5768810000000000e+00
   &FOCK [&Type "Double"]       9.3798036000000093e+02
   &DENS [&Type "Double"]       2.6421979999987428e+00
   &ETOT [&Type "Double"]       2.3376399999992703e-01
   &POP [&Type "Double"]       1.3200000000779255e-03
   &TRAFO [&Type "Double"]       1.0809501000000310e+01
   &DIIS [&Type "Double"]       4.8020809999999763e+00
   &SOSCF [&Type "Double"]       1.2999999995599865e-05
   &NR [&Type "Double"]       1.6068000000259985e-02
   &XC [&Type "Double"]       2.7977437800000098e+02
   &FOCKSTART [&Type "Double"]       7.3365000000021441e-02
   &INT_PREP [&Type "Double"]       1.7999999966988867e-05
   &INT_BF [&Type "Double"]       1.5459906999998072e+01
   &INT_DENS [&Type "Double"]       9.5666057999993171e+01
   &INT_DENSIO [&Type "Double"]       1.5354714585080003e+07
   &INT_FUNC [&Type "Double"]       2.3177029999955900e+00
   &INT_POT [&Type "Double"]       1.3305058600000638e+02
   &INT_POTIO [&Type "Double"]       9.3964500000788043e-01
   &INT_SUM [&Type "Double"]       3.9820000001755673e-03
   &SPLITRIJ [&Type "Double"]       5.2696903999999691e+01
   &COSX [&Type "Double"]       6.0307722100000103e+02
$End
$Single_Point_Data
   &GeometryIndex 8
   &FinalEnergy [&Type "Double"]      -4.2130923243328351e+02  "Final single point energy"
   &Converged [&Type "Boolean"] true
$End
$SCF_Nuc_Gradient
   &GeometryIndex 8
   &NAtoms [&Type "Integer"] 17
   &gradNorm [&Type "Double"]       6.6755672643350930e-04
   &grad [&Type "ArrayOfDoubles", &Dim (51,1)] 
                                                         0

0                                      1.4899745389956864e-05
1                                      1.6818972813895453e-05
2                                      9.8713317786122343e-06
3                                      1.2594811909097392e-04
4                                      1.8456678574540336e-04
5                                      1.9804584475444087e-04
6                                      2.8774837110442236e-05
7                                      4.2035419654223860e-05
8                                     -3.3150732601690269e-05
9                                     -3.6197983053785909e-05
10                                    -1.2688900444170897e-06
11                                    -6.8792446662815920e-06
12                                    -3.8195867885018608e-05
13                                     1.1053330939682360e-05
14                                     4.4250271078655201e-05
15                                    -3.9411140756159813e-05
16                                    -2.4573017856832635e-04
17                                     8.3722789930087971e-05
18                                    -1.7749805072089786e-04
19                                    -1.8270904378641512e-04
20                                    -3.5647189338247620e-04
21                                     7.9997726862429674e-06
22                                    -3.1323215714302091e-05
23                                    -3.1843814677356974e-05
24                                     1.7110968205904511e-04
25                                     2.1253023221316780e-04
26                                     7.1594402551676176e-05
27                                     3.3557970591235886e-06
28                                    -7.4069687398745088e-06
29                                     1.1243516782694085e-05
30                                    -5.0593973475523968e-06
31                                     6.8624066916350701e-06
32                                    -4.0721184506320451e-07
33                                     6.8210521802364310e-06
34                                     5.2247433058455472e-06
35                                    -1.6363867822007105e-05
36                                    -3.8367787527693320e-05
37                                    -3.8413912364556463e-06
38                                     3.3280518535377945e-05
39                                    -1.2127795250120327e-06
40                                    -9.7109429928656649e-06
41                                    -6.8587294769911766e-06
42                                    -2.4286365058128791e-05
43                                     1.6031474173686111e-05
44                                     1.0346065776427327e-05
45                                     7.7451513827847540e-06
46                                     5.7668931284504676e-07
47                                     2.1181389393727657e-06
48                                    -6.4247707874786480e-06
49                                    -1.3709426020497295e-05
50                                    -1.2497405489281244e-05
   &Method [&Type "String"] "SCF"
   &Level [&Type "String"] "Relaxed density"
   &Mult [&Type "Integer"] 2
   &State [&Type "Integer"] 0
   &Irrep [&Type "Integer"] 0
$End
$Geometry
   &GeometryIndex 9
   &NAtoms [&Type "Integer"] 17
   &NCorelessECP [&Type "Integer"] 0
   &NGhostAtoms [&Type "Integer"] 0
   &CartesianCoordinates [&Type "Coordinates", &Dim(17,4), &Units "Bohr"] 
              C     -5.484799908168   -0.216359760727   -1.260184256931
              C      3.966751683707    0.440640473043   -0.300356412334
              C      1.521541768053    1.442161159282    0.640198460341
              C     -3.025332103437    1.185552184961   -1.193430177588
              C     -0.651257379879   -0.041788986688   -0.472803757496
              O      7.770655760022   -1.261501251216    0.349517163600
              O      5.563120906095   -0.320192942235    1.238964615993
              O     -1.199430135568    0.488899150149   -3.037249929864
              H      6.395202185376   -6.313979750084    0.239546210295
              H     -6.499166213597    0.024617731823    0.515856334879
              H     -6.672615968113    0.495875457822   -2.783786849007
              H     -5.153486132424   -2.222576014952   -1.574768661982
              H      4.441426685200    0.297117902190   -2.295158835239
              H      1.499427221706    1.369930805553    2.697530131871
              H      1.338033859970    3.407623837135    0.030706607676
              H     -3.142700371835    3.213790552925   -0.891851495302
              H     -0.706226516147   -2.036681426281    0.009532126004
$End
