*************************************************
******************* ORCA 6.1.1 ******************
*************************************************
$Calculation_Status
   &GeometryIndex 6
   &version [&Type "String"] "6.1.1"
   &progName [&Type "String"] "LeanSCF"
   &Status [&Type "String"] "NORMAL TERMINATION"
$End
$Geometry
   &GeometryIndex 1
   &NAtoms [&Type "Integer"] 15
   &NCorelessECP [&Type "Integer"] 0
   &NGhostAtoms [&Type "Integer"] 0
   &CartesianCoordinates [&Type "Coordinates", &Dim(15,4), &Units "Bohr"] 
              C     -4.297400844709    0.438633129762    0.035911840965
              C      2.899037820579   -0.597674661464    0.229505995005
              C      5.217321369610    0.610571076104   -0.320547187080
              C     -1.755931813992   -0.484054557000    1.024213645641
              C      0.403918924389    0.313008314139   -0.729751365713
              O      5.537715841606   -1.355245577623   -1.769907370716
              H     -4.315392691816    2.488742173736   -0.109479752202
              H     -5.810695271307   -0.133626766305    1.302290645259
              H     -4.677234106174   -0.345982722609   -1.825472903590
              H      2.907561125376   -2.439134886117    1.131229101367
              H      6.585555472655    1.866794428229    0.477748753936
              H     -1.423568540849    0.292154184545    2.906827604681
              H     -1.782594379498   -2.540688206718    1.183564955089
              H      0.451705332136    2.368157894340   -0.927192015738
              H      0.060001761993   -0.481653823016   -2.608941946902
$End
$SCF_Mulliken_Population_Analysis
   &GeometryIndex 1
   &NAtoms [&Type "Integer"] 15
   &ATNO [&Type "ArrayOfIntegers", &Dim (15,1)] 
                                                         0

0                                                        6
1                                                        6
2                                                        6
3                                                        6
4                                                        6
5                                                        8
6                                                        1
7                                                        1
8                                                        1
9                                                        1
10                                                       1
11                                                       1
12                                                       1
13                                                       1
14                                                       1
   &AtomicCharges [&Type "ArrayOfDoubles", &Dim (15,1)] 
                                                         0

0                                     -3.6095117932807774e-01
1                                     -6.3844332529800596e-02
2                                     -6.2944560628725554e-02
3                                     -1.6553592285979768e-01
4                                     -1.9551162842573344e-01
5                                     -2.9272916559845719e-01
6                                      1.1149323810606293e-01
7                                      1.2274508734644130e-01
8                                      1.1213961748262768e-01
9                                      1.6515182262882644e-01
10                                     1.7229549894899021e-01
11                                     1.0587559751937747e-01
12                                     1.0091878340932925e-01
13                                     1.0400557390698184e-01
14                                     1.4689157002175457e-01
   &Method [&Type "String"] "SCF"
   &Level [&Type "String"] "Relaxed density"
   &Mult [&Type "Integer"] 2
   &State [&Type "Integer"] -1
   &Irrep [&Type "Integer"] 0
$End
$SCF_Loewdin_Population_Analysis
   &GeometryIndex 1
   &NAtoms [&Type "Integer"] 15
   &ATNO [&Type "ArrayOfIntegers", &Dim (15,1)] 
                                                         0

0                                                        6
1                                                        6
2                                                        6
3                                                        6
4                                                        6
5                                                        8
6                                                        1
7                                                        1
8                                                        1
9                                                        1
10                                                       1
11                                                       1
12                                                       1
13                                                       1
14                                                       1
   &AtomicCharges [&Type "ArrayOfDoubles", &Dim (15,1)] 
                                                         0

0                                      2.6589570046144928e-03
1                                      1.7058778919029294e-02
2                                     -1.9501176465962811e-01
3                                     -3.8426613030021706e-02
4                                     -3.7570416532587636e-02
5                                      1.3937332912894984e-01
6                                      1.0205423935611080e-02
7                                      9.6271100025956402e-03
8                                      1.0526121385374565e-02
9                                      9.7871066882581070e-03
10                                    -2.8712396910187898e-02
11                                     1.7617130957639282e-02
12                                     1.7477385446308946e-02
13                                     2.7951783794805785e-02
14                                     3.7438063869031590e-02
   &Method [&Type "String"] "SCF"
   &Level [&Type "String"] "Relaxed density"
   &Mult [&Type "Integer"] 2
   &State [&Type "Integer"] -1
   &Irrep [&Type "Integer"] 0
$End
$SCF_Mayer_Population_Analysis
   &GeometryIndex 1
   &NAtoms [&Type "Integer"] 15 "Total number of atoms"
   &NBondOrdersPrint [&Type "Integer"] 15 "The number of bond orders larger than threshold"
   &bondThresh [&Type "Double"]       1.0000000000000001e-01  "The threshold for printing"
   &components [&Type "ArrayOfIntegers", &Dim (15,4)] "The indices and atomic numbers of the bonding atoms"
                                                         0                           1                           2                           3

0                                                        0                           6                           3                           6
1                                                        0                           6                           6                           1
2                                                        0                           6                           7                           1
3                                                        0                           6                           8                           1
4                                                        1                           6                           2                           6
5                                                        1                           6                           4                           6
6                                                        1                           6                           5                           8
7                                                        1                           6                           9                           1
8                                                        2                           6                           5                           8
9                                                        2                           6                          10                           1
10                                                       3                           6                           4                           6
11                                                       3                           6                          11                           1
12                                                       3                           6                          12                           1
13                                                       4                           6                          13                           1
14                                                       4                           6                          14                           1
   &BondOrders [&Type "ArrayOfDoubles", &Dim (15,1)] "The bond orders"
                                                         0

0                                      9.2492747963089061e-01
1                                      9.8500644121529790e-01
2                                      9.9050613901535844e-01
3                                      9.8522113970597269e-01
4                                      1.2551817582484177e+00
5                                      9.3452725675922277e-01
6                                      6.2895280478975479e-01
7                                      9.3986334533357696e-01
8                                      1.3668013064747335e+00
9                                      9.5029757490673084e-01
10                                     8.9557046383688688e-01
11                                     9.9193030752146261e-01
12                                     9.9481502202870187e-01
13                                     9.9501767821635700e-01
14                                     9.6665397991289537e-01
   &ATNO [&Type "ArrayOfIntegers", &Dim (15,1)] "Atomic number of the elements"
                                                         0

0                                                        6
1                                                        6
2                                                        6
3                                                        6
4                                                        6
5                                                        8
6                                                        1
7                                                        1
8                                                        1
9                                                        1
10                                                       1
11                                                       1
12                                                       1
13                                                       1
14                                                       1
   &NA [&Type "ArrayOfDoubles", &Dim (15,1)] "Mulliken gross atomic population"
                                                         0

0                                      6.3609511793280751e+00
1                                      6.0638443325298059e+00
2                                      6.0629445606287202e+00
3                                      6.1655359228597968e+00
4                                      6.1955116284257343e+00
5                                      8.2927291655984590e+00
6                                      8.8850676189393640e-01
7                                      8.7725491265355837e-01
8                                      8.8786038251737198e-01
9                                      8.3484817737117312e-01
10                                     8.2770450105100923e-01
11                                     8.9412440248062219e-01
12                                     8.9908121659067108e-01
13                                     8.9599442609301827e-01
14                                     8.5310842997824576e-01
   &ZA [&Type "ArrayOfDoubles", &Dim (15,1)] "Total nuclear charge"
                                                         0

0                                      6.0000000000000000e+00
1                                      6.0000000000000000e+00
2                                      6.0000000000000000e+00
3                                      6.0000000000000000e+00
4                                      6.0000000000000000e+00
5                                      8.0000000000000000e+00
6                                      1.0000000000000000e+00
7                                      1.0000000000000000e+00
8                                      1.0000000000000000e+00
9                                      1.0000000000000000e+00
10                                     1.0000000000000000e+00
11                                     1.0000000000000000e+00
12                                     1.0000000000000000e+00
13                                     1.0000000000000000e+00
14                                     1.0000000000000000e+00
   &QA [&Type "ArrayOfDoubles", &Dim (15,1)] "Mulliken gross atomic charge"
                                                         0

0                                     -3.6095117932807508e-01
1                                     -6.3844332529805925e-02
2                                     -6.2944560628720225e-02
3                                     -1.6553592285979679e-01
4                                     -1.9551162842573433e-01
5                                     -2.9272916559845896e-01
6                                      1.1149323810606360e-01
7                                      1.2274508734644163e-01
8                                      1.1213961748262802e-01
9                                      1.6515182262882688e-01
10                                     1.7229549894899077e-01
11                                     1.0587559751937781e-01
12                                     1.0091878340932892e-01
13                                     1.0400557390698173e-01
14                                     1.4689157002175424e-01
   &VA [&Type "ArrayOfDoubles", &Dim (15,1)] "Mayer's total valence"
                                                         0

0                                      3.8807788465725057e+00
1                                      3.7719645083895723e+00
2                                      3.9135007937920117e+00
3                                      3.7882662699785916e+00
4                                      3.7375244920632449e+00
5                                      2.1355883027132183e+00
6                                      9.7823219463693112e-01
7                                      9.8312856721481556e-01
8                                      9.7931521580781511e-01
9                                      9.6705357438510520e-01
10                                     9.6765951742116507e-01
11                                     9.7881079645974123e-01
12                                     9.8171272049632574e-01
13                                     9.9567962284747691e-01
14                                     9.7837825153162583e-01
   &BVA [&Type "ArrayOfDoubles", &Dim (15,1)] "Mayer's bonded valence"
                                                         0

0                                      3.8807748180200701e+00
1                                      3.7474071859625759e+00
2                                      3.6064533178657268e+00
3                                      3.7881526531029834e+00
4                                      3.7372451156665591e+00
5                                      2.0436340297714892e+00
6                                      9.7823210246288661e-01
7                                      9.8312800877857520e-01
8                                      9.7931520451340170e-01
9                                      9.6584275273043385e-01
10                                     9.6666950183470601e-01
11                                     9.7879805694340904e-01
12                                     9.8170759652843809e-01
13                                     9.9565089075422708e-01
14                                     9.7835265500913449e-01
   &FA [&Type "ArrayOfDoubles", &Dim (15,1)] "Mayer's free valence"
                                                         0

0                                      4.0285524356420410e-06
1                                      2.4557322426996375e-02
2                                      3.0704747592628490e-01
3                                      1.1361687560818012e-04
4                                      2.7937639668573766e-04
5                                      9.1954272941729087e-02
6                                      9.2174044492507323e-08
7                                      5.5843624033801928e-07
8                                      1.1294413374170198e-08
9                                      1.2108216546713362e-03
10                                     9.9001558645900453e-04
11                                     1.2739516332194341e-05
12                                     5.1239678876685568e-06
13                                     2.8732093249804642e-05
14                                     2.5596522491289943e-05
   &Method [&Type "String"] "SCF"
   &Level [&Type "String"] "Relaxed density"
   &Mult [&Type "Integer"] 2
   &State [&Type "Integer"] -1
   &Irrep [&Type "Integer"] 0
$End
$SCF_Energy
   &GeometryIndex 1
   &Method [&Type "String"] "SCF"
   &totalEnergy [&Type "ArrayOfDoubles", &Dim (1,1)] "Total energy of each state"
                                                         0

0                                     -2.7101099823798796e+02
   &Mult [&Type "ArrayOfIntegers", &Dim (1,1)] "Multiplicity of each state"
                                                         0

0                                                        2
$End
$DFT_Energy
   &GeometryIndex 1
   &nAlphaEl [&Type "Integer"] 24
   &nBetaEl [&Type "Integer"] 23
   &nTotalEl [&Type "Integer"] 47
   &finalEn [&Type "Double"]      -2.7101099823798796e+02  "No Van der Waals correction"
   &eExchange [&Type "Double"]       0.0000000000000000e+00
   &eCorr [&Type "Double"]       0.0000000000000000e+00
   &eXC [&Type "Double"]      -1.8790464840523704e+01
   &eCNL [&Type "Double"]       0.0000000000000000e+00
$End
$SCF_Timings
   &GeometryIndex 1
   &TOTAL [&Type "Double"]       5.6157216000000005e+01
   &PREP [&Type "Double"]       2.7084470000000000e+00
   &FOCK [&Type "Double"]       5.2368836999999999e+01
   &DENS [&Type "Double"]       2.4194700000000324e-01
   &ETOT [&Type "Double"]       1.0271699999999040e-01
   &POP [&Type "Double"]       4.8166999999999405e-02
   &TRAFO [&Type "Double"]       1.1401499999999842e-01
   &DIIS [&Type "Double"]       8.3073100000000988e-01
   &SOSCF [&Type "Double"]       4.5490499999999656e-01
   &XC [&Type "Double"]       2.2036661999999996e+01
   &FOCKSTART [&Type "Double"]       2.8731999999993985e-02
   &INT_PREP [&Type "Double"]       2.0000000056086265e-06
   &INT_BF [&Type "Double"]       1.7363000000000657e+00
   &INT_DENS [&Type "Double"]       7.8840890000000501e+00
   &INT_DENSIO [&Type "Double"]       2.2108091402000032e+05
   &INT_FUNC [&Type "Double"]       4.1026500000006916e-01
   &INT_POT [&Type "Double"]       9.2621979999999802e+00
   &INT_POTIO [&Type "Double"]       7.5896999999987003e-02
   &INT_SUM [&Type "Double"]       1.3790000000062363e-03
   &SPLITRIJ [&Type "Double"]       1.7946080000000020e+00
   &COSX [&Type "Double"]       2.9787729999999996e+01
$End
$Single_Point_Data
   &GeometryIndex 1
   &FinalEnergy [&Type "Double"]      -2.7101099823798796e+02  "Final single point energy"
   &Converged [&Type "Boolean"] true
$End
$SCF_Nuc_Gradient
   &GeometryIndex 1
   &NAtoms [&Type "Integer"] 15
   &gradNorm [&Type "Double"]       2.6383931214112040e-02
   &grad [&Type "ArrayOfDoubles", &Dim (45,1)] 
                                                         0

0                                     -1.9058352802260731e-03
1                                      2.0441725930471274e-03
2                                     -3.3089146100105243e-03
3                                      3.2333765158099742e-03
4                                      2.8783462638145574e-03
5                                      1.1041427731272202e-02
6                                      1.5939698763009751e-04
7                                      1.3247143688066690e-02
8                                      5.2463173365767789e-03
9                                      1.0519742017580831e-03
10                                    -2.6665508467692972e-03
11                                     3.7462885188183082e-03
12                                     1.2557599112308312e-03
13                                     1.0363159490925297e-03
14                                    -6.8289340297957440e-03
15                                     2.9354352168522377e-03
16                                    -1.0447155595744384e-02
17                                    -6.2130770954238745e-03
18                                     8.2129535770063310e-04
19                                    -1.7536847574913528e-03
20                                     6.1276067486567762e-04
21                                     2.1982961186655242e-03
22                                    -3.9678357051735336e-04
23                                     1.4515187745829661e-04
24                                     9.0285007885346907e-04
25                                     1.4873679540630680e-04
26                                     1.7714162076552242e-03
27                                    -1.1610902461389808e-03
28                                    -9.6927961429717213e-04
29                                    -4.2038134973144403e-03
30                                    -5.8360792092030517e-03
31                                    -4.6149872656440494e-03
32                                    -1.9399249378492037e-03
33                                    -1.8561295535772515e-04
34                                     1.6462208257118638e-03
35                                    -5.5475951402737811e-04
36                                    -9.9023557248502630e-04
37                                     9.4346073435627731e-05
38                                    -1.3417790892470312e-03
39                                    -2.7129247025268512e-04
40                                     3.8555132290002403e-04
41                                     1.4432855689964254e-03
42                                    -2.2082386517993796e-03
43                                    -6.3239187096718330e-04
44                                     3.8455485078345286e-04
   &Method [&Type "String"] "SCF"
   &Level [&Type "String"] "Relaxed density"
   &Mult [&Type "Integer"] 2
   &State [&Type "Integer"] 0
   &Irrep [&Type "Integer"] 0
$End
$THERMOCHEMISTRY_Energies
   &GeometryIndex 1
   &temperature [&Type "Double"]       2.9814999999999998e+02
   &pressure [&Type "Double"]       1.0000000000000000e+00
   &totalMass [&Type "Double"]       8.5125999999999976e+01
   &spinDegeneracy [&Type "Integer"] 2
   &elEnergy [&Type "Double"]      -2.7101099823798796e+02
   &transEnergy [&Type "Double"]       1.4162714244859817e-03
   &rotEnergy [&Type "Double"]       1.4162714244859817e-03
   &vibEnergy [&Type "Double"]       4.4572242019999429e-03
   &numOfFreqs [&Type "Integer"] 45
   &freqScalingFactor [&Type "Double"]       1.0000000000000000e+00
   &FREQ [&Type "ArrayOfDoubles", &Units "cm^-1", &Dim (45,1)] 
                                                         0

0                                      0.0000000000000000e+00
1                                      0.0000000000000000e+00
2                                      0.0000000000000000e+00
3                                      0.0000000000000000e+00
4                                      0.0000000000000000e+00
5                                      0.0000000000000000e+00
6                                     -9.7899733930884895e+02
7                                      3.5546935196961073e+01
8                                      9.4167921468413283e+01
9                                      1.5862186647334133e+02
10                                     2.2075697843185722e+02
11                                     3.5764492016348305e+02
12                                     3.7756237742821952e+02
13                                     3.9912851553192104e+02
14                                     5.3829742821712455e+02
15                                     7.4438369114454292e+02
16                                     8.5906552717033617e+02
17                                     9.1128371293820237e+02
18                                     9.1368192345017655e+02
19                                     9.8253806091053593e+02
20                                     1.0653034418424054e+03
21                                     1.0947296312260585e+03
22                                     1.1296465796426544e+03
23                                     1.1388937137933751e+03
24                                     1.2462488201629849e+03
25                                     1.2752423057281760e+03
26                                     1.3083797917870477e+03
27                                     1.3245048946325212e+03
28                                     1.3520410470811632e+03
29                                     1.3810751441013078e+03
30                                     1.4071256978661652e+03
31                                     1.4620684405840830e+03
32                                     1.4920346742259367e+03
33                                     1.4969845695667393e+03
34                                     1.5028234387809573e+03
35                                     1.5085303352615942e+03
36                                     3.0452636368301255e+03
37                                     3.0641572315261865e+03
38                                     3.0830102536291442e+03
39                                     3.0905069602825392e+03
40                                     3.1148206620210917e+03
41                                     3.1570490151193703e+03
42                                     3.1639062613488727e+03
43                                     3.1656306130433713e+03
44                                     3.3156038467168341e+03
   &zpe [&Type "Double"]       1.2752786186118872e-01
   &innerEnergyU [&Type "Double"]      -2.7087618060907579e+02
   &enthalpyH [&Type "Double"]      -2.7087523640003354e+02
   &qEl [&Type "Double"]       6.5445636319338377e-04
   &qRot [&Type "Double"]       1.2735146621275589e-02
   &qVib [&Type "Double"]       7.8884017713127842e-03
   &qTrans [&Type "Double"]       1.8643169063384660e-02
   &entropyS [&Type "Double"]       3.9921173819166419e-02
   &freeEnergyG [&Type "Double"]      -2.7091515757385270e+02
   &isLinear [&Type "Boolean"] false
$End
$Hessian
   &GeometryIndex 1
   &HESSIAN [&Type "ArrayOfDoubles", &Dim (45,45)] "The Hessian"
                                                         0                           1                           2                           3                           4                           5                           6                           7

0                                      5.0667827327035353e-01         3.1770045492753023e-02        -3.6431076168427098e-02        -2.5477803366131813e-03        -1.3578730496139734e-03         3.6452129265614796e-03        -1.2748872423521936e-03        -1.7731093437094721e-03
1                                      3.1770045492753023e-02         5.7553928914269215e-01         1.1511487235239957e-02        -7.7676307680266089e-04         1.5537926370635946e-05         2.5905378460210795e-03        -1.2985630353700942e-03        -2.2910144296888315e-03
2                                     -3.6431076168427098e-02         1.1511487235239957e-02         5.7637052950505796e-01         2.2601591228003778e-03         1.0511395514180340e-03        -3.5462088986912129e-03         1.9991838034409733e-03         1.7999712319765951e-03
3                                     -2.5477803366131813e-03        -7.7676307680266089e-04         2.2601591228003778e-03         5.1863483749592110e-01         1.3304652866405059e-01         8.5358500678115762e-02        -3.1703979748459132e-01        -2.6828872083793748e-01
4                                     -1.3578730496139734e-03         1.5537926370635946e-05         1.0511395514180340e-03         1.3304652866405059e-01         4.5506952354248381e-01        -2.1977679409046047e-01        -1.1471973675868505e-01        -4.5551867442737703e-03
5                                      3.6452129265614796e-03         2.5905378460210795e-03        -3.5462088986912129e-03         8.5358500678115762e-02        -2.1977679409046047e-01         2.0070250802752188e-01         4.7484824708371128e-02         1.4879529772212224e-01
6                                     -1.2748872423521936e-03        -1.2985630353700942e-03         1.9991838034409733e-03        -3.1703979748459132e-01        -1.1471973675868505e-01         4.7484824708371128e-02         5.8116861144902054e-01         2.0062610607738068e-01
7                                     -1.7731093437094721e-03        -2.2910144296888315e-03         1.7999712319765951e-03        -2.6828872083793748e-01        -4.5551867442737703e-03         1.4879529772212224e-01         2.0062610607738068e-01         3.7833134154315645e-01
8                                     -7.3184049252542765e-04        -8.0581689923578913e-04         5.1404042159160614e-04        -3.6944015342890199e-02         7.2696531985283599e-02         2.2854479760500965e-02        -1.2067430237314002e-02         1.8512811974509996e-01
9                                     -1.7440929769937602e-01         3.7143539695867811e-02        -4.2418046829197663e-02        -3.3228784351876692e-02        -2.7582156326482086e-03         1.8168569969608476e-02        -6.6017120225059789e-03        -6.8564539782997817e-03
10                                     3.6309456957991017e-02        -9.3623707872737022e-02         1.4666303075169147e-02         2.7085431732686155e-03         8.9955452796545293e-04        -1.0977069997880756e-02         3.3216198973154989e-03         5.7555264117717109e-03
11                                    -3.9077854314095793e-02         1.3589722726904044e-02        -9.5364095429619100e-02        -4.6150375165973853e-03        -2.5301485179561357e-03         9.4729898901028432e-03        -5.1116451036793270e-03        -5.9237862416623823e-03
12                                    -3.2157106798678406e-02        -8.5962777682882466e-03         2.0663821953343965e-02        -1.7200046180568990e-01         4.7769639935809072e-02        -5.4585785406542423e-02        -2.8117644660075297e-02         4.7608366421014597e-03
13                                     8.9288367086530623e-03         3.5387116707219467e-03        -8.1543946394937589e-03         4.2111261398141024e-02        -1.0937116723423149e-01         2.5175051117548392e-02        -8.4794609395918812e-03         1.5205780758749865e-02
14                                    -6.3285950857864468e-03        -2.6063437382960420e-03         6.7475420745861554e-03        -4.3339227226644225e-02        -3.4465618587146644e-03        -1.0726559740214708e-01         3.0573002849699039e-02         4.7867357567915214e-02
15                                     1.1636098829771822e-03         1.1649393813618339e-03        -4.6638537459657244e-04         6.2448616642336002e-02        -8.3619131773346844e-02        -5.4757976658686772e-02        -1.5700693253201087e-02         2.3510618551363793e-01
16                                     8.3488916319813351e-04         9.8677774682297227e-04        -3.5129637660200356e-04         7.7421116056070022e-02        -5.0900472424243705e-02        -7.5627493935114920e-02         4.9773399131109453e-02        -2.4694629282462555e-01
17                                    -1.2722705855995695e-04         4.5113316784791487e-05         2.7004750022668292e-04         3.7056620652712605e-02        -1.1520580716889009e-02        -5.2472259877433924e-02         3.3533753242260531e-02        -2.1608166098861437e-01
18                                    -4.5889636641160539e-02        -2.2699613674575410e-03         7.9246544622941758e-04        -1.5301773223912944e-04         6.6977372508267091e-05        -3.5507797149509393e-04        -1.8840473806889545e-05         2.6663664420696276e-05
19                                    -1.2600134471465472e-03        -3.2070965524430445e-01         1.7266497684110996e-02         4.6443539545246333e-05         3.2989683298452043e-04        -1.4435753224478157e-05         1.3067434258766039e-04         9.6156451899601417e-05
20                                     7.5753883385509682e-04         1.6947176086265697e-02        -4.8816723061471723e-02         1.0567876819127573e-04         1.3237439084515094e-05        -1.9786126734706383e-04        -7.1645511367975101e-06         8.9925151341410463e-05
21                                    -1.9253875864761236e-01        -5.7430302031125785e-02         1.2555062696532648e-01        -5.4993705125887964e-04        -3.9835024489503568e-04         1.8074691192029747e-03        -8.8367563945746896e-04        -1.3371590344556609e-03
22                                    -5.8153842078291176e-02        -6.9818720649976490e-02         4.8758682053406888e-02         4.6138675042397203e-04         6.6276162925824967e-04        -2.9950126027016347e-04         2.6985128562598943e-04         1.1412245841878988e-04
23                                     1.2672359845963102e-01         4.8582666467307134e-02        -1.5514494374226812e-01        -2.4096944576168728e-04         2.4140974783703724e-04         8.2600128685825442e-04        -3.7449922335505410e-04        -5.2749682167406550e-04
24                                    -5.4277346410419952e-02        -1.9113028903706929e-02        -4.1755201078578129e-02         1.4176165024008651e-04         5.5114300923008179e-04         1.6318395600187333e-04        -7.5682909672874880e-07        -3.9574475955592668e-04
25                                    -1.9588320156523252e-02        -8.9568324393406021e-02        -9.7368127071089328e-02        -1.1758038169858696e-04        -6.2415763234915933e-05         1.6989492543725696e-04        -5.9526189062167681e-05        -2.7760707344964765e-05
26                                    -4.2658233200790596e-02        -9.6807564860594303e-02        -2.7188767113935364e-01         2.1772837733704739e-04         4.0948895479517213e-04         3.3287463518352788e-04        -1.2051194273196390e-04        -3.1559740822458232e-04
27                                    -2.2524238953576330e-05        -9.3741468165938873e-05         2.1877656300563097e-05        -4.2852510607473124e-02         4.1485464050728246e-03        -1.0394877044633065e-02        -3.2459024275556525e-03        -9.6502437626376867e-03
28                                     1.6514592002609286e-04         3.1199563997473100e-04        -2.7716211912370793e-04         4.0030216613785065e-03        -2.6977455336676315e-01         1.3074951739835250e-01        -8.0588387917931402e-03        -2.1312773758991824e-02
29                                    -3.5455019806867379e-04        -4.5417244578519140e-04        -1.2873885981601720e-05        -3.3261088251790354e-02         1.2874566925738717e-01        -7.2447487552513082e-02        -2.5085708059449895e-03        -4.0232357707429632e-02
30                                    -1.6020103492127378e-04        -7.2070882640125518e-05         2.6163856445421884e-04        -1.0654718455134493e-03         1.6397388666191028e-03        -7.4102735366959466e-03        -2.1464495840172293e-01        -1.5484426998212125e-01
31                                     2.7063933361679221e-04         3.1536750535435731e-04        -2.9907787871792332e-04         4.9651854492024361e-03        -1.5830432918671450e-02        -1.1575883792846887e-02        -1.2261421887079954e-01        -1.2851990967084559e-01
32                                    -2.2469211363446151e-04        -3.4553539488098284e-04         2.2455509189658602e-04         5.6589763235989597e-03         2.0202830607020154e-02         1.2050731610203168e-02        -9.2699936786546977e-02        -1.1430384775401191e-01
33                                    -6.7990606767115557e-03        -1.1751593299658537e-02        -2.8914244826687124e-02         2.0102713368433467e-03        -4.9109122516652901e-04         6.9478105762770372e-04         1.5560393769700824e-04         1.1277145534802683e-03
34                                     2.4376927729167289e-03         4.2516157775100098e-03         1.1229778910768970e-02         4.1090018439095483e-04         2.7287371945634202e-04        -4.5977936039020032e-04         1.8948278090843117e-04         2.8969761941641562e-04
35                                    -2.4317170050584622e-03        -3.9019894761898335e-03        -9.7756333080053961e-03        -1.7362048246545943e-03         8.9798026623262410e-04         1.9806081840825383e-04        -7.7291009252095132e-05        -1.2969350502048864e-03
36                                    -1.3128887018908188e-03         3.2114854988112257e-02        -2.5376834800374141e-03         1.3188896057639136e-03        -2.1470869948808412e-03         1.9188471035189321e-04         2.3641520841175432e-04         7.4751673175831577e-04
37                                     5.4240108818014512e-04        -9.5860557435832883e-03         6.9044395697332676e-04         9.4052630828106746e-04         1.8975392452059980e-04         3.2571729999063574e-04        -1.1371861135133724e-04        -1.7289533664094163e-04
38                                    -3.6059144158719677e-04         1.1974089877896102e-02        -1.2519323515642455e-03        -9.9976956141667591e-04        -8.8028892065486562e-05         4.0862819547354807e-04        -9.0142058099734041e-05        -3.3603646588869877e-04
39                                     1.5475058605694519e-03        -1.3451756938604796e-03         5.2457418853825433e-05        -2.1450008263240138e-03         3.3610151733805743e-02        -2.9541156954986120e-03         1.7985721253423528e-03        -3.3798484457837653e-03
40                                     3.8794191736294358e-04         6.8218093635623398e-04        -3.4215443241321017e-04         1.6564468386114049e-03        -1.2218015489161887e-02         6.5565946146413021e-05         1.2517520534583012e-03         5.1823492651954014e-03
41                                    -1.0311907673531493e-03        -1.1748413132498133e-04         3.0481539668996229e-04        -2.7606187986430699e-03         1.4916977900686796e-02        -2.5702364038771054e-03        -5.3943662113181971e-04        -1.8931880027546534e-03
42                                     2.0000994147897485e-03         5.9151693378359899e-04         9.2987235773612283e-04        -1.2971614689524777e-02        -1.5337735483699211e-02        -2.7141129260320196e-02         4.1696657138939192e-03         4.2136873730703505e-03
43                                     4.4868975578429013e-04        -4.3998012106857788e-05        -2.0934094328682465e-04         1.4081994489148599e-03         5.2723418375407631e-03         1.0944067882325971e-02        -3.0198278308158141e-04        -1.1491410361967828e-03
44                                    -1.3782479051222701e-03        -1.7463684844883955e-04         1.3685518269061329e-03        -6.6759245063270096e-03        -1.8978435814159403e-03        -8.3466228222429800e-03         1.3101799733220270e-04        -2.4334009362686456e-03
                                                         8                           9                          10                          11                          12                          13                          14                          15

0                                     -7.3184049252542765e-04        -1.7440929769937602e-01         3.6309456957991017e-02        -3.9077854314095793e-02        -3.2157106798678406e-02         8.9288367086530623e-03        -6.3285950857864468e-03         1.1636098829771822e-03
1                                     -8.0581689923578913e-04         3.7143539695867811e-02        -9.3623707872737022e-02         1.3589722726904044e-02        -8.5962777682882466e-03         3.5387116707219467e-03        -2.6063437382960420e-03         1.1649393813618339e-03
2                                      5.1404042159160614e-04        -4.2418046829197663e-02         1.4666303075169147e-02        -9.5364095429619100e-02         2.0663821953343965e-02        -8.1543946394937589e-03         6.7475420745861554e-03        -4.6638537459657244e-04
3                                     -3.6944015342890199e-02        -3.3228784351876692e-02         2.7085431732686155e-03        -4.6150375165973853e-03        -1.7200046180568990e-01         4.2111261398141024e-02        -4.3339227226644225e-02         6.2448616642336002e-02
4                                      7.2696531985283599e-02        -2.7582156326482086e-03         8.9955452796545293e-04        -2.5301485179561357e-03         4.7769639935809072e-02        -1.0937116723423149e-01        -3.4465618587146644e-03        -8.3619131773346844e-02
5                                      2.2854479760500965e-02         1.8168569969608476e-02        -1.0977069997880756e-02         9.4729898901028432e-03        -5.4585785406542423e-02         2.5175051117548392e-02        -1.0726559740214708e-01        -5.4757976658686772e-02
6                                     -1.2067430237314002e-02        -6.6017120225059789e-03         3.3216198973154989e-03        -5.1116451036793270e-03        -2.8117644660075297e-02        -8.4794609395918812e-03         3.0573002849699039e-02        -1.5700693253201087e-02
7                                      1.8512811974509996e-01        -6.8564539782997817e-03         5.7555264117717109e-03        -5.9237862416623823e-03         4.7608366421014597e-03         1.5205780758749865e-02         4.7867357567915214e-02         2.3510618551363793e-01
8                                      2.3524994875463634e-01        -1.1589055416096230e-03         7.1950861745796388e-04        -2.1273635619981461e-03         1.4307277408888985e-03        -1.4416643548245168e-02         3.2893982575257115e-03         1.0653199019961318e-01
9                                     -1.1589055416096230e-03         4.6429628814000384e-01         2.4662662689040982e-03         2.3605676074711382e-02        -1.2797081820257369e-01        -2.1656648393832908e-02         5.6503701785316635e-02         4.7005205737698681e-03
10                                     7.1950861745796388e-04         2.4662662689040982e-03         5.9160014252561299e-01         3.1977685053568718e-02        -1.8778158720764240e-02        -9.3221478341505501e-02         2.0777402693304421e-02        -1.7082748838421944e-03
11                                    -2.1273635619981461e-03         2.3605676074711382e-02         3.1977685053568718e-02         5.5321148801919195e-01         4.7170824571435094e-02         2.2059205130837471e-02        -1.2101525427459423e-01         2.2826983097437416e-03
12                                     1.4307277408888985e-03        -1.2797081820257369e-01        -1.8778158720764240e-02         4.7170824571435094e-02         4.6533180177533151e-01        -8.5924852094462073e-04         2.6180325570379734e-02        -6.2628893490565343e-03
13                                    -1.4416643548245168e-02        -2.1656648393832908e-02        -9.3221478341505501e-02         2.2059205130837471e-02        -8.5924852094462073e-04         5.8888052196819718e-01         9.2231845000583859e-03        -2.4274242200345558e-03
14                                     3.2893982575257115e-03         5.6503701785316635e-02         2.0777402693304421e-02        -1.2101525427459423e-01         2.6180325570379734e-02         9.2231845000583859e-03         5.1013853017351407e-01        -2.8963633809334977e-02
15                                     1.0653199019961318e-01         4.7005205737698681e-03        -1.7082748838421944e-03         2.2826983097437416e-03        -6.2628893490565343e-03        -2.4274242200345558e-03        -2.8963633809334977e-02        -5.1896748480316543e-02
16                                    -1.6746743344738022e-01         1.4054448607248166e-03        -1.1155929921694546e-03         1.8352288558588017e-03        -4.1739742302023923e-03         5.0230644466358861e-04        -8.9097870290112489e-03        -1.1893429702664468e-01
17                                    -1.7773721526867450e-01        -2.0807019880517918e-03         7.3499131397103943e-04         1.4466936177146440e-04        -1.9544488530256719e-03         9.3520555509996293e-03         2.1184420353866300e-02        -7.2584136397656110e-02
18                                     8.4782675510804902e-05        -1.3937465743524592e-03         3.1712282218188045e-02        -1.5043976490505527e-03         2.0929750534635894e-03         1.3300038215183253e-03        -4.8806571479400934e-04        -1.2975374788718632e-05
19                                     7.1107403438505200e-05         4.7618526940702843e-04        -1.0435598157489602e-02         1.0704405831771825e-03        -9.0028871481984216e-04         5.8159314462040944e-04        -1.9387426364683193e-04        -1.5359861674558474e-05
20                                     1.5661668946262950e-05        -2.4859953580870834e-04         1.3029974898611007e-02        -1.5998178141396384e-03         5.4578848150044646e-04        -6.6612378772837127e-04         6.3620312133303678e-05        -8.7176994085947599e-05
21                                    -4.6645918095782101e-04        -2.1233257965181541e-02        -8.6466036590968805e-03         1.8620437920722790e-02        -4.8351127766594927e-03         3.3412758867018013e-03        -3.4383573510489603e-03         5.0443869463572357e-04
22                                     1.5191378721170353e-04         8.9918597138164830e-03         2.4197518438187210e-03        -8.1859234154716826e-03         1.8411432215616735e-03        -6.2510797537853528e-04         9.2052054330234254e-04        -6.3826207880181719e-05
23                                    -3.5727514145407176e-05        -1.0562091114375543e-02        -4.3798593233606731e-03         7.9952678998060009e-03        -2.2847544441157467e-03         9.1183615169432557e-04        -1.9033418292933174e-04         2.0692961171249577e-04
24                                    -3.7621543743787027e-05        -7.2473165259130416e-03        -1.2321422841022920e-02        -2.8201866388531442e-02         1.9035450224781708e-03        -6.4305709298071584e-04        -1.1194290781451207e-03         1.6026178784108645e-04
25                                     4.4550236398698548e-05         2.6603921147027969e-03         4.4866260115619099e-03         1.1609093169487675e-02        -4.9684894580791185e-04         4.9570804623732742e-05         1.1931094187399294e-04         7.2799773875822276e-06
26                                    -5.2173554124460703e-06        -2.2262300326192676e-03        -3.9306043958067883e-03        -1.1242640761081030e-02         7.8592719834954215e-04         1.1354497175859821e-04         1.1924290633043445e-03         6.7854247570793948e-05
27                                     1.7111240766995141e-02         2.3408691374760043e-03         1.2841612365047657e-03        -6.9120622403730844e-04        -7.0323319799626624e-05         2.1516075130838107e-02        -1.2535883086234153e-02        -1.4606180865625040e-02
28                                     5.6268305898354784e-03        -1.1050454233946915e-03         4.7317375957788531e-04         1.3832203757591956e-04        -9.3102694287012372e-04        -5.6652974750823221e-03         3.3186820943726389e-03         9.5185763189671799e-03
29                                    -2.4516070515898988e-03         1.5961007564942609e-04         2.0910747512413105e-04         3.5471857879400184e-04         9.0229286742158840e-04         1.4730048921692600e-02         4.1448991349466490e-03         3.6577593654949128e-02
30                                    -7.0272809516454787e-02        -4.3677729768353446e-04         3.3377595726033970e-04        -5.7716392785584283e-04        -1.1884423732824506e-03        -1.9258155313140917e-03         5.6343309014696488e-04         2.0735916389264235e-02
31                                    -8.4790244404009424e-02         1.0956789304760444e-03        -7.9550472323751181e-04         7.7833499583215577e-04         9.9522818074198162e-04        -1.0865896730525952e-03        -6.0855256770010486e-03        -3.6661559570955633e-02
32                                    -7.6275477866905972e-02        -8.2526771070519790e-04         8.1862391468465277e-04        -7.0333291116731096e-04        -1.2390781986276215e-03         1.9540548604797528e-03         5.3010308957095516e-03         5.3127994133509836e-03
33                                     6.4575402068976729e-04        -5.2904206108961557e-02        -1.6684598641015697e-02        -3.8430734574748895e-02         1.6823353234853445e-03         1.0269292224682605e-02         2.4685556841927969e-02        -7.6240252015886403e-04
34                                     9.5682749008926425e-05        -1.6801204197045130e-02        -9.1300840610787179e-02        -9.3529315580793360e-02         1.3504721633224356e-03         3.6877282527018225e-03         9.8611007141545647e-03        -2.0884933870557009e-04
35                                    -3.1038860806931710e-04        -3.8651384348699566e-02        -9.2222381287034319e-02        -2.6473356204832121e-01        -6.4285268090282996e-04        -7.5369973921085567e-03        -1.7768600745103391e-02         8.8817476136747518e-04
36                                    -2.5981102089906865e-04        -4.5716823333850284e-02        -5.0264174837805608e-03         3.7274096552599584e-05        -2.6317486503069712e-03        -2.6165423986338029e-02         2.3545637229241898e-03        -1.9989728655830615e-04
37                                    -3.8786549381558157e-04        -4.9013639612238346e-03        -3.1106279509421320e-01         1.5972632811056833e-02        -1.1468992815989211e-03        -9.2412895505929772e-03         1.3144336356565121e-03         3.0770613127719879e-04
38                                     7.8966724299398753e-06        -9.0342245262721357e-05         1.4877783711023686e-02        -5.1028585055058862e-02         1.4347532921873683e-03         2.2265538993968936e-02        -2.7828682911309171e-03         1.6493036744018763e-04
39                                     1.2055839401484613e-03        -2.1160201385157021e-03        -2.4595372798539586e-02         1.2140943509292080e-03        -4.8048759519370168e-02        -7.4281259835501014e-03         1.6875306266097121e-03         7.4938257086200289e-04
40                                     1.3340422495130774e-03        -4.0288145193623920e-04        -7.6088525991180591e-03         9.6780716583393534e-04        -5.8804900168656377e-03        -3.0802157226897758e-01         1.9938812287419554e-02        -2.8078829991938560e-03
41                                     1.4503454909765964e-04         8.8595793939017691e-04         2.1001167507634890e-02        -1.8655804702663488e-03         2.0571612268119243e-03         1.9507733848621665e-02        -4.7863851698049326e-02         2.1389099416334418e-03
42                                    -5.1963407293626456e-03         1.9210823695408920e-03         9.6362539527897403e-03         2.5337207328997073e-02        -4.7727349719266066e-02        -1.7886402122668926e-02        -4.6318885938690886e-02        -1.0209594119810115e-03
43                                     1.6633523877166278e-03         2.3093555032166653e-04         3.5295953109487376e-03         1.0151288298804307e-02        -1.4979245380653788e-02        -8.5213710525457564e-02        -9.2112955150199446e-02         4.2593601059481758e-04
44                                    -3.1334628579328047e-03        -1.1202534528413563e-03        -7.2832203295206252e-03        -2.1498901423420445e-02        -4.0480740515429742e-02        -9.4503851941272254e-02        -2.5517536367163185e-01         2.5545729206055637e-03
                                                        16                          17                          18                          19                          20                          21                          22                          23

0                                      8.3488916319813351e-04        -1.2722705855995695e-04        -4.5889636641160539e-02        -1.2600134471465472e-03         7.5753883385509682e-04        -1.9253875864761236e-01        -5.8153842078291176e-02         1.2672359845963102e-01
1                                      9.8677774682297227e-04         4.5113316784791487e-05        -2.2699613674575410e-03        -3.2070965524430445e-01         1.6947176086265697e-02        -5.7430302031125785e-02        -6.9818720649976490e-02         4.8582666467307134e-02
2                                     -3.5129637660200356e-04         2.7004750022668292e-04         7.9246544622941758e-04         1.7266497684110996e-02        -4.8816723061471723e-02         1.2555062696532648e-01         4.8758682053406888e-02        -1.5514494374226812e-01
3                                      7.7421116056070022e-02         3.7056620652712605e-02        -1.5301773223912944e-04         4.6443539545246333e-05         1.0567876819127573e-04        -5.4993705125887964e-04         4.6138675042397203e-04        -2.4096944576168728e-04
4                                     -5.0900472424243705e-02        -1.1520580716889009e-02         6.6977372508267091e-05         3.2989683298452043e-04         1.3237439084515094e-05        -3.9835024489503568e-04         6.6276162925824967e-04         2.4140974783703724e-04
5                                     -7.5627493935114920e-02        -5.2472259877433924e-02        -3.5507797149509393e-04        -1.4435753224478157e-05        -1.9786126734706383e-04         1.8074691192029747e-03        -2.9950126027016347e-04         8.2600128685825442e-04
6                                      4.9773399131109453e-02         3.3533753242260531e-02        -1.8840473806889545e-05         1.3067434258766039e-04        -7.1645511367975101e-06        -8.8367563945746896e-04         2.6985128562598943e-04        -3.7449922335505410e-04
7                                     -2.4694629282462555e-01        -2.1608166098861437e-01         2.6663664420696276e-05         9.6156451899601417e-05         8.9925151341410463e-05        -1.3371590344556609e-03         1.1412245841878988e-04        -5.2749682167406550e-04
8                                     -1.6746743344738022e-01        -1.7773721526867450e-01         8.4782675510804902e-05         7.1107403438505200e-05         1.5661668946262950e-05        -4.6645918095782101e-04         1.5191378721170353e-04        -3.5727514145407176e-05
9                                      1.4054448607248166e-03        -2.0807019880517918e-03        -1.3937465743524592e-03         4.7618526940702843e-04        -2.4859953580870834e-04        -2.1233257965181541e-02         8.9918597138164830e-03        -1.0562091114375543e-02
10                                    -1.1155929921694546e-03         7.3499131397103943e-04         3.1712282218188045e-02        -1.0435598157489602e-02         1.3029974898611007e-02        -8.6466036590968805e-03         2.4197518438187210e-03        -4.3798593233606731e-03
11                                     1.8352288558588017e-03         1.4466936177146440e-04        -1.5043976490505527e-03         1.0704405831771825e-03        -1.5998178141396384e-03         1.8620437920722790e-02        -8.1859234154716826e-03         7.9952678998060009e-03
12                                    -4.1739742302023923e-03        -1.9544488530256719e-03         2.0929750534635894e-03        -9.0028871481984216e-04         5.4578848150044646e-04        -4.8351127766594927e-03         1.8411432215616735e-03        -2.2847544441157467e-03
13                                     5.0230644466358861e-04         9.3520555509996293e-03         1.3300038215183253e-03         5.8159314462040944e-04        -6.6612378772837127e-04         3.3412758867018013e-03        -6.2510797537853528e-04         9.1183615169432557e-04
14                                    -8.9097870290112489e-03         2.1184420353866300e-02        -4.8806571479400934e-04        -1.9387426364683193e-04         6.3620312133303678e-05        -3.4383573510489603e-03         9.2052054330234254e-04        -1.9033418292933174e-04
15                                    -1.1893429702664468e-01        -7.2584136397656110e-02        -1.2975374788718632e-05        -1.5359861674558474e-05        -8.7176994085947599e-05         5.0443869463572357e-04        -6.3826207880181719e-05         2.0692961171249577e-04
16                                     3.0489082485320240e-01         2.3300672920832222e-01        -1.5121686263854580e-04         2.0472381872402735e-05        -5.6614187000169253e-05         5.4768209977349401e-04        -4.2542870923947774e-05         9.0958982281501505e-05
17                                     2.3300672920832222e-01         2.3595724296550816e-01        -3.5251730102361061e-06        -6.4965564598686108e-05         2.9338994829233148e-05         8.3007227389948518e-05        -2.5272970682160259e-05        -1.3858366085738516e-04
18                                    -1.5121686263854580e-04        -3.5251730102361061e-06         5.0556730140037524e-02        -1.2169303846535050e-03         1.8515526453315111e-03         4.1286239441449320e-04        -2.4288132201083640e-02        -6.4083518756942503e-05
19                                     2.0472381872402735e-05        -6.4965564598686108e-05        -1.2169303846535050e-03         3.4691422028035146e-01        -2.0520885209655178e-02         2.6773043781840727e-04        -7.6048074150903274e-03        -1.5371834690092526e-04
20                                    -5.6614187000169253e-05         2.9338994829233148e-05         1.8515526453315111e-03        -2.0520885209655178e-02         4.8080090513204811e-02        -1.2430797868608584e-03         2.0689002765698628e-02        -1.4028947082052002e-03
21                                     5.4768209977349401e-04         8.3007227389948518e-05         4.1286239441449320e-04         2.6773043781840727e-04        -1.2430797868608584e-03         2.1162494748286953e-01         6.0996146033499878e-02        -1.3599622139264322e-01
22                                    -4.2542870923947774e-05        -2.5272970682160259e-05        -2.4288132201083640e-02        -7.6048074150903274e-03         2.0689002765698628e-02         6.0996146033499878e-02         7.0912088312412552e-02        -5.3785383568781181e-02
23                                     9.0958982281501505e-05        -1.3858366085738516e-04        -6.4083518756942503e-05        -1.5371834690092526e-04        -1.4028947082052002e-03        -1.3599622139264322e-01        -5.3785383568781181e-02         1.6390048075470703e-01
24                                     1.4034388938339120e-04         6.2916128101372384e-05        -1.2209521082802901e-03        -1.1790355834464042e-04         2.2655800200717716e-04         5.0224706023596962e-03         1.0821514655288498e-02         2.1484012227478647e-02
25                                    -3.2100753148969481e-05        -6.1050252650634131e-05        -5.4245116787286982e-03        -1.1028409929129752e-02        -3.0191807576662677e-02         2.6221912418895399e-03         3.2488162681182870e-03         9.4588839249678692e-03
26                                     8.1506856673361008e-05        -1.4874922707015185e-06         1.0225098082991230e-03         1.5885830323691397e-03         3.4137567108286047e-03        -4.3476879626755741e-03        -7.8751716497098556e-03        -1.6765840397667351e-02
27                                    -1.1296214255375645e-02         5.1804217551345583e-03         8.8090322470130356e-05        -2.2631817570221074e-04         2.5966619947034634e-05         1.6963732917515049e-05        -5.9562177112008012e-05         6.8162886805319298e-05
28                                     9.2846128067775625e-03        -9.1085623320865498e-03        -2.3750093846800567e-04         5.6177285478553260e-05        -3.1019205511919950e-05         8.9952851129520076e-05        -1.4848091808966710e-05         1.5873266978982774e-05
29                                     2.5999014423771435e-02        -1.7234851710639518e-02         1.8936024607376674e-04        -6.9885931155080558e-05         3.7701079891834668e-05        -1.5984207864605396e-04        -4.3485381991135346e-05        -2.0029377897008791e-05
30                                     1.1335760330203060e-03        -4.1857276946306032e-03        -1.2363997986990631e-05         2.2094691210369603e-05        -1.1149599974405374e-05        -1.0865844060899653e-04         4.1762462076115094e-05        -1.5900719812716926e-05
31                                    -1.5262069853970776e-02        -5.1469662986120650e-03        -1.0883943031045516e-05        -1.8540834218608304e-05        -9.3167890465299815e-06         1.8674040906188584e-04        -3.1628859217859204e-05         7.3625274958756624e-05
32                                    -1.0600415121530498e-02        -1.0544196146969432e-02         1.8544346348411150e-05         1.7233297781643706e-05         1.5037822158542579e-05        -1.6189090311555720e-04         2.2925293098302385e-05        -7.5548368419294572e-05
33                                    -5.8898569249939787e-04        -5.6335029510278249e-04         1.3472204039411790e-03         8.8469254297662663e-05         6.8111057381918679e-04         9.8831370375678570e-04        -6.4124160008805658e-04         5.7300854378014121e-04
34                                    -1.9733574926663071e-04         9.9545202506227427e-05        -6.7834764176628317e-04         6.0359176386516568e-04         2.3580785004527949e-04        -6.4313867002197510e-04         1.6493335591646912e-04        -4.3474793760350707e-04
35                                     5.9809292917034585e-04         8.1781077625748448e-05         3.1678420235762639e-04         2.5623454973773725e-04         1.3569142476526274e-04        -1.7874479145748266e-04         2.0653053309117788e-05         6.2957200757656102e-04
36                                     2.1772483391399269e-04         7.4505816427295390e-05        -5.4110692868671031e-03         1.9050684725528677e-03        -2.5194198631310191e-03         1.1299599571149071e-03        -3.8986415003306081e-04         6.9871730771309563e-04
37                                     3.9790039581305992e-04        -6.1287187243064083e-06         1.8721793422920192e-03         1.0679869541592828e-03         7.4352749630851936e-04         2.6675355287033263e-04         3.5018699906489781e-04        -2.7655612232861150e-04
38                                    -6.9831073804604182e-05        -1.4276008429782563e-04        -2.1204874016506805e-03         1.0624992213958827e-03        -7.0331254783559676e-05         3.1611442753991074e-04        -5.8487604412008022e-04         2.9705463572851838e-04
39                                     1.0622490654564032e-03        -7.0058818647045391e-04        -3.3475284904970512e-04         7.3838184342008960e-04         2.4575116223606898e-05         1.5782395310028191e-04         3.2687220591045283e-04        -4.8914428219589480e-05
40                                    -1.1390974943207366e-03         6.1713687724414832e-04        -6.6964167720836112e-04         2.4509372879303985e-04        -1.3578015037554096e-04        -1.8069917840870912e-05         3.7230495534785937e-04        -9.5585255659091581e-06
41                                    -4.9428285834251292e-04        -1.0994392007221542e-03         1.7016857534863207e-04        -3.8858105169329096e-04         3.3167694745832690e-04        -1.7814941655431524e-04        -1.1764481450181338e-04        -1.4348413508790507e-04
42                                     2.5242454837621398e-03         6.3413366308546900e-03        -5.0523275795093513e-05         5.3541390507982987e-05        -1.0066928898936321e-04         2.9161999960979426e-04        -1.6074351663351914e-04        -1.6580178451508010e-04
43                                    -4.4738966648225228e-04        -1.7391054570692521e-03        -5.2754822897736812e-05        -1.1817724379172391e-04        -1.2934061561460137e-04         1.6182664760990787e-04        -1.0730995995970785e-04         1.8898556709602793e-04
44                                     1.8643446028074129e-03         1.7032931880378533e-03         8.7960062369985958e-05         6.5986183103317747e-05        -3.4947368269008187e-05        -2.0841576178732245e-04         3.5664287259432655e-04         2.6900950280061946e-04
                                                        24                          25                          26                          27                          28                          29                          30                          31

0                                     -5.4277346410419952e-02        -1.9588320156523252e-02        -4.2658233200790596e-02        -2.2524238953576330e-05         1.6514592002609286e-04        -3.5455019806867379e-04        -1.6020103492127378e-04         2.7063933361679221e-04
1                                     -1.9113028903706929e-02        -8.9568324393406021e-02        -9.6807564860594303e-02        -9.3741468165938873e-05         3.1199563997473100e-04        -4.5417244578519140e-04        -7.2070882640125518e-05         3.1536750535435731e-04
2                                     -4.1755201078578129e-02        -9.7368127071089328e-02        -2.7188767113935364e-01         2.1877656300563097e-05        -2.7716211912370793e-04        -1.2873885981601720e-05         2.6163856445421884e-04        -2.9907787871792332e-04
3                                      1.4176165024008651e-04        -1.1758038169858696e-04         2.1772837733704739e-04        -4.2852510607473124e-02         4.0030216613785065e-03        -3.3261088251790354e-02        -1.0654718455134493e-03         4.9651854492024361e-03
4                                      5.5114300923008179e-04        -6.2415763234915933e-05         4.0948895479517213e-04         4.1485464050728246e-03        -2.6977455336676315e-01         1.2874566925738717e-01         1.6397388666191028e-03        -1.5830432918671450e-02
5                                      1.6318395600187333e-04         1.6989492543725696e-04         3.3287463518352788e-04        -1.0394877044633065e-02         1.3074951739835250e-01        -7.2447487552513082e-02        -7.4102735366959466e-03        -1.1575883792846887e-02
6                                     -7.5682909672874880e-07        -5.9526189062167681e-05        -1.2051194273196390e-04        -3.2459024275556525e-03        -8.0588387917931402e-03        -2.5085708059449895e-03        -2.1464495840172293e-01        -1.2261421887079954e-01
7                                     -3.9574475955592668e-04        -2.7760707344964765e-05        -3.1559740822458232e-04        -9.6502437626376867e-03        -2.1312773758991824e-02        -4.0232357707429632e-02        -1.5484426998212125e-01        -1.2851990967084559e-01
8                                     -3.7621543743787027e-05         4.4550236398698548e-05        -5.2173554124460703e-06         1.7111240766995141e-02         5.6268305898354784e-03        -2.4516070515898988e-03        -7.0272809516454787e-02        -8.4790244404009424e-02
9                                     -7.2473165259130416e-03         2.6603921147027969e-03        -2.2262300326192676e-03         2.3408691374760043e-03        -1.1050454233946915e-03         1.5961007564942609e-04        -4.3677729768353446e-04         1.0956789304760444e-03
10                                    -1.2321422841022920e-02         4.4866260115619099e-03        -3.9306043958067883e-03         1.2841612365047657e-03         4.7317375957788531e-04         2.0910747512413105e-04         3.3377595726033970e-04        -7.9550472323751181e-04
11                                    -2.8201866388531442e-02         1.1609093169487675e-02        -1.1242640761081030e-02        -6.9120622403730844e-04         1.3832203757591956e-04         3.5471857879400184e-04        -5.7716392785584283e-04         7.7833499583215577e-04
12                                     1.9035450224781708e-03        -4.9684894580791185e-04         7.8592719834954215e-04        -7.0323319799626624e-05        -9.3102694287012372e-04         9.0229286742158840e-04        -1.1884423732824506e-03         9.9522818074198162e-04
13                                    -6.4305709298071584e-04         4.9570804623732742e-05         1.1354497175859821e-04         2.1516075130838107e-02        -5.6652974750823221e-03         1.4730048921692600e-02        -1.9258155313140917e-03        -1.0865896730525952e-03
14                                    -1.1194290781451207e-03         1.1931094187399294e-04         1.1924290633043445e-03        -1.2535883086234153e-02         3.3186820943726389e-03         4.1448991349466490e-03         5.6343309014696488e-04        -6.0855256770010486e-03
15                                     1.6026178784108645e-04         7.2799773875822276e-06         6.7854247570793948e-05        -1.4606180865625040e-02         9.5185763189671799e-03         3.6577593654949128e-02         2.0735916389264235e-02        -3.6661559570955633e-02
16                                     1.4034388938339120e-04        -3.2100753148969481e-05         8.1506856673361008e-05        -1.1296214255375645e-02         9.2846128067775625e-03         2.5999014423771435e-02         1.1335760330203060e-03        -1.5262069853970776e-02
17                                     6.2916128101372384e-05        -6.1050252650634131e-05        -1.4874922707015185e-06         5.1804217551345583e-03        -9.1085623320865498e-03        -1.7234851710639518e-02        -4.1857276946306032e-03        -5.1469662986120650e-03
18                                    -1.2209521082802901e-03        -5.4245116787286982e-03         1.0225098082991230e-03         8.8090322470130356e-05        -2.3750093846800567e-04         1.8936024607376674e-04        -1.2363997986990631e-05        -1.0883943031045516e-05
19                                    -1.1790355834464042e-04        -1.1028409929129752e-02         1.5885830323691397e-03        -2.2631817570221074e-04         5.6177285478553260e-05        -6.9885931155080558e-05         2.2094691210369603e-05        -1.8540834218608304e-05
20                                     2.2655800200717716e-04        -3.0191807576662677e-02         3.4137567108286047e-03         2.5966619947034634e-05        -3.1019205511919950e-05         3.7701079891834668e-05        -1.1149599974405374e-05        -9.3167890465299815e-06
21                                     5.0224706023596962e-03         2.6221912418895399e-03        -4.3476879626755741e-03         1.6963732917515049e-05         8.9952851129520076e-05        -1.5984207864605396e-04        -1.0865844060899653e-04         1.8674040906188584e-04
22                                     1.0821514655288498e-02         3.2488162681182870e-03        -7.8751716497098556e-03        -5.9562177112008012e-05        -1.4848091808966710e-05        -4.3485381991135346e-05         4.1762462076115094e-05        -3.1628859217859204e-05
23                                     2.1484012227478647e-02         9.4588839249678692e-03        -1.6765840397667351e-02         6.8162886805319298e-05         1.5873266978982774e-05        -2.0029377897008791e-05        -1.5900719812716926e-05         7.3625274958756624e-05
24                                     5.9722909701251735e-02         1.8806384457496272e-02         4.9714067025440331e-02         9.1816947663422727e-05        -1.1837076389278737e-04        -4.5148839783075770e-05         3.0046671028558609e-05         4.5971547592893892e-05
25                                     1.8806384457496272e-02         9.2082017218025419e-02         1.0522120700780575e-01         4.9942283912412776e-05         6.2206494239008640e-06         1.5503547120001475e-05        -5.6271661184998344e-06         3.5313796542077881e-06
26                                     4.9714067025440331e-02         1.0522120700780575e-01         2.9381244820885877e-01         2.9294515606367370e-05        -6.1649966501025472e-05        -5.3085612351731846e-05         7.4581407524610191e-06         4.0568396478596856e-05
27                                     9.1816947663422727e-05         4.9942283912412776e-05         2.9294515606367370e-05         6.2367812789408568e-02        -5.3779256594541523e-03         1.8362887373605285e-03         1.4982185073860528e-04        -1.1507249967030420e-03
28                                    -1.1837076389278737e-04         6.2206494239008640e-06        -6.1649966501025472e-05        -5.3779256594541523e-03         2.8574424362650380e-01        -1.3118088911718945e-01        -2.5678273127303572e-04         1.1095981912654547e-03
29                                    -4.5148839783075770e-05         1.5503547120001475e-05        -5.3085612351731846e-05         1.8362887373605285e-03        -1.3118088911718945e-01         9.0559160183142556e-02        -5.0188803780374779e-04         3.4215424621016968e-03
30                                     3.0046671028558609e-05        -5.6271661184998344e-06         7.4581407524610191e-06         1.4982185073860528e-04        -2.5678273127303572e-04        -5.0188803780374779e-04         1.9696371736485932e-01         1.5358745144149263e-01
31                                     4.5971547592893892e-05         3.5313796542077881e-06         4.0568396478596856e-05        -1.1507249967030420e-03         1.1095981912654547e-03         3.4215424621016968e-03         1.5358745144149263e-01         1.6024462671375067e-01
32                                    -5.2655085523511860e-05         1.1154735697384288e-06        -4.3717523084730887e-05         1.6187890408652142e-03        -3.9923245291797159e-05        -2.5544205762018978e-03         8.2140868039223519e-02         1.0273605383383737e-01
33                                    -5.2955299852400495e-03         2.5914742698692930e-03        -1.9758517137879123e-03        -6.2048261589860002e-06         3.4874713151564945e-04        -9.0941408839949941e-05        -1.8928371798422432e-05        -1.2931608991248380e-04
34                                     2.2840269884933763e-03         2.4462911453601273e-04         1.4314578135830348e-03        -5.7776356485748687e-06        -2.3399525563005171e-04        -1.1136964631386359e-04        -1.1560479769191258e-05        -2.0319333554479372e-05
35                                    -1.9449696693337546e-03         1.0539826844427128e-03         6.6988760723183500e-04         3.8739870424078494e-04        -2.5020972356395131e-04        -1.9162334707151403e-04         7.5174195409272865e-05         1.4054474070026614e-04
36                                     1.3058785850167402e-03        -7.6308804955913965e-04         1.9081797353964888e-04        -4.9879744074094584e-04         6.5575947870864825e-04        -3.0439770472050795e-04         7.8368224637511601e-05        -6.1769781199194808e-05
37                                    -9.3169702332528657e-05         5.6331746696017520e-04         3.1307785884164031e-04        -7.5969390053470939e-04         3.4679271713686580e-04        -3.1940255237423130e-04         2.7119171865108878e-05         3.4502923357505530e-05
38                                     6.7280317523785204e-04         2.8917664573071855e-04         1.8855567047809186e-04         4.3045292282837431e-05        -2.4289568015249869e-04         3.1633032408164821e-04        -2.6934188238296854e-05         2.6653169964637922e-05
39                                    -4.2638265325531572e-05         7.9538491585999422e-06        -9.9444764404113729e-05        -3.2457386930419105e-03         9.1151667210734137e-04        -3.0506283151415800e-03        -2.0511293217840063e-04         3.6131888774553703e-04
40                                    -3.1534822451557759e-05        -8.6063189855373982e-05         5.9159056128197177e-05         1.4119667462329413e-03         4.9505923285874439e-05         1.6557777052292224e-04         2.7324966289894725e-04        -4.3768351751301889e-04
41                                     6.3633510299876281e-05        -1.5506260829840560e-04        -3.8316814457475356e-05        -2.0603381690163952e-03         1.1188679214938432e-03        -3.0208505383524790e-04        -2.8183085270330928e-05         2.3639711162145655e-04
42                                    -2.9415084360391195e-04        -3.0621907445927267e-04        -6.3035393120014060e-04        -5.0719236132538308e-04         4.0121453671495850e-04         6.2406966920423596e-04        -1.1695580483176142e-04        -8.9606840235886105e-04
43                                     2.0095134434451535e-04         1.2034582321633126e-04        -2.4614303004201260e-04         2.0106690937095675e-04        -3.8085265114840439e-04        -8.4581048443732858e-04         7.3685961822901689e-05         2.9505267089972734e-04
44                                     7.9237392038594321e-04        -2.2853368568830600e-04         4.2802519979390566e-04        -6.5234106153716270e-04         1.9512748976751280e-04        -1.4474513277519530e-04        -1.1223273910129002e-04         3.4488616009473953e-04
                                                        32                          33                          34                          35                          36                          37                          38                          39

0                                     -2.2469211363446151e-04        -6.7990606767115557e-03         2.4376927729167289e-03        -2.4317170050584622e-03        -1.3128887018908188e-03         5.4240108818014512e-04        -3.6059144158719677e-04         1.5475058605694519e-03
1                                     -3.4553539488098284e-04        -1.1751593299658537e-02         4.2516157775100098e-03        -3.9019894761898335e-03         3.2114854988112257e-02        -9.5860557435832883e-03         1.1974089877896102e-02        -1.3451756938604796e-03
2                                      2.2455509189658602e-04        -2.8914244826687124e-02         1.1229778910768970e-02        -9.7756333080053961e-03        -2.5376834800374141e-03         6.9044395697332676e-04        -1.2519323515642455e-03         5.2457418853825433e-05
3                                      5.6589763235989597e-03         2.0102713368433467e-03         4.1090018439095483e-04        -1.7362048246545943e-03         1.3188896057639136e-03         9.4052630828106746e-04        -9.9976956141667591e-04        -2.1450008263240138e-03
4                                      2.0202830607020154e-02        -4.9109122516652901e-04         2.7287371945634202e-04         8.9798026623262410e-04        -2.1470869948808412e-03         1.8975392452059980e-04        -8.8028892065486562e-05         3.3610151733805743e-02
5                                      1.2050731610203168e-02         6.9478105762770372e-04        -4.5977936039020032e-04         1.9806081840825383e-04         1.9188471035189321e-04         3.2571729999063574e-04         4.0862819547354807e-04        -2.9541156954986120e-03
6                                     -9.2699936786546977e-02         1.5560393769700824e-04         1.8948278090843117e-04        -7.7291009252095132e-05         2.3641520841175432e-04        -1.1371861135133724e-04        -9.0142058099734041e-05         1.7985721253423528e-03
7                                     -1.1430384775401191e-01         1.1277145534802683e-03         2.8969761941641562e-04        -1.2969350502048864e-03         7.4751673175831577e-04        -1.7289533664094163e-04        -3.3603646588869877e-04        -3.3798484457837653e-03
8                                     -7.6275477866905972e-02         6.4575402068976729e-04         9.5682749008926425e-05        -3.1038860806931710e-04        -2.5981102089906865e-04        -3.8786549381558157e-04         7.8966724299398753e-06         1.2055839401484613e-03
9                                     -8.2526771070519790e-04        -5.2904206108961557e-02        -1.6801204197045130e-02        -3.8651384348699566e-02        -4.5716823333850284e-02        -4.9013639612238346e-03        -9.0342245262721357e-05        -2.1160201385157021e-03
10                                     8.1862391468465277e-04        -1.6684598641015697e-02        -9.1300840610787179e-02        -9.2222381287034319e-02        -5.0264174837805608e-03        -3.1106279509421320e-01         1.4877783711023686e-02        -2.4595372798539586e-02
11                                    -7.0333291116731096e-04        -3.8430734574748895e-02        -9.3529315580793360e-02        -2.6473356204832121e-01         3.7274096552599584e-05         1.5972632811056833e-02        -5.1028585055058862e-02         1.2140943509292080e-03
12                                    -1.2390781986276215e-03         1.6823353234853445e-03         1.3504721633224356e-03        -6.4285268090282996e-04        -2.6317486503069712e-03        -1.1468992815989211e-03         1.4347532921873683e-03        -4.8048759519370168e-02
13                                     1.9540548604797528e-03         1.0269292224682605e-02         3.6877282527018225e-03        -7.5369973921085567e-03        -2.6165423986338029e-02        -9.2412895505929772e-03         2.2265538993968936e-02        -7.4281259835501014e-03
14                                     5.3010308957095516e-03         2.4685556841927969e-02         9.8611007141545647e-03        -1.7768600745103391e-02         2.3545637229241898e-03         1.3144336356565121e-03        -2.7828682911309171e-03         1.6875306266097121e-03
15                                     5.3127994133509836e-03        -7.6240252015886403e-04        -2.0884933870557009e-04         8.8817476136747518e-04        -1.9989728655830615e-04         3.0770613127719879e-04         1.6493036744018763e-04         7.4938257086200289e-04
16                                    -1.0600415121530498e-02        -5.8898569249939787e-04        -1.9733574926663071e-04         5.9809292917034585e-04         2.1772483391399269e-04         3.9790039581305992e-04        -6.9831073804604182e-05         1.0622490654564032e-03
17                                    -1.0544196146969432e-02        -5.6335029510278249e-04         9.9545202506227427e-05         8.1781077625748448e-05         7.4505816427295390e-05        -6.1287187243064083e-06        -1.4276008429782563e-04        -7.0058818647045391e-04
18                                     1.8544346348411150e-05         1.3472204039411790e-03        -6.7834764176628317e-04         3.1678420235762639e-04        -5.4110692868671031e-03         1.8721793422920192e-03        -2.1204874016506805e-03        -3.3475284904970512e-04
19                                     1.7233297781643706e-05         8.8469254297662663e-05         6.0359176386516568e-04         2.5623454973773725e-04         1.9050684725528677e-03         1.0679869541592828e-03         1.0624992213958827e-03         7.3838184342008960e-04
20                                     1.5037822158542579e-05         6.8111057381918679e-04         2.3580785004527949e-04         1.3569142476526274e-04        -2.5194198631310191e-03         7.4352749630851936e-04        -7.0331254783559676e-05         2.4575116223606898e-05
21                                    -1.6189090311555720e-04         9.8831370375678570e-04        -6.4313867002197510e-04        -1.7874479145748266e-04         1.1299599571149071e-03         2.6675355287033263e-04         3.1611442753991074e-04         1.5782395310028191e-04
22                                     2.2925293098302385e-05        -6.4124160008805658e-04         1.6493335591646912e-04         2.0653053309117788e-05        -3.8986415003306081e-04         3.5018699906489781e-04        -5.8487604412008022e-04         3.2687220591045283e-04
23                                    -7.5548368419294572e-05         5.7300854378014121e-04        -4.3474793760350707e-04         6.2957200757656102e-04         6.9871730771309563e-04        -2.7655612232861150e-04         2.9705463572851838e-04        -4.8914428219589480e-05
24                                    -5.2655085523511860e-05        -5.2955299852400495e-03         2.2840269884933763e-03        -1.9449696693337546e-03         1.3058785850167402e-03        -9.3169702332528657e-05         6.7280317523785204e-04        -4.2638265325531572e-05
25                                     1.1154735697384288e-06         2.5914742698692930e-03         2.4462911453601273e-04         1.0539826844427128e-03        -7.6308804955913965e-04         5.6331746696017520e-04         2.8917664573071855e-04         7.9538491585999422e-06
26                                    -4.3717523084730887e-05        -1.9758517137879123e-03         1.4314578135830348e-03         6.6988760723183500e-04         1.9081797353964888e-04         3.1307785884164031e-04         1.8855567047809186e-04        -9.9444764404113729e-05
27                                     1.6187890408652142e-03        -6.2048261589860002e-06        -5.7776356485748687e-06         3.8739870424078494e-04        -4.9879744074094584e-04        -7.5969390053470939e-04         4.3045292282837431e-05        -3.2457386930419105e-03
28                                    -3.9923245291797159e-05         3.4874713151564945e-04        -2.3399525563005171e-04        -2.5020972356395131e-04         6.5575947870864825e-04         3.4679271713686580e-04        -2.4289568015249869e-04         9.1151667210734137e-04
29                                    -2.5544205762018978e-03        -9.0941408839949941e-05        -1.1136964631386359e-04        -1.9162334707151403e-04        -3.0439770472050795e-04        -3.1940255237423130e-04         3.1633032408164821e-04        -3.0506283151415800e-03
30                                     8.2140868039223519e-02        -1.8928371798422432e-05        -1.1560479769191258e-05         7.5174195409272865e-05         7.8368224637511601e-05         2.7119171865108878e-05        -2.6934188238296854e-05        -2.0511293217840063e-04
31                                     1.0273605383383737e-01        -1.2931608991248380e-04        -2.0319333554479372e-05         1.4054474070026614e-04        -6.1769781199194808e-05         3.4502923357505530e-05         2.6653169964637922e-05         3.6131888774553703e-04
32                                     7.3069276886392490e-02         1.3937328797208122e-04         1.8709078900944805e-05        -1.2612136445177375e-04         4.6127186132514553e-05        -5.6259892596166160e-05        -1.6633671769238165e-05        -5.7985158214422339e-04
33                                     1.3937328797208122e-04         6.3438376349030948e-02         1.7569244825862265e-02         4.0659913124531086e-02        -9.3557176218538908e-04        -7.4806629693729629e-05        -1.6023396880465355e-04         1.0150054058472077e-03
34                                     1.8709078900944805e-05         1.7569244825862265e-02         9.2379730704636717e-02         9.9365296673926976e-02        -5.0880502641646071e-03        -1.1191039070426590e-02        -2.9660821187801931e-02         7.7974367301142876e-04
35                                    -1.2612136445177375e-04         4.0659913124531086e-02         9.9365296673926976e-02         2.8888601163181554e-01         5.7140227774898000e-04         1.0315114676220510e-03         3.1601542550078647e-03        -4.0922098455232017e-04
36                                     4.6127186132514553e-05        -9.3557176218538908e-04        -5.0880502641646071e-03         5.7140227774898000e-04         5.5215337675687322e-02         4.0876422371069927e-03        -1.1501860476108611e-03        -3.6415438884625779e-03
37                                    -5.6259892596166160e-05        -7.4806629693729629e-05        -1.1191039070426590e-02         1.0315114676220510e-03         4.0876422371069927e-03         3.3658844348156713e-01        -2.0902318033560144e-02        -1.0344323108264714e-03
38                                    -1.6633671769238165e-05        -1.6023396880465355e-04        -2.9660821187801931e-02         3.1601542550078647e-03        -1.1501860476108611e-03        -2.0902318033560144e-02         5.2227903128911506e-02         3.2679894601694496e-03
39                                    -5.7985158214422339e-04         1.0150054058472077e-03         7.7974367301142876e-04        -4.0922098455232017e-04        -3.6415438884625779e-03        -1.0344323108264714e-03         3.2679894601694496e-03         5.5077082585316080e-02
40                                     6.1277516483448230e-05         1.1501418123510557e-05         5.4285138443375784e-04         3.6342684196606807e-04        -7.1132113677994111e-04         1.1276017416079753e-03         1.2149620565379505e-03         5.8798421758969131e-03
41                                    -1.2469471700788114e-04        -1.0264561976348701e-03         3.7363960213055878e-05         4.1787166976948445e-04         3.1399829092096940e-03         1.3603449048129575e-03        -1.9694464512686307e-03        -5.7312806939290625e-04
42                                     9.4158575865738148e-04        -3.9152222093870089e-03        -1.6004699743069996e-03         3.1306940125400673e-03         1.0634910942302505e-03         7.5241293023927585e-05        -9.0378985514893984e-04        -5.6580538876936908e-04
43                                    -3.7843377290047513e-04        -1.6289756872741065e-03         5.0587832719221318e-04         1.4870868169980494e-03         6.2897037724703457e-04         5.8758819126948549e-04         1.8271795872512234e-04        -5.8996195300310347e-03
44                                    -1.9648916038282832e-04         3.1251595709740603e-03         1.8149936647904724e-03        -1.2731010711780097e-03        -5.3093713123888650e-04         1.8822712428696181e-04         6.5603427776217329e-04         9.6569152928467562e-04
                                                        40                          41                          42                          43                          44

0                                      3.8794191736294358e-04        -1.0311907673531493e-03         2.0000994147897485e-03         4.4868975578429013e-04        -1.3782479051222701e-03
1                                      6.8218093635623398e-04        -1.1748413132498133e-04         5.9151693378359899e-04        -4.3998012106857788e-05        -1.7463684844883955e-04
2                                     -3.4215443241321017e-04         3.0481539668996229e-04         9.2987235773612283e-04        -2.0934094328682465e-04         1.3685518269061329e-03
3                                      1.6564468386114049e-03        -2.7606187986430699e-03        -1.2971614689524777e-02         1.4081994489148599e-03        -6.6759245063270096e-03
4                                     -1.2218015489161887e-02         1.4916977900686796e-02        -1.5337735483699211e-02         5.2723418375407631e-03        -1.8978435814159403e-03
5                                      6.5565946146413021e-05        -2.5702364038771054e-03        -2.7141129260320196e-02         1.0944067882325971e-02        -8.3466228222429800e-03
6                                      1.2517520534583012e-03        -5.3943662113181971e-04         4.1696657138939192e-03        -3.0198278308158141e-04         1.3101799733220270e-04
7                                      5.1823492651954014e-03        -1.8931880027546534e-03         4.2136873730703505e-03        -1.1491410361967828e-03        -2.4334009362686456e-03
8                                      1.3340422495130774e-03         1.4503454909765964e-04        -5.1963407293626456e-03         1.6633523877166278e-03        -3.1334628579328047e-03
9                                     -4.0288145193623920e-04         8.8595793939017691e-04         1.9210823695408920e-03         2.3093555032166653e-04        -1.1202534528413563e-03
10                                    -7.6088525991180591e-03         2.1001167507634890e-02         9.6362539527897403e-03         3.5295953109487376e-03        -7.2832203295206252e-03
11                                     9.6780716583393534e-04        -1.8655804702663488e-03         2.5337207328997073e-02         1.0151288298804307e-02        -2.1498901423420445e-02
12                                    -5.8804900168656377e-03         2.0571612268119243e-03        -4.7727349719266066e-02        -1.4979245380653788e-02        -4.0480740515429742e-02
13                                    -3.0802157226897758e-01         1.9507733848621665e-02        -1.7886402122668926e-02        -8.5213710525457564e-02        -9.4503851941272254e-02
14                                     1.9938812287419554e-02        -4.7863851698049326e-02        -4.6318885938690886e-02        -9.2112955150199446e-02        -2.5517536367163185e-01
15                                    -2.8078829991938560e-03         2.1389099416334418e-03        -1.0209594119810115e-03         4.2593601059481758e-04         2.5545729206055637e-03
16                                    -1.1390974943207366e-03        -4.9428285834251292e-04         2.5242454837621398e-03        -4.4738966648225228e-04         1.8643446028074129e-03
17                                     6.1713687724414832e-04        -1.0994392007221542e-03         6.3413366308546900e-03        -1.7391054570692521e-03         1.7032931880378533e-03
18                                    -6.6964167720836112e-04         1.7016857534863207e-04        -5.0523275795093513e-05        -5.2754822897736812e-05         8.7960062369985958e-05
19                                     2.4509372879303985e-04        -3.8858105169329096e-04         5.3541390507982987e-05        -1.1817724379172391e-04         6.5986183103317747e-05
20                                    -1.3578015037554096e-04         3.3167694745832690e-04        -1.0066928898936321e-04        -1.2934061561460137e-04        -3.4947368269008187e-05
21                                    -1.8069917840870912e-05        -1.7814941655431524e-04         2.9161999960979426e-04         1.6182664760990787e-04        -2.0841576178732245e-04
22                                     3.7230495534785937e-04        -1.1764481450181338e-04        -1.6074351663351914e-04        -1.0730995995970785e-04         3.5664287259432655e-04
23                                    -9.5585255659091581e-06        -1.4348413508790507e-04        -1.6580178451508010e-04         1.8898556709602793e-04         2.6900950280061946e-04
24                                    -3.1534822451557759e-05         6.3633510299876281e-05        -2.9415084360391195e-04         2.0095134434451535e-04         7.9237392038594321e-04
25                                    -8.6063189855373982e-05        -1.5506260829840560e-04        -3.0621907445927267e-04         1.2034582321633126e-04        -2.2853368568830600e-04
26                                     5.9159056128197177e-05        -3.8316814457475356e-05        -6.3035393120014060e-04        -2.4614303004201260e-04         4.2802519979390566e-04
27                                     1.4119667462329413e-03        -2.0603381690163952e-03        -5.0719236132538308e-04         2.0106690937095675e-04        -6.5234106153716270e-04
28                                     4.9505923285874439e-05         1.1188679214938432e-03         4.0121453671495850e-04        -3.8085265114840439e-04         1.9512748976751280e-04
29                                     1.6557777052292224e-04        -3.0208505383524790e-04         6.2406966920423596e-04        -8.4581048443732858e-04        -1.4474513277519530e-04
30                                     2.7324966289894725e-04        -2.8183085270330928e-05        -1.1695580483176142e-04         7.3685961822901689e-05        -1.1223273910129002e-04
31                                    -4.3768351751301889e-04         2.3639711162145655e-04        -8.9606840235886105e-04         2.9505267089972734e-04         3.4488616009473953e-04
32                                     6.1277516483448230e-05        -1.2469471700788114e-04         9.4158575865738148e-04        -3.7843377290047513e-04        -1.9648916038282832e-04
33                                     1.1501418123510557e-05        -1.0264561976348701e-03        -3.9152222093870089e-03        -1.6289756872741065e-03         3.1251595709740603e-03
34                                     5.4285138443375784e-04         3.7363960213055878e-05        -1.6004699743069996e-03         5.0587832719221318e-04         1.8149936647904724e-03
35                                     3.6342684196606807e-04         4.1787166976948445e-04         3.1306940125400673e-03         1.4870868169980494e-03        -1.2731010711780097e-03
36                                    -7.1132113677994111e-04         3.1399829092096940e-03         1.0634910942302505e-03         6.2897037724703457e-04        -5.3093713123888650e-04
37                                     1.1276017416079753e-03         1.3603449048129575e-03         7.5241293023927585e-05         5.8758819126948549e-04         1.8822712428696181e-04
38                                     1.2149620565379505e-03        -1.9694464512686307e-03        -9.0378985514893984e-04         1.8271795872512234e-04         6.5603427776217329e-04
39                                     5.8798421758969131e-03        -5.7312806939290625e-04        -5.6580538876936908e-04        -5.8996195300310347e-03         9.6569152928467562e-04
40                                     3.3382077142735100e-01        -2.5977800938984871e-02        -3.4633413422956866e-04        -1.2511374803424546e-02         1.6702422905108122e-03
41                                    -2.5977800938984871e-02         5.1389953570182979e-02        -2.6034339409202828e-04        -2.9027524760151135e-02         3.3877828113736633e-03
42                                    -3.4633413422956866e-04        -2.6034339409202828e-04         5.7723815112419773e-02         1.9060293971315478e-02         4.3457432748381153e-02
43                                    -1.2511374803424546e-02        -2.9027524760151135e-02         1.9060293971315478e-02         8.9661151737500555e-02         1.0004609611834703e-01
44                                     1.6702422905108122e-03         3.3877828113736633e-03         4.3457432748381153e-02         1.0004609611834703e-01         2.8199093670115882e-01
   &MODES [&Type "ArrayOfDoubles", &Dim (45,45)] "The modes of vibrations"
                                                         0                           1                           2                           3                           4                           5                           6                           7

0                                      0.0000000000000000e+00         0.0000000000000000e+00         0.0000000000000000e+00         0.0000000000000000e+00         0.0000000000000000e+00         0.0000000000000000e+00         6.5633478002693367e-03         6.5393366752718434e-03
1                                      0.0000000000000000e+00         0.0000000000000000e+00         0.0000000000000000e+00         0.0000000000000000e+00         0.0000000000000000e+00         0.0000000000000000e+00         1.0896670994413669e-03        -2.2326395539337435e-02
2                                      0.0000000000000000e+00         0.0000000000000000e+00         0.0000000000000000e+00         0.0000000000000000e+00         0.0000000000000000e+00         0.0000000000000000e+00        -2.1372468781809013e-05        -3.8622051070666442e-02
3                                      0.0000000000000000e+00         0.0000000000000000e+00         0.0000000000000000e+00         0.0000000000000000e+00         0.0000000000000000e+00         0.0000000000000000e+00         8.5260440861627471e-02         2.9921683067788672e-02
4                                      0.0000000000000000e+00         0.0000000000000000e+00         0.0000000000000000e+00         0.0000000000000000e+00         0.0000000000000000e+00         0.0000000000000000e+00        -6.8371186595792957e-02         7.7722648866324129e-02
5                                      0.0000000000000000e+00         0.0000000000000000e+00         0.0000000000000000e+00         0.0000000000000000e+00         0.0000000000000000e+00         0.0000000000000000e+00        -8.1701511858514111e-02         6.9264195685705382e-02
6                                      0.0000000000000000e+00         0.0000000000000000e+00         0.0000000000000000e+00         0.0000000000000000e+00         0.0000000000000000e+00         0.0000000000000000e+00         3.5946351929331724e-02         2.5406568529033623e-02
7                                      0.0000000000000000e+00         0.0000000000000000e+00         0.0000000000000000e+00         0.0000000000000000e+00         0.0000000000000000e+00         0.0000000000000000e+00         1.2679682022121569e-01         1.3573934243666050e-02
8                                      0.0000000000000000e+00         0.0000000000000000e+00         0.0000000000000000e+00         0.0000000000000000e+00         0.0000000000000000e+00         0.0000000000000000e+00         2.8786466678292311e-02        -8.4625907413111226e-02
9                                      0.0000000000000000e+00         0.0000000000000000e+00         0.0000000000000000e+00         0.0000000000000000e+00         0.0000000000000000e+00         0.0000000000000000e+00         1.3616228422907266e-02        -1.0722263078313197e-02
10                                     0.0000000000000000e+00         0.0000000000000000e+00         0.0000000000000000e+00         0.0000000000000000e+00         0.0000000000000000e+00         0.0000000000000000e+00        -3.1628261151820923e-03        -5.9199152653952210e-02
11                                     0.0000000000000000e+00         0.0000000000000000e+00         0.0000000000000000e+00         0.0000000000000000e+00         0.0000000000000000e+00         0.0000000000000000e+00        -3.0718396736680053e-04        -2.8619245401161512e-02
12                                     0.0000000000000000e+00         0.0000000000000000e+00         0.0000000000000000e+00         0.0000000000000000e+00         0.0000000000000000e+00         0.0000000000000000e+00         1.7512773321889184e-02         2.3474316311615919e-02
13                                     0.0000000000000000e+00         0.0000000000000000e+00         0.0000000000000000e+00         0.0000000000000000e+00         0.0000000000000000e+00         0.0000000000000000e+00        -2.4475533645698024e-02         7.2274037340524400e-02
14                                     0.0000000000000000e+00         0.0000000000000000e+00         0.0000000000000000e+00         0.0000000000000000e+00         0.0000000000000000e+00         0.0000000000000000e+00        -3.1263559589993439e-02         7.9876076107641927e-02
15                                     0.0000000000000000e+00         0.0000000000000000e+00         0.0000000000000000e+00         0.0000000000000000e+00         0.0000000000000000e+00         0.0000000000000000e+00        -1.3375675714399898e-01        -6.6685787767123750e-02
16                                     0.0000000000000000e+00         0.0000000000000000e+00         0.0000000000000000e+00         0.0000000000000000e+00         0.0000000000000000e+00         0.0000000000000000e+00        -1.4518470889001222e-02        -7.1715932019201553e-02
17                                     0.0000000000000000e+00         0.0000000000000000e+00         0.0000000000000000e+00         0.0000000000000000e+00         0.0000000000000000e+00         0.0000000000000000e+00         3.1273861395863481e-02         8.7094625247336986e-03
18                                     0.0000000000000000e+00         0.0000000000000000e+00         0.0000000000000000e+00         0.0000000000000000e+00         0.0000000000000000e+00         0.0000000000000000e+00         3.7837730352195879e-03        -2.9986776538601576e-02
19                                     0.0000000000000000e+00         0.0000000000000000e+00         0.0000000000000000e+00         0.0000000000000000e+00         0.0000000000000000e+00         0.0000000000000000e+00         6.5315003762229874e-04        -9.2346871574815522e-03
20                                     0.0000000000000000e+00         0.0000000000000000e+00         0.0000000000000000e+00         0.0000000000000000e+00         0.0000000000000000e+00         0.0000000000000000e+00        -1.6134597304240652e-03         1.4772038147962049e-01
21                                     0.0000000000000000e+00         0.0000000000000000e+00         0.0000000000000000e+00         0.0000000000000000e+00         0.0000000000000000e+00         0.0000000000000000e+00         1.2581687141267135e-02        -3.0158582916943056e-02
22                                     0.0000000000000000e+00         0.0000000000000000e+00         0.0000000000000000e+00         0.0000000000000000e+00         0.0000000000000000e+00         0.0000000000000000e+00        -1.4438163949594899e-04        -1.6782657601759224e-01
23                                     0.0000000000000000e+00         0.0000000000000000e+00         0.0000000000000000e+00         0.0000000000000000e+00         0.0000000000000000e+00         0.0000000000000000e+00         6.4376672334769793e-03        -1.4839115501830641e-01
24                                     0.0000000000000000e+00         0.0000000000000000e+00         0.0000000000000000e+00         0.0000000000000000e+00         0.0000000000000000e+00         0.0000000000000000e+00         2.7666004517813629e-03         9.3274684120122839e-02
25                                     0.0000000000000000e+00         0.0000000000000000e+00         0.0000000000000000e+00         0.0000000000000000e+00         0.0000000000000000e+00         0.0000000000000000e+00        -2.0937678780240253e-03         1.4056245772418832e-01
26                                     0.0000000000000000e+00         0.0000000000000000e+00         0.0000000000000000e+00         0.0000000000000000e+00         0.0000000000000000e+00         0.0000000000000000e+00         2.5232894748752179e-03        -1.2496556467812925e-01
27                                     0.0000000000000000e+00         0.0000000000000000e+00         0.0000000000000000e+00         0.0000000000000000e+00         0.0000000000000000e+00         0.0000000000000000e+00         1.2537250456352095e-02         3.2953367692839644e-02
28                                     0.0000000000000000e+00         0.0000000000000000e+00         0.0000000000000000e+00         0.0000000000000000e+00         0.0000000000000000e+00         0.0000000000000000e+00         8.7448526647042057e-02         1.3065256518202017e-01
29                                     0.0000000000000000e+00         0.0000000000000000e+00         0.0000000000000000e+00         0.0000000000000000e+00         0.0000000000000000e+00         0.0000000000000000e+00         2.3947518530770495e-01         1.7593254244883699e-01
30                                     0.0000000000000000e+00         0.0000000000000000e+00         0.0000000000000000e+00         0.0000000000000000e+00         0.0000000000000000e+00         0.0000000000000000e+00         1.7726962463612464e-01         7.7003666456705394e-02
31                                     0.0000000000000000e+00         0.0000000000000000e+00         0.0000000000000000e+00         0.0000000000000000e+00         0.0000000000000000e+00         0.0000000000000000e+00        -2.1097462781477597e-01         5.1550962857096858e-02
32                                     0.0000000000000000e+00         0.0000000000000000e+00         0.0000000000000000e+00         0.0000000000000000e+00         0.0000000000000000e+00         0.0000000000000000e+00         2.8061125724825775e-01        -2.3533927094780149e-01
33                                     0.0000000000000000e+00         0.0000000000000000e+00         0.0000000000000000e+00         0.0000000000000000e+00         0.0000000000000000e+00         0.0000000000000000e+00         1.1450929932309874e-02        -6.9202137648688392e-02
34                                     0.0000000000000000e+00         0.0000000000000000e+00         0.0000000000000000e+00         0.0000000000000000e+00         0.0000000000000000e+00         0.0000000000000000e+00         2.0789558555269140e-03        -1.7639886961614215e-01
35                                     0.0000000000000000e+00         0.0000000000000000e+00         0.0000000000000000e+00         0.0000000000000000e+00         0.0000000000000000e+00         0.0000000000000000e+00        -1.4698859542171996e-03         2.9892895819392071e-02
36                                     0.0000000000000000e+00         0.0000000000000000e+00         0.0000000000000000e+00         0.0000000000000000e+00         0.0000000000000000e+00         0.0000000000000000e+00        -1.1663466928551885e-03         6.5114506068002856e-03
37                                     0.0000000000000000e+00         0.0000000000000000e+00         0.0000000000000000e+00         0.0000000000000000e+00         0.0000000000000000e+00         0.0000000000000000e+00        -1.8919906336066316e-03        -6.9996480450966111e-02
38                                     0.0000000000000000e+00         0.0000000000000000e+00         0.0000000000000000e+00         0.0000000000000000e+00         0.0000000000000000e+00         0.0000000000000000e+00         5.9545019552115297e-03        -1.6131193306256331e-01
39                                     0.0000000000000000e+00         0.0000000000000000e+00         0.0000000000000000e+00         0.0000000000000000e+00         0.0000000000000000e+00         0.0000000000000000e+00         4.8441109946612639e-02        -4.8105657065405120e-03
40                                     0.0000000000000000e+00         0.0000000000000000e+00         0.0000000000000000e+00         0.0000000000000000e+00         0.0000000000000000e+00         0.0000000000000000e+00        -2.5347353630706591e-02         8.5375578536033919e-02
41                                     0.0000000000000000e+00         0.0000000000000000e+00         0.0000000000000000e+00         0.0000000000000000e+00         0.0000000000000000e+00         0.0000000000000000e+00         1.9852347765269120e-03         1.8777935211640501e-01
42                                     0.0000000000000000e+00         0.0000000000000000e+00         0.0000000000000000e+00         0.0000000000000000e+00         0.0000000000000000e+00         0.0000000000000000e+00        -3.8064669632165100e-02         9.3709937947094576e-02
43                                     0.0000000000000000e+00         0.0000000000000000e+00         0.0000000000000000e+00         0.0000000000000000e+00         0.0000000000000000e+00         0.0000000000000000e+00         8.7374881308353088e-04         1.7596964566276033e-01
44                                     0.0000000000000000e+00         0.0000000000000000e+00         0.0000000000000000e+00         0.0000000000000000e+00         0.0000000000000000e+00         0.0000000000000000e+00        -2.3323428429252866e-02         2.2939190750180385e-02
                                                         8                           9                          10                          11                          12                          13                          14                          15

0                                     -1.3204499421461921e-02        -4.5497657183112196e-02        -3.8601734281896480e-03         1.0162594170420405e-01         5.5800858633492295e-02         1.0905676573408180e-01        -2.1527207304893662e-02         3.0847739227856481e-03
1                                     -1.0253392470025782e-01        -6.2225888239104084e-02         6.4651038544706364e-03        -1.1185196497739670e-02        -1.9076856769682127e-02         2.4860793385280055e-03         3.6726947778758972e-03        -1.3069626019313763e-02
2                                     -6.8228357917221191e-02         8.8679843871381822e-02         1.7476677289646834e-02        -2.1747021682053506e-02         2.0386177929229411e-02        -1.9786819248802531e-02        -6.7444764381456379e-03        -4.9174198933362905e-03
3                                     -3.5942282691718628e-04        -3.5521652097816249e-02         1.5467708740656561e-03        -3.5919765172235461e-02        -3.5293802706733636e-02        -7.7960315941217190e-02         5.8379488535415032e-02        -4.4441743742917690e-03
4                                     -7.5493675177926703e-03         5.3024716218653165e-02         2.3913435658342766e-02        -6.8725473760109734e-02         8.8128556056283353e-03         1.1483625992529273e-01         5.7212624837506693e-02         1.9402417806284395e-02
5                                      6.1263622094472198e-03        -7.0124243069273062e-02         5.3108680905925125e-03        -9.9867283150510661e-02         1.0767141175239076e-01        -2.3966700443226436e-04        -8.9970441861298003e-02         1.6649928836822002e-02
6                                      3.5840636757756034e-02         2.7574971735571080e-02         7.8429741785468344e-03        -1.0312412328087801e-01        -4.0792370251980313e-02         1.6734586265697807e-02         1.1637940881826868e-01         2.1557479827791270e-02
7                                     -5.7781431496216069e-02        -2.9000206563562638e-02         5.0795575959492398e-03         2.2967505001690355e-02        -3.8743669252322775e-02        -2.1776540033994745e-02        -4.1930274713381101e-02        -9.4338208509211433e-03
8                                      3.1388043087418861e-02         2.5648041900772987e-02        -6.3222362850720330e-03         1.0097847684709864e-02         7.0974165611813370e-02        -3.9253349469204439e-03         1.2850919316423207e-01         9.1059516264953635e-03
9                                      8.7124508883861130e-03         3.8023493071914882e-02        -4.4676459547489276e-03         6.0191233772448498e-02         8.4310279724845769e-02         3.2423936737360791e-02        -3.4159748170742556e-02        -6.2864642952980996e-03
10                                     8.5639872694639366e-02         2.3635964872668877e-02        -6.5637008775554173e-02        -5.3278401337362074e-03         1.9717106802066623e-02        -6.5044787938640491e-02        -2.6482624176715173e-02        -5.3331439169944012e-02
11                                     5.1755704540023761e-02        -5.5530924030676367e-02        -4.9933531805481650e-02         4.6290511666035240e-02        -6.7584041667785602e-02         5.7431844658137096e-02         3.6642988292916144e-02        -3.1464383337816128e-02
12                                     1.5292064469827277e-02        -1.4597399920705559e-02         4.4172928365214439e-03        -1.5273649755757471e-02         5.7670396175703388e-02        -7.3929933190813105e-02        -3.7013561633221004e-02        -2.2256465839602991e-02
13                                     8.9507627798970854e-02         9.9447668335722536e-02         3.9235906420299720e-02         5.1705514762643796e-02        -6.0364109183804774e-03         1.4111175401669595e-03        -3.0912705931906569e-03        -3.9176669309744373e-02
14                                     6.1270139431846615e-02        -9.1506296930141715e-02         1.0391657810796338e-02         1.0333423113985730e-02        -6.4623479669440029e-02        -2.7887884406732830e-02        -5.4997925402977838e-03        -3.2665429703472408e-02
15                                    -3.9240409333057953e-02         3.1025220837213544e-02        -5.4734572367426820e-03        -1.2401558124576892e-02        -1.1952566171495588e-01        -2.0249565896128516e-02        -4.1162566650663798e-02        -5.5808841364407436e-03
16                                     5.1141165365053863e-03        -6.0581131212566100e-02        -1.2872144283364664e-02        -2.3792285765633359e-02         3.2102013298142974e-02         6.6714760785379151e-05        -9.6051553032912036e-03         7.3851411403296433e-03
17                                    -6.5475849932211852e-02         6.7121003959646930e-02         1.4814721313940989e-02         5.3425938345907524e-02        -2.8822651747111881e-02        -2.8689281639915423e-03        -1.3635759786076914e-02        -2.6709128174724674e-03
18                                    -1.0190563179138744e-01        -1.7557225176033811e-01         2.1730218460855785e-01         1.3232872204970964e-01         1.8152548135173280e-02         2.2979519968951959e-01         2.5573432850078740e-02         2.0606911553627286e-01
19                                    -1.1659301514179823e-01        -5.6031674778392819e-02        -2.1146271738470217e-02        -1.2594902969509030e-02        -1.9125131255881576e-02         2.3481587140262591e-03         3.1969380588049013e-03         3.2217895340551639e-03
20                                    -2.5156250895222110e-01         1.9665574120513052e-01        -4.1008078753255534e-01        -5.0755090727944575e-02         2.6151427585923769e-02        -4.2183016164856028e-02        -2.1659075754907924e-02         1.6301017561549680e-01
21                                    -1.0590225517230096e-02         4.5547818705433826e-02         6.6380620977785132e-02         3.2789580157472409e-02         1.1489601476394500e-01        -1.3393802850085108e-03        -6.3007408884305893e-02         3.8095615399110108e-03
22                                    -5.9932363742499155e-02        -2.1668791838893245e-01         4.4789015992102738e-01         1.7869700356740976e-02        -4.3649542135529802e-02         9.1019823766895533e-02         4.4114366101574841e-02         8.1413292569585211e-02
23                                    -4.5876919876436412e-02         1.2911928092794434e-01         3.0076177019985090e-01        -9.2817764160696259e-02         8.0547662316431137e-02        -1.1490978602612327e-01        -3.8561901598123102e-02         3.8134430990602645e-02
24                                     5.4970795862329634e-02        -8.5847048149134186e-02        -2.9496075647979542e-01         1.8983497148758238e-01        -7.4387628897418208e-03         1.9337919259200315e-01         4.5804264760450535e-03        -1.5407766044688448e-01
25                                    -2.8593883530108755e-01         8.0304242080126830e-03        -3.3946224838351718e-01        -2.3657370464522556e-02        -2.3398555339518699e-02         1.7504597620732584e-02         3.9454572055839911e-03         1.8130158923384090e-01
26                                    -5.1219225367315933e-03         6.7505885963369747e-02         2.2330505242944546e-01        -3.4919817131359519e-02         3.5160815724644474e-02        -4.3897129569653776e-02        -1.2450924015933352e-02        -5.2191706393208581e-02
27                                    -4.0169985373986361e-02        -1.1879939937807731e-01        -7.7477389677535844e-03        -6.2443982708183507e-02        -7.2266459600788022e-02        -1.0247193015803628e-01        -1.3488308545385254e-02         1.7652682960554267e-02
28                                    -5.6138104775356877e-02         6.2773530618230960e-02         3.3781705843219469e-02        -4.3982201165609934e-02        -3.7360230165289304e-02         8.5183504585154390e-02         4.9932414982956565e-02         2.7604670865428619e-02
29                                    -9.1148814344460496e-02        -4.9229249661029005e-02         2.5021883349475898e-02        -5.2312677246057843e-02         1.8791171346270279e-02        -5.8556706315077485e-02        -9.6265343617626092e-02         3.3368516970499938e-02
30                                     9.9853177883161587e-02         4.2248936749922937e-02         1.6206769410938050e-02        -2.4943354884081007e-01        -7.5705985426811034e-02         1.3503231776743274e-01         1.5962562281313483e-02         3.8995498709497423e-02
31                                    -1.7925697121371065e-01        -9.3998349819837082e-02         7.1427680891456916e-03         2.9082994304175092e-01         1.3868386775896949e-01        -3.0697256287916774e-01         3.5724062472509244e-01        -1.6091237201912593e-04
32                                     1.1603494776326743e-01         1.0443167751826626e-01        -2.4181465795205741e-02        -1.7901091742041758e-01        -1.6246743128985669e-01         2.6069917017114858e-01        -3.6880046341843231e-01        -3.5421038290440424e-02
33                                    -7.3622450738177914e-02         8.6132607439036751e-02         7.0206767001832907e-03         6.0032080829832364e-02         1.2765628507700955e-01         5.5210412943105122e-02        -4.7441631905527804e-02         1.1158689683881739e-02
34                                     2.0185300313177579e-01        -1.1446186763411553e-02        -1.6431400859377138e-01        -5.1532694116256045e-03         2.6773829428266272e-02        -7.0525763789999613e-02        -2.6344728416431974e-02         4.3946389379282785e-01
35                                     1.8245390727259243e-02        -4.9061770818025041e-02        -1.1206661841092517e-02         4.5810029807698154e-02        -7.7069229199954181e-02         5.4712576796349111e-02         3.8162263436659495e-02        -2.3131992168250787e-01
36                                     1.0123391822972702e-01         1.1652724376345247e-01        -1.5098736111729408e-02         8.8876043021339293e-02         1.1414225759349572e-01         4.2411024737924283e-02        -4.3680406734237939e-02         5.8794829034796908e-02
37                                     9.2956799559500439e-02         1.9032087192356429e-02        -7.3678989284873167e-02        -6.7712702857630515e-03         2.0076635852503615e-02        -6.6497374377001914e-02        -2.6464713987044353e-02        -8.2413109704133018e-03
38                                     1.6150104804325469e-01        -9.6459746314069603e-02        -1.5400540188130279e-01         2.7880322202902184e-02        -5.2648094489615244e-02         2.4916641849018140e-02         2.9024095643091372e-02         4.9653002817032749e-01
39                                     5.9235997942594230e-02        -1.4717267895570115e-02        -1.1297445598828816e-02         4.5493114921674252e-02         5.6774692066588035e-02        -2.1395504352552927e-01        -1.5193823281094440e-01        -8.5144536252054495e-02
40                                     9.2857300542295448e-02         1.0412107046245228e-01         5.2744021663650019e-02         6.7657971399821520e-02        -1.8228936283788997e-02        -6.4410370245184837e-03        -1.2684818975337454e-02         3.1558918823952043e-03
41                                     1.1210541782735232e-01        -4.0626211483600787e-02         1.3511674450688010e-01         1.8014907872336713e-01        -1.7475174773933416e-01        -1.3095901470706009e-01        -1.0583570911550862e-01         3.3616223990954303e-01
42                                    -1.7652960604205972e-02        -3.0266050939475962e-02         4.3780684243116735e-02        -1.3000239241486622e-01         1.7082122962271817e-01        -9.2027315512221194e-02        -5.1008152247513081e-02         9.0756271377528147e-02
43                                     1.4224160919857176e-01         1.3432284859535693e-01         1.5342964066331655e-01         2.1932807399106305e-01        -1.3235112401533111e-01        -1.2693278793673599e-01        -1.1395152634127567e-01         2.9427133150845841e-01
44                                     4.4255897105072321e-02        -1.0235032350298337e-01        -4.4897904560129938e-02        -3.7919494837302656e-02        -3.2496586899319897e-02         2.9078850822552335e-02         4.2871742202458485e-02        -1.9003426427878917e-01
                                                        16                          17                          18                          19                          20                          21                          22                          23

0                                      1.5176371782068198e-04        -8.4937215652884590e-02        -5.2393837492515145e-02        -5.1046576627258290e-02         1.0200537969027877e-01         2.8865541189781914e-02        -1.0416522164856416e-02         5.9569964075832154e-03
1                                     -3.3327554823038778e-02        -2.8873537360080775e-02         7.9399697885142503e-03         4.2107584633739314e-02        -4.5953016239303070e-02        -1.9971460205439853e-03        -2.3567519190328460e-02         5.9154355076308521e-02
2                                     -3.3475282223041677e-02         2.3900224549338881e-02         2.0652823368194458e-02         2.3156821945484568e-04         8.1894563427478292e-02        -4.0896117803046188e-02         5.0520386079559096e-02        -1.4957923750076985e-02
3                                      7.5284607946188636e-03         8.8711786055060676e-03         7.7239717998590224e-03        -5.1231200505618257e-03         2.7968544151359454e-02        -6.1816841758259092e-02        -7.0113374441225756e-02        -2.5355184828636640e-03
4                                      2.1137914296236065e-03        -3.3349242884922206e-02        -1.0285096010719934e-02         9.5273505072614062e-02        -6.7214238139099453e-03         3.3231932725744415e-02         1.1004869999389854e-02        -8.3889965088807736e-02
5                                     -4.7061418494233218e-02         2.6069576348531163e-02         3.6099362497274787e-02        -7.6479100236804098e-02         2.6949831435606896e-03        -2.6565618590323820e-02        -9.2533535840493786e-02         4.3237434944015050e-04
6                                     -3.4001894503593144e-02        -1.6355764138547127e-02         2.2091703052900501e-02        -5.6590438863759598e-02        -3.9140982538503708e-03        -4.8632502109176821e-03        -2.6486680509920525e-02        -2.5115147674121371e-02
7                                      2.1868931762757494e-02        -1.4688690134248637e-02         4.0905195994740420e-02        -1.3277027611907754e-02         1.5525072597691354e-02        -2.5008183185800899e-02        -2.3870227360754309e-02         1.0861822929847716e-02
8                                     -1.4760868156085283e-02         9.7231906280271160e-03        -4.9298280455732021e-02         2.0012409941123438e-02        -4.2890184998269651e-05        -2.9030596939311672e-03         1.3536137590265590e-02        -6.0904348776420693e-04
9                                      2.3162012027856818e-03        -1.0432532314317254e-02        -4.9923612261923455e-04         2.8138362908996479e-02        -1.6218237604096117e-01        -4.7307766906517050e-02        -8.7468195932524258e-03         8.9810218458731585e-03
10                                    -2.0692068498945861e-02        -3.6711504477728807e-02        -2.4340916481823991e-02        -4.4048877888469402e-02         2.2252415997536239e-02        -2.4627889690743743e-02         3.6917497067023429e-02        -9.1152759989291246e-02
11                                    -2.4715781394943351e-02         6.3319994318573103e-02         3.7951374469920841e-02         2.3869010408224825e-02        -3.6620546332583881e-02         9.6682886447198843e-02        -6.9058692371428754e-02         1.5622271804426571e-02
12                                     4.6102530645792068e-02         4.1967456853505274e-02         4.1218817148673668e-02         1.1070315073310887e-01         1.4168103685956536e-02         1.1692926459250341e-01         1.9006536791891307e-02         3.9259335593587268e-04
13                                     5.5446174134959503e-02         7.3139827970317026e-02         5.9133587069894050e-03        -3.4628475584402886e-02         4.3739894752039259e-02        -2.0850832005594497e-02        -5.1067498269718826e-02         1.0549310127325165e-01
14                                     8.5105943828984759e-02        -7.4920265110004033e-02        -5.0864513574099955e-02         3.8378768493207246e-02        -2.7282130869641701e-02        -7.1715250343114267e-02         9.1596610557812444e-02        -3.0040416591069121e-03
15                                    -1.0939575429750228e-02         2.4094622146801543e-02        -3.9119126027647458e-02        -1.1852506423130954e-02         3.6272092991527700e-03        -5.8227049540517488e-03         7.0765017207982542e-03         2.8588418595245149e-02
16                                    -1.9375571412870718e-02         1.1534258834516409e-03         8.0702531495987981e-03        -3.5123355196209016e-02        -2.0313047500769753e-02         3.3698631068894168e-02         4.4687685673157888e-02         1.9160430169431610e-02
17                                     1.9909076793598095e-02        -3.3135392491021765e-02         6.6764777909815540e-02        -1.9804538316913329e-02        -1.1291628302814992e-02         1.8390889756602344e-02         3.0155663197782609e-02         2.1703387467772273e-03
18                                     2.3291903312196946e-01         2.8872698738800079e-01         1.9004334773239821e-02        -1.8346529377366361e-01         1.7593367826731277e-01        -6.2492166097116490e-02         1.4750206836391291e-01        -2.5021121616601882e-01
19                                    -1.0777850070505695e-02        -2.2999950603120097e-02         2.0478763395981241e-03         3.1629936209553698e-02        -5.3304713369289672e-02         5.4045517090941259e-03        -2.8024443501024753e-02         4.8572494732805761e-02
20                                     2.0358846895629318e-01        -2.6026215715240640e-03        -7.7701678847739195e-02        -1.0128977249778809e-01         8.8417961365246413e-03         1.0037796849557462e-01        -4.5943933921805936e-02        -6.9872683577368269e-02
21                                     9.0604406202694887e-02        -3.7285268864675547e-01        -2.1040724830207450e-01        -7.9308283948408637e-02         1.9698560518938365e-02         1.7977454931042885e-01        -1.5247206427945040e-01         9.0840799784239354e-02
22                                     1.0139586073819715e-01         2.4545897559746194e-01         7.1794575431184809e-02        -3.8279159172871467e-02        -2.9326945641915091e-02        -5.4772818652353679e-02         6.3626326845983100e-02        -1.1895002035745922e-01
23                                     1.3743041328768599e-01        -2.0223518473453914e-01        -1.4160675176751447e-01        -6.7701858597844097e-02        -1.4486837455066792e-02         1.2531627439726800e-01        -8.8851279282917320e-02         1.2647480207515467e-02
24                                    -3.2300814591415672e-01         8.2841826528415874e-02         1.3471966004015234e-01         6.4154174904908198e-02         2.7457739065113212e-01        -1.9115349847256924e-01         1.7836452226775426e-01        -5.8797288222406817e-03
25                                     2.0748964688574756e-01         1.1606851097084514e-01        -1.7422465463130622e-02        -6.9163405025241140e-02        -8.7247182486947891e-02         1.0762169071097779e-02         6.7013580552778024e-03        -1.0332975486631567e-01
26                                    -6.3670835604820814e-02        -7.2187939366160345e-02        -9.4978431144536312e-03         2.0830194338229309e-02         6.5170707611883386e-02         3.3462891068202160e-03        -2.5820620719789788e-03         5.3576224518385972e-02
27                                    -2.6940500485685956e-02        -4.0769995888034163e-02         1.8538532218125229e-03        -2.9124948220386502e-02        -5.4256839247065324e-03        -1.1883000497815858e-01        -2.5900112822929876e-02        -2.1464143693031007e-01
28                                    -1.0484796633772493e-01         1.1540284258220614e-01        -3.4315995868490606e-01         1.0565240879285767e-01        -3.4057272766122602e-02         7.7997527594905858e-02         1.2736035578222407e-01         2.3800592465417804e-03
29                                    -2.6354909679766675e-01         3.2298388688762475e-01        -6.2655259236884719e-01        -6.2678362504498000e-02        -5.1273313260480763e-02         5.3694961059833769e-02         1.2627685834789104e-01         1.8005670593207962e-01
30                                    -5.1725358086989685e-02        -8.9499286556937535e-02         1.9448170407337048e-01        -2.8357308646584783e-01        -9.8852428469782511e-02         1.4836309449523752e-01         3.5790200601033273e-01         2.2689703236514366e-01
31                                    -1.9044526828662246e-02         4.0514249132204895e-02        -7.5794886682114260e-02         5.3579805587666403e-02         5.4713519968874344e-02        -8.9547473389875079e-02        -2.3074948044773064e-01        -1.1808809895616988e-01
32                                     8.1479409281217260e-02         4.2403119773240266e-02        -1.4380812098533383e-01         2.9211731219413983e-01         1.0137612878019148e-01        -1.6593610978277065e-01        -3.2815891898540456e-01        -2.3347614612880815e-01
33                                    -2.8573386063138484e-01         1.9253161209824537e-02         1.3190607523680009e-01         1.5541349499204629e-01        -1.8119752887102836e-01        -2.9064979279018105e-01         9.5204720848335284e-02         6.6923313585333544e-02
34                                     1.1668752625255686e-01        -2.7512203398128824e-02        -2.8439633089431385e-02         1.6081351399292610e-02         7.4382511763402784e-02        -8.0408758471006106e-02         3.5810858656159704e-02         1.0116698566076875e-01
35                                    -2.8940843523350600e-02         5.4800112507531772e-02         1.6020417718233433e-02        -2.1038010580573613e-02        -5.4832124322876777e-02         1.6143277813220272e-01        -8.7745488186444481e-02        -6.9465343540086974e-02
36                                     2.2711179781031127e-01         2.4850040327786041e-01        -2.1045238128459525e-03        -1.3138215063740252e-01        -2.8550804305697114e-01        -1.9500757420132861e-01         7.8678912020310479e-02        -1.3441735868482402e-01
37                                    -1.2898487284687199e-02        -4.2685491529222054e-02        -2.4539628750877902e-02        -3.2881468504437662e-02         3.1876677397770073e-02        -2.9455482441853486e-02         3.7565046267446854e-02        -7.0160533471209166e-02
38                                     8.6069392209620149e-02         2.3152294639812054e-02         4.0746835269991767e-02         1.3510735767846677e-01         3.8840569352256500e-02         4.1523424344670393e-02        -5.3918697230131311e-02         2.3206075159684741e-01
39                                    -7.0273540452663822e-03         1.7177768603801402e-01         2.8882617624660430e-02        -2.5291106386717908e-02         2.0575905429199709e-02         3.4532909847592019e-01         1.7585490369852841e-01        -3.0274013876806288e-01
40                                     1.5213930288577988e-02         6.0311125097119715e-02         1.1441392373982505e-02        -2.8169508570359141e-02         3.8174268768742622e-02        -1.4927218567849006e-02        -6.3051982377129279e-02         9.1987457920833793e-02
41                                    -2.7411480957460727e-01        -1.7953251240229401e-01         2.3041519589273640e-02         6.6982781068946021e-02        -1.0475659077042422e-01         1.2989637049280767e-02         1.5348229902597444e-02        -1.6832387173423474e-01
42                                     5.4131784936298027e-02         3.5099699980253175e-02         1.0639598853228242e-01         3.8992324903771275e-01         2.8422904086850015e-01        -1.0191682353508560e-01         1.8546989849281473e-01         2.1627443409885297e-01
43                                    -2.8845724380601118e-01        -2.0481255720030789e-02         3.6089016477274631e-02        -2.2261108999763336e-02        -1.6484816948071725e-02         1.0779749615574910e-01        -5.5792938464634664e-02        -1.4325270180727298e-01
44                                     2.2165585724368667e-01        -3.3912628231524890e-02        -7.5283477830116075e-02        -1.9636399626117296e-02        -5.5646281270485105e-02        -8.3708076629732592e-02         5.7712198515424855e-02         5.8333374092198700e-02
                                                        24                          25                          26                          27                          28                          29                          30                          31

0                                      2.6567001685121701e-03         2.1369294075918394e-02         4.5719065859678061e-03         7.6066202787455797e-04        -5.9869135417099121e-03         1.2037411748067238e-02         1.1963339872705002e-01         3.8407745631834291e-03
1                                      5.7190542538422040e-02         5.2563277554382018e-02         2.4098506836732772e-02         3.9182676807879568e-02        -5.8358359791796073e-03         1.5652218647411800e-02        -3.8586981857963810e-02         1.6940096403689640e-03
2                                      5.9399080855190807e-02        -1.9941380775855878e-02        -1.2995177340518253e-02         3.9139719007562843e-02         5.5453470090792000e-04        -3.0490023003732231e-02         3.8641085418261924e-02        -1.2220811749577981e-03
3                                     -1.1985232308355610e-02         4.1985762098083511e-03        -4.8778954342192475e-02         1.3732670200899711e-02         2.0881115864840209e-02         2.4587367201570398e-02        -2.0009243389772502e-03         7.7556048554022330e-02
4                                      1.6597549870286912e-02         1.3732614308062547e-02        -1.8464409313662482e-02         6.5514660639243872e-03         4.7012186836152270e-02         1.2842101661780961e-02         1.5184120631091293e-03         1.5853541446888407e-02
5                                      7.0706781226771518e-03        -9.3812848869933175e-03         1.0120709405190350e-02         5.9055921261559081e-03         3.8104459435929272e-02         1.2747391608431056e-04        -1.4977999846670826e-03         3.2917062583871430e-03
6                                      2.7587198875980996e-02        -2.5097643264681949e-02         9.6835084089805484e-02        -3.5201869033614760e-02        -8.9572986577720212e-02        -3.4824621891548828e-02         8.0318033207820078e-04        -3.9240723269537488e-02
7                                     -1.9038844704961689e-02        -7.6787907206692938e-03         5.2558631444063870e-02         2.2883814861719986e-02         1.1515881999481303e-01        -1.2635857720479165e-03         5.3552697861720027e-03        -3.3335081012113257e-02
8                                     -1.8890790239793565e-02         2.4515192914927729e-02        -2.7649464071382114e-02         2.4628200982824006e-02         1.0668035503476263e-01         1.1198350580091719e-02         2.2057128979189053e-03        -7.0972626976996238e-03
9                                     -7.6844308007873625e-03        -4.1422254470374641e-02        -2.6102331928073482e-02         2.1813562110597651e-02         1.3729678638279643e-02        -1.4158899140518788e-01        -3.7291103327904786e-02         7.8653291027406449e-03
10                                    -8.0929850850909979e-02        -4.7145191321349568e-02        -1.2915303250439557e-02         1.5991759280066214e-02        -1.0584125733556639e-02         1.2954337422541738e-02         5.3994139640603624e-03         3.4061258124689960e-03
11                                    -8.0982616767741072e-02         3.1648675359479371e-02         7.7465521347798152e-03        -2.1399017741165656e-03        -1.3249121288749516e-02         1.8193998438160906e-02        -2.7646100692502277e-04        -7.8492090659184610e-03
12                                     5.1567877142042064e-02        -8.8030896891670818e-02        -5.6051216212699095e-02         1.4998502763520643e-02        -1.3024164789909540e-02         8.9729778266837548e-02         8.2420140481556815e-03        -1.6776718666811463e-02
13                                     1.3508994537637506e-02         2.1318812780692753e-02        -3.0951776037769295e-02        -5.0151461276642849e-02        -3.9628603481119051e-03        -1.7396436934112632e-02        -4.1602668006159825e-03        -3.8826512752736950e-02
14                                     2.1061228255601971e-02        -1.2687163833283090e-02         3.5079176553442865e-02        -3.3816765021474564e-02         1.4794051494169582e-03        -5.3483734104854790e-03         2.4796858749916080e-03         5.6268770790022397e-02
15                                    -1.6442686244423705e-02        -4.0589348060700008e-03         7.3218326578189091e-03         1.6005723322552543e-02         4.9874913488193687e-02         4.0720037102572127e-03         1.3080111072397995e-03        -5.0895518828654330e-03
16                                     1.3073518010551503e-02        -1.0377455711407061e-02        -1.0290161781723728e-02        -1.9656157662473406e-02        -9.9556725327728551e-02        -3.7082473913821507e-03        -2.9507175624027119e-03         1.7990435743009632e-02
17                                     1.2281284023149619e-02         3.0790380434142967e-04        -1.3591344434976583e-02        -1.9251092308567599e-02        -8.5085559657957319e-02        -5.3414979333159529e-03        -2.6385820318420962e-03         1.3628935020674178e-02
18                                    -1.2959387209379286e-01        -1.5332724654767696e-01        -3.8273985692808259e-02        -9.5787162193099670e-02         3.1136902567978075e-02         4.1297585605738291e-02        -4.7927884657296044e-01        -1.4506068662239521e-02
19                                     3.4519335942629223e-02         4.6310924909794729e-02         2.1035717424731336e-02         3.0047259132883163e-02        -7.0947878855683747e-03         2.1909346174638304e-02        -4.4824691944099548e-02         2.0741266718637889e-03
20                                    -1.7355671607746720e-01        -1.0800676966094396e-02         5.5137304985050069e-03        -1.0560977572459804e-01        -6.7893350796139193e-03         1.2264294002194695e-01        -1.3933052536165585e-01         1.4518213893101133e-02
21                                    -7.4046178814728622e-02         1.2112764891831909e-01         7.1424988538077647e-02        -4.6484146379288938e-02        -1.0540175418098050e-02         1.3590394613992107e-01        -2.9858576992190511e-01        -2.0856429531923331e-02
22                                    -1.1267961384208858e-01        -1.0894715245106462e-01        -5.8295256266942354e-02        -3.7157639690667578e-02        -3.3056042072345001e-03        -6.0247998762687223e-02         2.2989397428739985e-01         5.5089560740628476e-03
23                                    -1.1141729861959812e-01         3.0934339332585683e-02         2.9860248871071731e-02        -5.2535601211586867e-02        -5.1288475560553690e-03         8.2923326606344119e-02        -3.2025635506878003e-01        -2.8427553275399788e-02
24                                     2.0616892864745459e-01        -1.6412036583340100e-02         9.7529110593546353e-03         1.2053567233552374e-01        -4.9249919480907397e-03         2.5264937188385433e-02        -4.4625776231388425e-01        -3.0287013655635065e-02
25                                    -1.3155858300533280e-01        -1.0533952813202624e-01        -5.4465445444522691e-02        -5.6312653820181843e-02         1.4207327691111920e-02        -1.2013849286891397e-01         2.2970333822609601e-01        -1.5444651556065307e-02
26                                     8.8428416308574093e-02         5.6509122094583038e-02         2.1671954289840218e-02         5.4054437952265971e-02        -9.7590637871952483e-03         3.0194497014115522e-02         2.8152548047246283e-02         1.2658610165095084e-02
27                                     2.2202137966320559e-02         5.5268646344184613e-01        -6.3439560939160267e-01        -1.2261109551461620e-01        -1.2339297011818336e-01        -7.5043210412126082e-02        -2.4518444822103341e-02        -1.5143309135028196e-01
28                                     1.0411165734543065e-02         6.4313778658099336e-03        -4.4953368421288269e-02        -9.7927762575790046e-03        -3.8677850141597997e-02         7.9264882215947831e-03        -3.7501220464131684e-04        -3.2097977769106481e-03
29                                    -1.2018720194940300e-02        -4.2607635703674838e-02        -8.7386564330245373e-03        -1.7455152487262423e-02        -1.2355032056829944e-01        -3.8898848319709454e-03        -2.5353044476297540e-03        -2.3451419153771254e-02
30                                    -9.1272552198755019e-02         4.3501353226083735e-02        -7.7386212384524825e-02         7.6463600384978736e-02         2.2982079789572327e-01         2.9458417086936303e-02         5.8115646638912492e-03        -1.2451887148884523e-02
31                                     5.8645339486516845e-02        -5.8350308602358208e-02         1.8981340248484802e-01        -5.0514759807063846e-02        -8.7450181550209796e-02        -5.1054072915151023e-02         2.1521776617824204e-03        -7.3123139539920792e-02
32                                     6.8518292748491777e-02        -2.1872970428912741e-02         9.6349723752195610e-02        -6.0736613077239154e-02        -1.3137236487978673e-01        -3.4576466867583651e-02         2.4570279884175564e-04        -1.6916441102594104e-02
33                                    -1.7498706892701554e-01         2.1384694300775775e-02         8.4384626200227061e-02        -6.3876099522955843e-01         7.4111904726242406e-02         4.3081595754111879e-01         8.8776104386475513e-02        -8.1541208965517347e-03
34                                     1.7361310567583674e-01         2.8473412670878696e-02         5.2588671745532221e-03        -1.7026245339111839e-03         1.5929236157141844e-02        -2.4677329308941256e-02         1.0196427747938165e-02        -9.2888596939357915e-02
35                                    -1.5670506252292349e-01        -1.0747500312707913e-02        -1.8343909626850046e-02         1.2210059417145074e-01        -3.5486813360344253e-02        -6.5722095435816627e-02        -2.7095926603287926e-02         3.7532102416037869e-02
36                                     9.7897870526073127e-02         3.7264522048030169e-01         2.5925394809887231e-01         4.3008005117356157e-01        -1.4556912482394252e-01         4.4832570680330541e-01         8.4389075010313813e-02         6.9441275916822835e-03
37                                    -6.0461551488949175e-02        -5.2017192025643158e-02        -2.0605582892653282e-02         2.1726645876294784e-03        -4.4536735728217224e-03        -3.9549080934120724e-03         3.3886173828676217e-03         8.3845651597835840e-03
38                                     1.9033901946882806e-01         1.9813331584747788e-02        -1.3727077883849264e-02        -1.0206118005156407e-01         4.8222988626961158e-02        -7.6442889097277561e-02        -3.1853020067503589e-02         9.9874022642655533e-02
39                                     2.1766056008777679e-01         3.9187999584903910e-01         3.4836069224119820e-01        -3.1198099348472458e-01         2.3118710595138239e-01        -2.8494034480311381e-01        -4.4656695817687350e-03        -5.6530949039976353e-02
40                                    -2.8606453572483856e-03         1.8026083822755578e-03        -4.5595112249224114e-02        -2.6611685588167414e-02        -1.1328876516316529e-02        -1.6796371026423832e-03        -4.2027765000504490e-03        -8.2279964535553529e-02
41                                    -8.8631124376046685e-02        -1.1707801886984250e-01        -1.3499853230806377e-02         1.6679284994598373e-01        -9.8120479479871670e-03         6.8022612081721875e-02         2.5870958653051088e-02        -6.1127477274528796e-01
42                                    -5.5351631621319719e-01         2.6785597261115152e-01         2.1248273024364137e-01         1.4261744680641650e-01        -1.9200384372240142e-01        -2.1922651179737229e-01        -1.1732261968490460e-02        -2.8076228657702467e-02
43                                    -2.6140977393730377e-02         1.5623500998175006e-02         4.3269094072257547e-04         5.1261855645151989e-02         1.2839252529912032e-02         1.9232035927890422e-02        -1.5978106140390011e-02         5.7561075245657345e-01
44                                     1.4718261868167043e-01        -7.7691967646872320e-02        -2.9948224053013398e-02        -1.0075472152655356e-01         3.2583549212140565e-02         3.6918408427141239e-02         1.3558788197815698e-02        -2.1787559208485432e-01
                                                        32                          33                          34                          35                          36                          37                          38                          39

0                                     -8.8356999886100764e-03         2.6126923090591097e-03         7.6540742774765984e-03         1.6739185166652952e-02         3.8574817822691000e-04        -7.6842138798645290e-04        -4.1221595391409856e-02        -1.6665321338866321e-03
1                                     -1.6698621115608967e-02        -6.1327623119946783e-03         4.0976679166432155e-02         1.0131012384199754e-02         1.2091979421195911e-04         3.5847981035523014e-03         1.6295052124775843e-02         5.6022338167874769e-03
2                                      1.7152347307041838e-02        -2.1377602221485856e-02         1.6378901125441703e-02        -3.2082819171612043e-02        -8.9698862458275296e-04        -6.3026002739288043e-03        -1.8201602778400352e-02         1.9556283212625045e-03
3                                     -5.9967173073853269e-02        -1.4874717184720984e-01        -5.1215955420260938e-02         4.0971861323449411e-02        -3.0359768463432272e-04         2.6020843829941976e-04        -6.3834479479577420e-05         9.9078374907588473e-04
4                                     -1.7259479601036288e-02        -4.0520908603435012e-02        -1.5469236007403648e-02         1.2012594743830018e-02         2.5780850755387393e-04         1.5003497755528904e-03         6.8636223993640948e-06        -3.2734385595615933e-03
5                                      2.1294276824073213e-03         4.8915939216742253e-03         4.5018021244437817e-04        -2.2579500220088994e-03         4.7332748726238452e-04        -6.8218285986800702e-04         7.4453082364941799e-05         2.6395778948755050e-03
6                                      3.0480004738532011e-02         7.4580176714265950e-02         2.5822152649223624e-02        -1.9411639890139977e-02         2.4706726738135090e-04        -2.3289135363627769e-04         9.0771312270606117e-06        -2.7184152726095797e-04
7                                      2.9445778278600829e-02         7.5084382795353816e-02         2.4772407199486472e-02        -2.0751626842562616e-02        -1.0733146288013011e-03         2.0239725034442262e-04        -1.0324357884301111e-04        -9.0879440896960348e-05
8                                      7.7078302017886992e-03         2.0077743733756322e-02         5.7293592341318179e-03        -5.6535352023738454e-03        -5.7049593105052137e-04         5.2699931226491899e-05        -2.2800313592488165e-06        -1.7949277022293272e-04
9                                     -2.2297998112607086e-02         1.0672353947834438e-02         4.0742050251871935e-03         9.9575205549721837e-03         1.5440721605949714e-03         8.4754543135248661e-03         6.1713185984968346e-04        -4.5591937286186763e-03
10                                     2.7546260930062731e-02        -4.0674809899206941e-03         2.5386543634175383e-02         2.8616975524396626e-02        -5.9829720330768369e-03        -3.2179425599316011e-02         3.6832028929987795e-03        -3.5278258322869682e-02
11                                    -4.1234789226527881e-02        -4.7229883542342484e-04        -1.3710624433272271e-03        -5.7267302013560797e-02         1.4084851462886324e-02         5.4515850381317371e-02        -2.7722801215206271e-03        -2.0701521020289469e-02
12                                     1.9833854535614460e-02         5.4041285022586781e-02         1.7191196144059302e-02        -2.5059694488684219e-02        -9.8430085679532854e-03         2.7237717184862096e-03        -3.6772130131032776e-04         7.1969576799759344e-03
13                                     4.4679423870792783e-03        -8.7017623744341088e-03        -2.1749117274535499e-03         7.7888431157793767e-03         1.8390252966542928e-02        -4.0496177475581024e-03        -3.6924854957204887e-03         7.1782606831313406e-02
14                                     3.0276034938693476e-04         3.0291429035326063e-02         5.3776721808421590e-03        -1.4306599188857377e-02        -6.1154827170283907e-02         1.4671668797202936e-02        -2.8599512118585432e-03         2.7868882297939296e-02
15                                     3.1882400774847228e-03         7.2054583388245818e-03         2.4203419963237300e-03        -1.6408687799727311e-03         8.1594199315952862e-04        -1.7470433813229620e-04         3.4002712911484984e-05         2.5610294175790997e-05
16                                    -1.5440271594397977e-02        -3.9267245941757435e-02        -1.2563468071751290e-02         1.0812725669455696e-02         5.7768512402182155e-04        -7.0249714886149895e-05         5.0416150348010429e-05        -1.0523938137331902e-04
17                                    -1.1434180612655751e-02        -2.8584271432169558e-02        -8.9372928884619580e-03         7.7690354117529734e-03         1.1399184321836698e-04        -4.0957511168205922e-05         3.1807063391820529e-05         8.1697172021509288e-06
18                                    -4.6536241544071565e-02        -1.3327207491200832e-01         4.1356892651272126e-01        -7.0206618778392405e-02         1.6439467689830772e-03        -4.6951562819550539e-05        -5.8364766188023446e-03         4.2859498393421711e-04
19                                    -3.3825298415988608e-02         1.7969093951836355e-02         2.1254917728948712e-02         3.9858843777704010e-02        -4.3606076964980303e-04        -6.2878959210470764e-02        -5.7462800472366005e-01        -7.5499489440780818e-02
20                                    -3.2831470085744058e-01         3.1381963019160142e-01        -8.9637471265607352e-02         4.7035106023826978e-01        -5.0060456262086817e-04         2.1055114013402809e-03         3.5300000706676576e-02         5.6745082645556126e-03
21                                     1.4166761683407189e-01        -7.7317646461184025e-02        -1.0925880002693850e-01        -1.5470934345682777e-01        -6.0808330949918719e-03        -9.0452403251819313e-03         3.9102963006994490e-01         2.3208441779853563e-02
22                                    -2.7805691318513650e-02         2.5614431614526412e-01        -5.1953205104425670e-01         2.0866064899985046e-01        -3.7885622535730069e-03        -5.3029369870800334e-03         1.5599658554641332e-01         9.3365855213698497e-03
23                                     1.7279270967391697e-01         1.2294231693610026e-02        -3.7300267282053118e-01        -1.3045286775641635e-01         7.8878255952646824e-03         1.0303136443146503e-02        -3.4053013281510630e-01        -1.8704402031798593e-02
24                                     9.8575545753785299e-02         1.0680844505831399e-01        -4.3482140728999130e-01        -5.1940719749721861e-03         3.4153113085454972e-03         1.2053087109163830e-02         9.6710774608553915e-02        -3.1984940810332193e-03
25                                     3.3542293509755866e-01        -1.9574325134211248e-01        -1.8287239591640245e-01        -3.9238049542793074e-01         2.0819455852771184e-03         2.8036679541667876e-02         2.2681700229605736e-01        -4.6663870767878601e-03
26                                    -1.5735716655544524e-01         4.7032321494110414e-02         1.8729515613179112e-01         1.5194237493058499e-01         5.0348745084432397e-03         6.0151286194325561e-02         5.2087335891735487e-01        -1.3546163515646895e-02
27                                     1.2151432016690045e-01         2.7332946036161898e-01         9.5132887396702254e-02        -7.3200342642345331e-02        -9.6841070118743348e-04        -2.1059417265184345e-03         6.4288677713870426e-04        -4.5575923235578693e-04
28                                    -7.0868248722204706e-03        -2.0406855000092584e-02        -5.5255206602469274e-03         7.8359939681904474e-03         2.5156037273618257e-03        -1.9880562839875073e-02        -7.7571040296818680e-04         4.7476370394367674e-02
29                                     1.3796128835070210e-02         2.2834635114790214e-02         1.2188059168553499e-02        -5.2216617702915023e-03        -2.1514851395325689e-03         1.0651865608493962e-02         7.3049446848026222e-06        -2.1103874545241378e-02
30                                     1.7689373349778662e-02         4.6383251928309124e-02         1.4648688839816610e-02        -1.3132357409141515e-02        -8.7478738129663017e-03         1.7507387299454476e-03        -8.4786020060790960e-04        -1.7098764435716865e-03
31                                     5.5021097456786378e-02         1.3582357775680098e-01         4.6234220905026692e-02        -3.6678811847703587e-02        -5.2130503490256117e-03         1.1759784263941726e-03        -4.9536238106633252e-04        -6.4087620832254538e-04
32                                     1.2760032902490897e-02         3.2418790745615579e-02         1.1613675590285080e-02        -8.0481846415033417e-03        -5.4668549585556872e-03         1.0832787651791670e-03        -6.7472137546131892e-04         1.3434287893535461e-04
33                                     4.3525604798313307e-02        -3.7402242555136016e-02         2.4067396637987019e-02        -4.2558331434178490e-02        -2.9843016961310538e-02        -1.0692888530642752e-01         3.9170632504662546e-03         5.1854685845656293e-02
34                                    -4.8610084417942018e-01         7.4961667928661505e-02        -1.0748824026882264e-01        -3.8187015772815802e-01        -7.1062535639202049e-02        -2.6785666296792565e-01         1.4674863397641683e-02         1.1336356225002435e-01
35                                     1.7394963604693670e-01        -2.8071748608036601e-02         5.4715785570836957e-02         1.3031731398462693e-01        -1.6340640591644973e-01        -6.1038997024801245e-01         2.9901692357284865e-02         2.8099163938949495e-01
36                                     1.1926605209565078e-01        -2.3400448923429847e-02        -2.5022105086043675e-02         2.3377796815218798e-02         2.4604290284123307e-03         1.1895944358288404e-02        -2.0650234594607191e-03         8.7676973332565964e-04
37                                     5.4672154125508146e-02        -5.4395218221162302e-03         3.2377898794990680e-02         5.4947892055136158e-02         1.4005791166133566e-01         6.4970901842157991e-01        -6.0552101128779331e-02         3.1243302067476975e-01
38                                     5.0047532635923619e-01        -7.1097114126254607e-02         7.1714415743078949e-02         4.0724306342683519e-01        -6.4115844245485019e-03        -3.5501148969557396e-02         2.8878476633822513e-03        -2.6196079067353176e-02
39                                    -6.5955023726992745e-02        -1.8913621194717681e-01        -8.4358058622675869e-02         8.5681320943957182e-02        -1.3831824664943967e-02         2.7337943333427739e-03        -9.1700172699692183e-04        -1.2905636438095055e-02
40                                     2.9058721932178071e-03        -2.5120595988675568e-02        -1.9459128516893507e-03         1.6248950345023026e-02        -5.2593831288583182e-01         1.2227383863376959e-01         3.0198772964580237e-02        -6.9917457751522449e-01
41                                    -3.3333918699391868e-02        -2.1951542867088106e-01        -3.6019952106446075e-02         1.4340323192679946e-01         3.3821800624834468e-02        -7.3084649171941277e-03        -2.7346594666493537e-03         6.8363340793279853e-02
42                                     5.6536916994681941e-03         1.1533856859080901e-03         2.5615977484806238e-02        -4.2481986445793297e-04         1.3396619545601024e-01        -3.2149209674763424e-02         5.6900084243648313e-03        -7.8644777221501219e-02
43                                     2.4161494754274749e-02         1.9844526825304662e-01         4.1204158899942146e-02        -1.3862897612774819e-01         3.1304937122383997e-01        -7.5472563377237498e-02         1.5056250005228360e-02        -1.6259806171673002e-01
44                                    -7.1510769580901395e-03        -5.4138084188582750e-02        -1.3554565798960914e-02         4.6565788599489941e-02         7.0209971926334769e-01        -1.7226093305347104e-01         3.7600687831473141e-02        -4.1376313142243121e-01
                                                        40                          41                          42                          43                          44

0                                      2.3214184405740829e-03        -3.3374987705023385e-03        -1.8438238465572285e-02        -3.8678452790976058e-02        -1.4315082180054505e-05
1                                      1.6208076733909928e-02        -6.2047745973509844e-03        -7.9404772927026482e-02        -1.8849390595372776e-02         4.2349424862530747e-05
2                                      9.7376145631298157e-03         2.2399063559020169e-03        -2.8165619842073778e-02         7.6914769464298011e-02        -7.8546841764910098e-05
3                                     -5.2980828971446649e-04        -3.0138100010537777e-03         1.9550326884840957e-04         1.9411768268204590e-04         8.3408589013331466e-03
4                                      4.8497440897248409e-03         7.1497074991350065e-02        -3.7026608249839171e-03        -3.7468331458078781e-03         2.0900949103067300e-03
5                                     -2.6687711418418537e-03        -3.6502012356580731e-02         1.9980547318220613e-03         1.8755052669171361e-03        -4.0819026349950861e-03
6                                      2.8152481241649010e-04         7.0043637165451971e-05         7.2695400559061026e-05        -2.7343217546270754e-05        -5.8674652063357542e-02
7                                     -1.2522207544299609e-05        -2.7645429924757451e-04        -1.7023205466445194e-06        -1.5998382515647878e-05        -5.2003671031004575e-02
8                                      6.5011518549833093e-07         2.9010975373303891e-04         3.1972139370093060e-05        -5.3006890709017014e-05        -2.8062973728793541e-02
9                                     -8.1114492881999775e-03         1.0068329450043128e-04        -2.0767875716635313e-03         7.1422853163534449e-04         6.2585514115545679e-05
10                                    -6.6086862691060275e-02         2.2453928075618921e-03        -1.7857606881187711e-02         1.0891392008564422e-03        -2.4791713674061471e-04
11                                    -3.8680491724444550e-02        -2.8082773326903761e-05        -9.3471326185115364e-03         6.7289299815659360e-03        -1.3287380778273025e-05
12                                    -4.0006923430630902e-03         2.3129005497227297e-03        -4.4081033163484055e-04         2.5584239714049599e-04        -1.4080707531328310e-04
13                                    -3.7741817177829845e-02         6.8557945071593424e-03        -3.7169503821573796e-03         2.2054697572284506e-04         7.3387732921505232e-05
14                                    -1.6514309603472263e-02         2.5923290242881067e-03        -1.5655942004188992e-03         7.7279456475332581e-07        -1.6987845772756672e-03
15                                     1.3856452122698064e-04         5.0310072046734966e-04        -1.2310026954598349e-05        -2.7946035998369910e-05        -2.9444742473254846e-03
16                                     1.4051321982478729e-04         4.3771264475808301e-04         1.0678142027523763e-05        -1.0004944190281940e-05         6.5355624384379521e-04
17                                     7.5479603596864615e-05         2.0932455769564760e-04        -2.8921841480926517e-05         3.2843273672330319e-05         8.1810468056635257e-04
18                                    -2.6526323488330348e-03         5.4107019326019609e-04        -5.0383639603826342e-03        -7.8942714691102641e-03        -9.3671400131713470e-06
19                                    -1.4302610892169737e-01         5.6510546360074743e-02         7.1262829352225032e-01         2.1163441384626350e-01        -1.8097435324091870e-04
20                                     1.1601276809556948e-02        -3.0003339330392357e-03        -5.4902356570398554e-02         1.5903168374159485e-03         1.6689848276767462e-05
21                                    -3.2722110972681806e-03         3.6983101691780818e-02         1.2716843703147324e-01         5.6718367130133529e-01         5.0458814453752370e-04
22                                     4.0402502054802270e-03         1.3505567110426454e-02         3.4265194709935401e-02         2.1744967990480768e-01         6.3068162969884549e-05
23                                     6.0849789547584897e-03        -3.2425249151172821e-02        -1.1674303841118974e-01        -4.7228125505782304e-01        -7.1954295188523225e-05
24                                    -2.3322950011064592e-02         1.5337439189644104e-03         9.7537471433851650e-02        -9.9095678761770403e-02         3.1814357280156123e-04
25                                    -5.5531849511925545e-02         3.1966980217221744e-03         2.0282525762940840e-01        -2.0287927991058521e-01         3.7735213431625659e-04
26                                    -1.3401304246146481e-01         1.0458921420667459e-02         5.0806033665249872e-01        -4.4977774061211095e-01         8.1991988987477793e-04
27                                    -3.2848077469126890e-04         1.9425247643140822e-02        -1.8231991114271630e-03        -1.4609681904302954e-03         4.0522275778145148e-05
28                                    -5.8452994602589251e-02        -8.4841277487203892e-01         4.5259436568429061e-02         4.3921474690231888e-02        -6.1847523911810424e-03
29                                     2.6837095320506838e-02         4.2583318123600272e-01        -2.3340637757051506e-02        -2.2004747370486664e-02         1.2285378073265704e-02
30                                    -1.2860060399372286e-03        -8.8648768477835836e-03        -7.8170773910306518e-05         6.7274210745766326e-04         6.4768695697047962e-01
31                                    -1.4473210931019189e-03        -1.0213839198321853e-02        -2.6674665893029481e-05         7.7921526922453480e-04         5.9360509131586481e-01
32                                    -1.9656392671297809e-03        -5.5073895054059087e-03        -1.6808451124101514e-04         5.0057880982335855e-04         3.6878803561454582e-01
33                                     8.7121204523378001e-02        -1.4438015783328714e-03         2.3669325451613737e-02        -1.3693616133949272e-02        -1.7732542684287025e-04
34                                     2.0545129234723364e-01        -5.0237148833370382e-04         4.9802981638204694e-02        -2.8662513071256931e-02         3.6474694401979901e-04
35                                     5.1011712919184038e-01        -2.6031781152147161e-03         1.2212558891395807e-01        -7.0275936472283945e-02         1.7535108295657791e-03
36                                     9.5386930901011358e-03        -3.6856622484082780e-03        -2.9116087811072172e-04         8.6915842205859066e-05        -4.3713030538941818e-05
37                                     5.8690389387139730e-01        -2.8491053694725467e-02         1.5740371429894140e-01         1.3115456182256305e-02         1.2979693249480376e-03
38                                    -5.0018938819734758e-02         2.7154095621390647e-03        -1.2532480317767323e-02        -1.0405307150475108e-03        -1.3228859108278804e-04
39                                     9.3266291013121370e-03        -1.2082677872369683e-04         3.2275640550748193e-03         8.9298446036950650e-04        -3.1104014073586372e-04
40                                     3.5170213627552460e-01        -6.3927605817917232e-02         3.6390143179676974e-02         7.2510879816063928e-04        -6.3634463322018390e-03
41                                    -3.5313265010666596e-02         6.1681153017418833e-03        -4.6309833913322608e-03        -1.6046193358178537e-05         1.1092209123599167e-03
42                                     4.2297990971765870e-02        -6.2671908853216942e-03         2.3306409279074233e-03         1.0853588161919875e-03        -4.1026247184920440e-04
43                                     9.4550305817971511e-02        -1.1767004600113644e-02         8.6589954436715137e-03        -2.0906704284254169e-03         2.9766298846755574e-03
44                                     2.3891789903737304e-01        -3.0717352209372249e-02         2.4046426758878556e-02        -5.6125396347675178e-03         6.8108286169027083e-03
$End
$Geometry
   &GeometryIndex 2
   &NAtoms [&Type "Integer"] 15
   &NCorelessECP [&Type "Integer"] 0
   &NGhostAtoms [&Type "Integer"] 0
   &CartesianCoordinates [&Type "Coordinates", &Dim(15,4), &Units "Bohr"] 
              C     -4.312639691755    0.427206603189    0.010039832178
              C      2.917866232600   -0.567444932488    0.277030980408
              C      5.240020325491    0.562585362193   -0.409384840928
              C     -1.787240896819   -0.510825837442    1.022885040598
              C      0.411672181861    0.342914753043   -0.640146670175
              O      5.465271280965   -1.462947320347   -1.763373964223
              H     -4.353154031690    2.485812027132   -0.060110711561
              H     -5.872420604152   -0.199059908307    1.196435715870
              H     -4.638791087235   -0.274694942214   -1.899143267416
              H      2.954321792106   -2.312966247350    1.353158231869
              H      6.670233230714    1.874386830644    0.206906950681
              H     -1.502225737169    0.186305403988    2.944254944959
              H     -1.795618471199   -2.572388957156    1.128553590145
              H      0.462622554654    2.402558914403   -0.806005934336
              H      0.140082921628   -0.381441749287   -2.561099898069
$End
$SCF_Energy
   &GeometryIndex 2
   &Method [&Type "String"] "SCF"
   &totalEnergy [&Type "ArrayOfDoubles", &Dim (1,1)] "Total energy of each state"
                                                         0

0                                     -2.7101195886390832e+02
   &Mult [&Type "ArrayOfIntegers", &Dim (1,1)] "Multiplicity of each state"
                                                         0

0                                                        2
$End
$DFT_Energy
   &GeometryIndex 2
   &nAlphaEl [&Type "Integer"] 24
   &nBetaEl [&Type "Integer"] 23
   &nTotalEl [&Type "Integer"] 47
   &finalEn [&Type "Double"]      -2.7101195886390832e+02  "No Van der Waals correction"
   &eExchange [&Type "Double"]       0.0000000000000000e+00
   &eCorr [&Type "Double"]       0.0000000000000000e+00
   &eXC [&Type "Double"]      -1.8790547158241402e+01
   &eCNL [&Type "Double"]       0.0000000000000000e+00
$End
$SCF_Timings
   &GeometryIndex 2
   &TOTAL [&Type "Double"]       4.1590521000000003e+01
   &PREP [&Type "Double"]       2.6151840000000002e+00
   &FOCK [&Type "Double"]       3.8467435000000002e+01
   &DENS [&Type "Double"]       1.7619100000000287e-01
   &ETOT [&Type "Double"]       7.7120000000009625e-02
   &POP [&Type "Double"]       1.6369999999952256e-03
   &TRAFO [&Type "Double"]       1.1121200000000009e-01
   &DIIS [&Type "Double"]       4.3675299999999950e-01
   &SOSCF [&Type "Double"]       4.7348500000000193e-01
   &XC [&Type "Double"]       1.4827711000000010e+01
   &FOCKSTART [&Type "Double"]       2.5670000000007853e-02
   &INT_BF [&Type "Double"]       1.3035989999999211e+00
   &INT_DENS [&Type "Double"]       6.0968659999999897e+00
   &INT_DENSIO [&Type "Double"]       1.2652427422600017e+05
   &INT_FUNC [&Type "Double"]       3.0450900000006520e-01
   &INT_POT [&Type "Double"]       6.2720310000001556e+00
   &INT_POTIO [&Type "Double"]       5.5346999999876800e-02
   &INT_SUM [&Type "Double"]       8.8800000000865964e-04
   &SPLITRIJ [&Type "Double"]       1.3327679999999913e+00
   &COSX [&Type "Double"]       2.3541729000000004e+01
$End
$Single_Point_Data
   &GeometryIndex 2
   &FinalEnergy [&Type "Double"]      -2.7101195886390832e+02  "Final single point energy"
   &Converged [&Type "Boolean"] true
$End
$SCF_Nuc_Gradient
   &GeometryIndex 2
   &NAtoms [&Type "Integer"] 15
   &gradNorm [&Type "Double"]       5.9988330700765369e-03
   &grad [&Type "ArrayOfDoubles", &Dim (45,1)] 
                                                         0

0                                     -4.5402048013046259e-04
1                                      3.3826456662393659e-04
2                                     -7.3506057924039442e-04
3                                      4.6614290347502668e-04
4                                      7.3480073964605347e-04
5                                      3.2602270912243554e-03
6                                     -6.9716686815605566e-04
7                                      2.2740178305991066e-03
8                                      1.4081660348020525e-03
9                                      3.0578473691677405e-04
10                                    -2.4588051999559907e-04
11                                     9.3591075445738359e-04
12                                    -3.6004134188836329e-05
13                                    -2.0628507042109306e-04
14                                    -1.3531450504984943e-03
15                                     1.4142917670992225e-03
16                                    -1.5438736681612220e-03
17                                    -1.4381318236260515e-03
18                                     1.7874956940258993e-04
19                                    -3.5146489490181509e-04
20                                     1.3711161436645580e-04
21                                     4.6435117805040949e-04
22                                    -1.8975269367196151e-05
23                                    -1.8989765000476666e-05
24                                     2.3596759729199029e-04
25                                     9.7630604713211389e-05
26                                     3.5548763011539197e-04
27                                    -1.6083459535987370e-04
28                                    -2.0241655013500393e-04
29                                    -1.4589215484987136e-03
30                                    -1.1065473855914332e-03
31                                    -1.2026178682850996e-03
32                                    -8.5841289883352434e-04
33                                    -4.4560779865534042e-05
34                                     3.7728460106946360e-04
35                                    -1.9937319660123798e-04
36                                    -2.5511719764871035e-04
37                                     1.6060321424385404e-05
38                                    -2.6796903889138735e-04
39                                     1.1251082412807884e-04
40                                     4.3114229107577007e-05
41                                     8.1030908851597444e-05
42                                    -4.2354713350561089e-04
43                                    -1.0965906325068747e-04
44                                     1.5206985902074810e-04
   &Method [&Type "String"] "SCF"
   &Level [&Type "String"] "Relaxed density"
   &Mult [&Type "Integer"] 2
   &State [&Type "Integer"] 0
   &Irrep [&Type "Integer"] 0
$End
$THERMOCHEMISTRY_Energies
   &GeometryIndex 2
   &temperature [&Type "Double"]       2.9814999999999998e+02
   &pressure [&Type "Double"]       1.0000000000000000e+00
   &totalMass [&Type "Double"]       8.5125999999999976e+01
   &spinDegeneracy [&Type "Integer"] 2
   &elEnergy [&Type "Double"]      -2.7101195886390832e+02
   &transEnergy [&Type "Double"]       1.4162714244859817e-03
   &rotEnergy [&Type "Double"]       1.4162714244859817e-03
   &vibEnergy [&Type "Double"]       4.3830406463476164e-03
   &numOfFreqs [&Type "Integer"] 45
   &freqScalingFactor [&Type "Double"]       1.0000000000000000e+00
   &FREQ [&Type "ArrayOfDoubles", &Units "cm^-1", &Dim (45,1)] 
                                                         0

0                                      0.0000000000000000e+00
1                                      0.0000000000000000e+00
2                                      0.0000000000000000e+00
3                                      0.0000000000000000e+00
4                                      0.0000000000000000e+00
5                                      0.0000000000000000e+00
6                                     -9.8923668428202689e+02
7                                      4.7319113545050563e+01
8                                      9.5306526067987576e+01
9                                      1.6709726890345780e+02
10                                     2.4005758478666280e+02
11                                     3.5659838208673585e+02
12                                     3.7415119826083924e+02
13                                     4.0746171916954546e+02
14                                     5.3335898321389061e+02
15                                     7.3833758287707462e+02
16                                     8.5656429789391871e+02
17                                     9.1276886764974279e+02
18                                     9.1651125877814388e+02
19                                     9.9439523280125729e+02
20                                     1.0676235736387437e+03
21                                     1.1021633406047274e+03
22                                     1.1360294337198461e+03
23                                     1.1461146853842533e+03
24                                     1.2490711637487686e+03
25                                     1.2781890309645441e+03
26                                     1.3094925007343759e+03
27                                     1.3250864678624159e+03
28                                     1.3818210688344623e+03
29                                     1.3874822271184205e+03
30                                     1.4160286902211615e+03
31                                     1.4626655865704390e+03
32                                     1.4958026735543799e+03
33                                     1.5010459419212493e+03
34                                     1.5047714757397498e+03
35                                     1.5120166794037509e+03
36                                     3.0386571012457116e+03
37                                     3.0618049355795388e+03
38                                     3.0667870065158213e+03
39                                     3.0777974949187083e+03
40                                     3.1049693459703731e+03
41                                     3.1406144802061658e+03
42                                     3.1491947297559241e+03
43                                     3.1540757186858982e+03
44                                     3.2468741762699538e+03
   &zpe [&Type "Double"]       1.2747739288439972e-01
   &innerEnergyU [&Type "Double"]      -2.7087726588752861e+02
   &enthalpyH [&Type "Double"]      -2.7087632167848636e+02
   &qEl [&Type "Double"]       6.5445636319338377e-04
   &qRot [&Type "Double"]       1.2739790177560342e-02
   &qVib [&Type "Double"]       7.6484471617702179e-03
   &qTrans [&Type "Double"]       1.8643169063384660e-02
   &entropyS [&Type "Double"]       3.9685862765908603e-02
   &freeEnergyG [&Type "Double"]      -2.7091600754125227e+02
   &isLinear [&Type "Boolean"] false
$End
$Hessian
   &GeometryIndex 2
   &HESSIAN [&Type "ArrayOfDoubles", &Dim (45,45)] "The Hessian"
                                                         0                           1                           2                           3                           4                           5                           6                           7

0                                      5.1212442105996370e-01         2.9754549916876871e-02        -3.5477891661131841e-02        -2.4650566045775237e-03        -1.5180395586523168e-03         3.3584347572995477e-03        -1.2317158963848379e-03        -1.4886003056484196e-03
1                                      2.9754549916876871e-02         5.6704385669167590e-01         9.8005630828589436e-03        -1.1087211707908322e-03        -3.6578612572142968e-05         2.6161002534409511e-03        -1.4321658148641015e-03        -2.0612520834814956e-03
2                                     -3.5477891661131841e-02         9.8005630828589436e-03         5.6887935047805338e-01         2.5525079463443873e-03         1.3642259497952886e-03        -3.1299042505423280e-03         1.7886867342426492e-03         1.3786578582850009e-03
3                                     -2.4650566045775237e-03        -1.1087211707908322e-03         2.5525079463443873e-03         5.2335179485911176e-01         1.2464214300470050e-01         7.1248319619661410e-02        -3.2599096783057491e-01        -2.6862114076552179e-01
4                                     -1.5180395586523168e-03        -3.6578612572142968e-05         1.3642259497952886e-03         1.2464214300470050e-01         4.1252150303293961e-01        -2.4742097922627709e-01        -1.0116052434281592e-01         1.5775719772766580e-02
5                                      3.3584347572995477e-03         2.6161002534409511e-03        -3.1299042505423280e-03         7.1248319619661410e-02        -2.4742097922627709e-01         2.2988434847955505e-01         7.1194132271744093e-02         1.6506844847451602e-01
6                                     -1.2317158963848379e-03        -1.4321658148641015e-03         1.7886867342426492e-03        -3.2599096783057491e-01        -1.0116052434281592e-01         7.1194132271744093e-02         5.7643160968039320e-01         1.9397018462041860e-01
7                                     -1.4886003056484196e-03        -2.0612520834814956e-03         1.3786578582850009e-03        -2.6862114076552179e-01         1.5775719772766580e-02         1.6506844847451602e-01         1.9397018462041860e-01         4.0435027741610835e-01
8                                     -6.4864745113283120e-04        -6.5016940993943757e-04         4.4727398550602833e-04        -1.2774196351978545e-02         7.9934405915349949e-02         1.3084578103093908e-02        -5.2906766245441939e-02         1.6965161036568860e-01
9                                     -1.7424985104873109e-01         3.8030807989120882e-02        -4.3146657977179335e-02        -3.1553019298251758e-02        -4.6845606515582960e-03         1.7028102545385983e-02        -5.9188083320347844e-03        -5.2561879604666999e-03
10                                     3.6868219025440054e-02        -9.4156758654160067e-02         1.5736607606368181e-02         3.6401209274485105e-03         1.0572785878926669e-03        -1.1075732867458429e-02         3.9235018310424382e-03         5.9317600095638474e-03
11                                    -3.9721192526192897e-02         1.4873184837747045e-02        -9.6719139524583372e-02        -6.8475411020214039e-03        -3.6958332566954244e-03         8.7755526870388866e-03        -4.8306273033931792e-03        -4.8983072982017716e-03
12                                    -3.1996825208502735e-02        -9.1658251164300798e-03         1.8910984491322173e-02        -1.7782760986152901e-01         4.6859409680772790e-02        -5.5301372096545648e-02        -2.6839205185522526e-02         9.0059917703058032e-03
13                                     9.1729956297829929e-03         3.9072558069895187e-03        -8.0799718937809555e-03         4.2401660636899846e-02        -1.0758433235902885e-01         2.5782295532360614e-02        -7.8964454186127610e-03         1.6499735184855872e-02
14                                    -7.1931786637893722e-03        -3.3852479595193113e-03         7.0593747346458340e-03        -3.8693150681538974e-02        -2.3819869163629447e-03        -1.0484936358667306e-01         3.1545870206402871e-02         4.4513698460140042e-02
15                                     1.0492560101964385e-03         1.1463768984840755e-03        -3.7667659312596614e-04         7.0793745081877357e-02        -9.1870945353271435e-02        -6.1646808074517501e-02         1.4400989926177665e-04         2.3925002399506334e-01
16                                     7.3860080346193529e-04         8.7295043508147318e-04        -3.1232398072466336e-04         8.0720402639348793e-02        -5.7334576435502445e-02        -8.2087733834091112e-02         4.5600400168434703e-02        -2.8451783567013622e-01
17                                    -1.2617003838649873e-04        -3.0940426684428917e-05         1.8030793716003696e-04         2.7967623343766804e-02        -9.2597314384426088e-03        -4.7999179172190695e-02         2.5647703512818476e-02        -2.3654041438628876e-01
18                                    -4.6734521017177115e-02         6.8903291166421635e-04         5.5713074937853652e-04        -1.8889499280155860e-04         1.0969845826122558e-06        -3.3373502640735790e-04        -1.6254306414955906e-05         5.6518236198501747e-06
19                                     1.5536812923631887e-03        -3.1635579849582779e-01         6.9666729684396307e-03         7.9663517158209268e-05         3.2819222605332075e-04        -4.8690322183415034e-06         1.2666300217190757e-04         6.0475698362976978e-05
20                                     6.0748958360812028e-04         6.6251572328626818e-03        -4.8002161242608678e-02         9.4008833805011498e-05         7.3349774716073254e-06        -2.1594695555987337e-04         8.9372662596760768e-06         1.0560938828480332e-04
21                                    -2.0018299174401769e-01        -6.3817959460103255e-02         1.1965545126067106e-01        -6.3833941206877702e-04        -5.0568238615412899e-04         1.6787488935681440e-03        -8.6222855794330943e-04        -1.2000599021530678e-03
22                                    -6.4517966013931061e-02        -7.3907435855746606e-02         4.9756869487293937e-02         5.2817597896322979e-04         6.8907273245869525e-04        -2.7744921716804237e-04         2.4485834160981669e-04         5.6704995978940683e-05
23                                     1.2069284523030931e-01         4.9635780512040775e-02        -1.4128950428669185e-01        -3.4495596258510351e-04         2.1381686095753825e-04         8.4292800826525779e-04        -4.0180394203334982e-04        -5.0631682276178528e-04
24                                    -5.2537832720051560e-02        -1.4183708378036609e-02        -3.5207545958467874e-02         1.0383573740609174e-04         5.4633858913641408e-04         1.6366779354961964e-04        -3.3227516783377361e-05        -3.5170209101597261e-04
25                                    -1.4588299219129339e-02        -8.0787957962179829e-02        -8.7594645347254307e-02        -1.3732773238209510e-04        -1.0709271909292110e-04         1.5029424741947709e-04        -4.1663265186855274e-05        -1.4627373998696834e-05
26                                    -3.6161306729380595e-02        -8.7158113671785692e-02        -2.7806053194668534e-01         1.6063795526764270e-04         3.9174717316644084e-04         3.3635598703470309e-04        -1.3817147412985113e-04        -3.1094397961102418e-04
27                                    -6.3720758208960345e-05        -1.3896270279933193e-04         7.0836177578318516e-05        -4.4242999553834442e-02         8.4404894672136729e-03        -1.1775422330149984e-02        -3.2950240929071430e-03        -1.0145875456083482e-02
28                                     1.3445213495094470e-04         2.2638575713528368e-04        -2.8784215737789366e-04         6.3536975285743529e-03        -2.4311042366380312e-01         1.4623791074364761e-01        -9.2495891872896793e-03        -2.3746234803999559e-02
29                                    -2.9976648161471157e-04        -4.4649554755986929e-04        -2.3819574736832789e-05        -3.3512911130536394e-02         1.4484038015079059e-01        -9.6865129949770520e-02        -2.8890389038770115e-03        -3.7845579834942106e-02
30                                    -1.6538698289297882e-04        -8.9936130107999557e-05         2.5496905672927543e-04         2.3788326861279990e-04         1.8458925308639691e-03        -7.0002426795930488e-03        -2.1829931292425944e-01        -1.5570342317905383e-01
31                                     2.2208019104650017e-04         2.6056608116064098e-04        -2.2770016484912302e-04         5.8436589442470085e-03        -1.4675717361956738e-02        -9.8785688091260204e-03        -1.2548816664491261e-01        -1.3662534404781396e-01
32                                    -1.8688296155982263e-04        -3.1460576363603388e-04         1.4838885789952253e-04         4.7030366378019751e-03         2.0959810804974069e-02         1.1181870445045334e-02        -6.8311848925730501e-02        -9.3608689021317582e-02
33                                    -5.8317228943255382e-03        -1.0728421546618506e-02        -2.9234094678701618e-02         2.2001487906578967e-03        -6.4146726379900429e-04         5.9673902267531995e-04         2.3096766283997599e-04         1.1511679438828827e-03
34                                     2.1574003557670793e-03         3.8585504129223765e-03         1.1652482400981564e-02         5.3641633488153142e-04         2.6195726118088914e-04        -5.1886130324704446e-04         1.6582330778921431e-04         3.2255903260069616e-04
35                                    -2.2216158498030714e-03        -3.6177759537974110e-03        -1.0106061269260501e-02        -1.5712791514790013e-03         8.8815213418988546e-04         2.0476196130665703e-04        -6.9461770817086203e-05        -1.0672986788309408e-03
36                                    -1.3407465764239419e-03         3.1856185949975989e-02        -1.3733246304321379e-03         1.4778423953614893e-03        -1.9294589825304136e-03         1.6301522869323153e-04         2.3629465126132743e-04         7.8508782687028455e-04
37                                     5.9331921401199056e-04        -9.5511829215430052e-03         3.4051177504799100e-04         8.9172841712532045e-04         2.2346204010656803e-04         2.8955585158284541e-04        -1.0718372099840839e-04        -7.6774359485968060e-05
38                                    -3.5777791135731913e-04         1.2376179554528084e-02        -9.3107218682627387e-04        -9.4614112802917749e-04        -1.8923791205655938e-04         5.0369789484775102e-04        -1.0211675621641772e-04        -3.3752389019064917e-04
39                                     1.6173326901081832e-03        -1.3089527213543683e-03         5.4533788878619656e-05        -2.5518535007747634e-03         3.3557125548656169e-02        -2.1551080639058960e-03         1.7953983175607756e-03        -3.8958172297832057e-03
40                                     3.8750497204795634e-04         7.0658803506627038e-04        -2.7504325662706074e-04         2.7285598327503775e-03        -1.2813837354399400e-02        -4.0839953399136181e-04         1.8059546460544944e-03         5.9466045715079593e-03
41                                    -9.8050897990001416e-04        -1.3628832084099487e-04         2.7266323106029853e-04        -3.8120225264639488e-03         1.5572329153053241e-02        -2.2749166588901968e-03        -6.9579142665091541e-04        -2.5329830343845637e-03
42                                     2.0093616910255734e-03         5.1756883591084449e-04         9.8318511599440606e-04        -1.2706509078614554e-02        -1.3614466588749244e-02        -2.7312061396288882e-02         3.6484644315080725e-03         2.5028274175704496e-03
43                                     5.1023210068381871e-04        -1.9188634520587175e-05        -2.4003263236920848e-04         1.5336112282015937e-03         4.8053728529572261e-03         1.1668662253718820e-02        -4.6977603084555081e-04        -1.9017683428293661e-03
44                                    -1.2959241390686684e-03        -1.6636011580262178e-04         1.2748350576101374e-03        -8.1303467671837229e-03        -1.3651079030228622e-03        -9.4796529925608979e-03         2.2473064122272186e-04        -2.8379774945732385e-03
                                                         8                           9                          10                          11                          12                          13                          14                          15

0                                     -6.4864745113283120e-04        -1.7424985104873109e-01         3.6868219025440054e-02        -3.9721192526192897e-02        -3.1996825208502735e-02         9.1729956297829929e-03        -7.1931786637893722e-03         1.0492560101964385e-03
1                                     -6.5016940993943757e-04         3.8030807989120882e-02        -9.4156758654160067e-02         1.4873184837747045e-02        -9.1658251164300798e-03         3.9072558069895187e-03        -3.3852479595193113e-03         1.1463768984840755e-03
2                                      4.4727398550602833e-04        -4.3146657977179335e-02         1.5736607606368181e-02        -9.6719139524583372e-02         1.8910984491322173e-02        -8.0799718937809555e-03         7.0593747346458340e-03        -3.7667659312596614e-04
3                                     -1.2774196351978545e-02        -3.1553019298251758e-02         3.6401209274485105e-03        -6.8475411020214039e-03        -1.7782760986152901e-01         4.2401660636899846e-02        -3.8693150681538974e-02         7.0793745081877357e-02
4                                      7.9934405915349949e-02        -4.6845606515582960e-03         1.0572785878926669e-03        -3.6958332566954244e-03         4.6859409680772790e-02        -1.0758433235902885e-01        -2.3819869163629447e-03        -9.1870945353271435e-02
5                                      1.3084578103093908e-02         1.7028102545385983e-02        -1.1075732867458429e-02         8.7755526870388866e-03        -5.5301372096545648e-02         2.5782295532360614e-02        -1.0484936358667306e-01        -6.1646808074517501e-02
6                                     -5.2906766245441939e-02        -5.9188083320347844e-03         3.9235018310424382e-03        -4.8306273033931792e-03        -2.6839205185522526e-02        -7.8964454186127610e-03         3.1545870206402871e-02         1.4400989926177665e-04
7                                      1.6965161036568860e-01        -5.2561879604666999e-03         5.9317600095638474e-03        -4.8983072982017716e-03         9.0059917703058032e-03         1.6499735184855872e-02         4.4513698460140042e-02         2.3925002399506334e-01
8                                      2.1494507124142614e-01        -6.9328815400952239e-04         7.5421889375838162e-04        -1.8301750550844820e-03         2.7029757615209954e-03        -1.4957874450353098e-02         1.1141481665677307e-03         9.4441470606238823e-02
9                                     -6.9328815400952239e-04         4.6771549502879139e-01         5.5468380498683700e-05         1.9402262157909050e-02        -1.3533476883823975e-01        -2.5445585811024775e-02         5.6663600357868729e-02         3.7623313839592618e-03
10                                     7.5421889375838162e-04         5.5468380498683700e-05         5.8583972996435174e-01         2.7886603338592480e-02        -2.3183213204413484e-02        -9.5734697243731653e-02         2.3179700465473203e-02        -2.4004255470472841e-03
11                                    -1.8301750550844820e-03         1.9402262157909050e-02         2.7886603338592480e-02         5.5946995537078759e-01         4.9855404835081739e-02         2.4073092790706400e-02        -1.2025117736057464e-01         2.2116421137090780e-03
12                                     2.7029757615209954e-03        -1.3533476883823975e-01        -2.3183213204413484e-02         4.9855404835081739e-02         4.7677909626428155e-01        -5.6358063397608706e-04         1.2727872003247142e-02        -7.7273012878963203e-03
13                                    -1.4957874450353098e-02        -2.5445585811024775e-02        -9.5734697243731653e-02         2.4073092790706400e-02        -5.6358063397608706e-04         5.7742049685946872e-01         3.9402725038483952e-03        -1.9522040188517994e-03
14                                     1.1141481665677307e-03         5.6663600357868729e-02         2.3179700465473203e-02        -1.2025117736057464e-01         1.2727872003247142e-02         3.9402725038483952e-03         5.1236387606825251e-01        -2.8155353922249399e-02
15                                     9.4441470606238823e-02         3.7623313839592618e-03        -2.4004255470472841e-03         2.2116421137090780e-03        -7.7273012878963203e-03        -1.9522040188517994e-03        -2.8155353922249399e-02        -7.4680479200097696e-02
16                                    -1.7731472417156174e-01         1.0770183768087326e-03        -1.0528058724253563e-03         1.8043571450830466e-03        -5.4789046591541511e-03        -5.5038391440216140e-04        -7.9428797325291692e-03        -1.1629893767810542e-01
17                                    -1.6954439953741413e-01        -1.7993817809541044e-03         9.2545052455207644e-04         1.6805700212501207e-04        -1.0755454352996980e-03         9.8199369825408382e-03         2.1983819935281104e-02        -5.4213128814502770e-02
18                                     6.7252709651064799e-05        -1.4930376918256055e-03         3.1311833412511286e-02        -2.6634482352059651e-04         2.0879155657852156e-03         1.3337207074427806e-03        -4.0202521210223885e-04         9.0171996917643232e-06
19                                     5.9596520033986227e-05         5.0731731698527849e-04        -1.0566597640508553e-02         7.0187711391384152e-04        -8.7907976573078743e-04         6.2007304337301575e-04        -1.4586895537122696e-04        -9.6962786065128703e-06
20                                     1.9591673397172303e-05        -3.4224632663384491e-04         1.3525450769407112e-02        -1.1388081922841979e-03         5.5120965585147902e-04        -6.1433742854908517e-04         3.7858778619373500e-05        -9.6033035989583770e-05
21                                    -4.1902711794033760e-04        -2.0631705828016454e-02        -9.4516274164356279e-03         1.7405639897639606e-02        -4.4342623995824171e-03         3.3889438181531626e-03        -3.5622699096035434e-03         5.0473089904854254e-04
22                                     1.4239630902410712e-04         9.3766194698791435e-03         2.8763323710748415e-03        -8.1313202487695579e-03         1.8260213027377684e-03        -6.6232827824654994e-04         1.0250265347913927e-03        -5.0329936112911307e-05
23                                    -2.8947824199586272e-05        -1.0946962629591897e-02        -5.0847681674581436e-03         7.8005383618620985e-03        -2.1924899584421778e-03         1.0090543172805028e-03        -3.8980365742484913e-04         2.3003593398404079e-04
24                                     4.9346165110218166e-06        -6.2099031326693071e-03        -1.1106367175061844e-02        -2.8513394464990655e-02         1.9453823801399896e-03        -5.7470708803356843e-04        -1.1659376190099246e-03         1.5369259482223067e-04
25                                     3.0632818047009636e-05         2.2452379826256013e-03         4.0643182284199556e-03         1.2049577591181526e-02        -4.9948886168327592e-04         7.6636955807314090e-05         5.2404166074532417e-05         9.6832700189382207e-06
26                                     9.7046281434596919e-06        -1.9706174583203340e-03        -3.6038857858807418e-03        -1.1635613667625843e-02         8.4749842438739276e-04         9.2593281484375928e-05         1.1756568967695776e-03         7.8227648899616923e-05
27                                     1.8940183090689667e-02         2.3757756786185122e-03         1.2099031708326837e-03        -6.3575859515868313e-04         9.7771343171174606e-05         1.9913117374924703e-02        -1.3856067643912996e-02        -1.3244171316048180e-02
28                                     7.4947473657600459e-03        -1.0926818268448798e-03         5.4602551659156499e-04         1.8868696551635998e-04        -8.8199814081189876e-04        -4.3092688094029949e-03         4.1351246032868289e-03         1.2032914134845793e-02
29                                    -1.8679384498467549e-03         2.9343495471934001e-04         2.4657760222654077e-04         4.2567318052099366e-04         1.6002290311405362e-03         1.3732506497471420e-02         3.9414695849569279e-03         3.5364311545070623e-02
30                                    -4.4702091354516180e-02        -5.0506730776950530e-04         4.0314446073031612e-04        -5.7460665755251772e-04        -1.1776967143729174e-03        -1.8632747120280102e-03         7.2157562591103862e-04         1.9399828386028259e-02
31                                    -6.7941091882358640e-02         8.8908914930816568e-04        -7.4903456480761559e-04         5.6171641208318645e-04         5.7758046902195654e-04        -9.0801654494839477e-04        -5.1747209655930940e-03        -3.6910253902617714e-02
32                                    -5.3337965097436393e-02        -6.4223367620722430e-04         8.0653332214970807e-04        -4.8794174126287268e-04        -9.8607489174470735e-04         2.2998563115971581e-03         4.9163739420095762e-03         5.4560090904707693e-03
33                                     5.5148634846250160e-04        -5.1446636116808234e-02        -1.2851844217446961e-02        -3.3514807544576058e-02         1.1159779137206900e-03         9.6638861314526509e-03         2.5696805692406476e-02        -8.0583961151969191e-04
34                                     1.4092430809675032e-04        -1.2951090215781738e-02        -8.3394161895023897e-02        -8.6288525638584329e-02         1.0883154973194264e-03         3.6061640240839378e-03         1.0852599290055021e-02        -2.6674838328613100e-04
35                                    -1.1384218988927863e-04        -3.3534621079385346e-02        -8.5050242611752133e-02        -2.7297071214805668e-01        -2.5140561568730638e-04        -6.6971348887786292e-03        -1.7248807887739713e-02         7.2788456800615387e-04
36                                    -2.7032791413352392e-04        -4.6145900867109152e-02        -2.5861612889649596e-03        -1.5834082052049126e-04        -2.4748633926053830e-03        -2.7108761571668669e-02         1.6101797493722906e-03        -2.9609943539629570e-04
37                                    -3.2891936738888234e-04        -2.6544705224453699e-03        -3.1002082578620338e-01         9.0362118799229164e-03        -1.1378333467566108e-03        -1.0217115435987648e-02         9.9040768712222067e-04         2.0325370057888443e-04
38                                    -3.8516096535649207e-05        -1.9480489012488767e-04         7.8877678555285494e-03        -5.0233879047721398e-02         1.3263873245820072e-03         2.1623287026534717e-02        -2.0600115581488748e-03         2.1801297289110626e-04
39                                     1.4079505049660913e-03        -1.8165691742028662e-03        -2.4923473551379270e-02         4.1212507884895010e-04        -4.8289988446456017e-02        -6.9186687885020182e-03         2.3189295847428851e-03         8.5130135278186682e-04
40                                     1.3780065385087768e-03        -3.7075472205079160e-04        -8.1289050970187928e-03         6.9140920536029521e-04        -6.4151765675965443e-03        -3.0578735965933246e-01         1.5458192980774201e-02        -3.5910151261097506e-03
41                                     1.2091752370928591e-04         5.6815045154136323e-04         2.0067857997041583e-02        -1.1756245142857755e-03         3.1411681611130705e-03         1.5668192463686989e-02        -4.5559409381170271e-02         2.6991846563618233e-03
42                                    -5.7663429332875061e-03         1.4516655442892643e-03         9.1002358581747603e-03         2.5828111405660520e-02        -4.5923622132391574e-02        -1.3533740216625397e-02        -3.8218738504108417e-02         8.5978043290695257e-05
43                                     1.3742501415221105e-03         2.6445837901676282e-04         3.4883420759846957e-03         1.1135838590122446e-02        -1.1169574462937884e-02        -7.6376859629497529e-02        -8.5129361366890782e-02         6.9859388439042196e-04
44                                    -2.9795010714374400e-03        -7.3730814594043584e-04        -6.1907083705268293e-03        -2.0196705350855368e-02        -3.1894952754163555e-02        -8.7679129841348957e-02        -2.6223400467537117e-01         2.8839896328902411e-03
                                                        16                          17                          18                          19                          20                          21                          22                          23

0                                      7.3860080346193529e-04        -1.2617003838649873e-04        -4.6734521017177115e-02         1.5536812923631887e-03         6.0748958360812028e-04        -2.0018299174401769e-01        -6.4517966013931061e-02         1.2069284523030931e-01
1                                      8.7295043508147318e-04        -3.0940426684428917e-05         6.8903291166421635e-04        -3.1635579849582779e-01         6.6251572328626818e-03        -6.3817959460103255e-02        -7.3907435855746606e-02         4.9635780512040775e-02
2                                     -3.1232398072466336e-04         1.8030793716003696e-04         5.5713074937853652e-04         6.9666729684396307e-03        -4.8002161242608678e-02         1.1965545126067106e-01         4.9756869487293937e-02        -1.4128950428669185e-01
3                                      8.0720402639348793e-02         2.7967623343766804e-02        -1.8889499280155860e-04         7.9663517158209268e-05         9.4008833805011498e-05        -6.3833941206877702e-04         5.2817597896322979e-04        -3.4495596258510351e-04
4                                     -5.7334576435502445e-02        -9.2597314384426088e-03         1.0969845826122558e-06         3.2819222605332075e-04         7.3349774716073254e-06        -5.0568238615412899e-04         6.8907273245869525e-04         2.1381686095753825e-04
5                                     -8.2087733834091112e-02        -4.7999179172190695e-02        -3.3373502640735790e-04        -4.8690322183415034e-06        -2.1594695555987337e-04         1.6787488935681440e-03        -2.7744921716804237e-04         8.4292800826525779e-04
6                                      4.5600400168434703e-02         2.5647703512818476e-02        -1.6254306414955906e-05         1.2666300217190757e-04         8.9372662596760768e-06        -8.6222855794330943e-04         2.4485834160981669e-04        -4.0180394203334982e-04
7                                     -2.8451783567013622e-01        -2.3654041438628876e-01         5.6518236198501747e-06         6.0475698362976978e-05         1.0560938828480332e-04        -1.2000599021530678e-03         5.6704995978940683e-05        -5.0631682276178528e-04
8                                     -1.7731472417156174e-01        -1.6954439953741413e-01         6.7252709651064799e-05         5.9596520033986227e-05         1.9591673397172303e-05        -4.1902711794033760e-04         1.4239630902410712e-04        -2.8947824199586272e-05
9                                      1.0770183768087326e-03        -1.7993817809541044e-03        -1.4930376918256055e-03         5.0731731698527849e-04        -3.4224632663384491e-04        -2.0631705828016454e-02         9.3766194698791435e-03        -1.0946962629591897e-02
10                                    -1.0528058724253563e-03         9.2545052455207644e-04         3.1311833412511286e-02        -1.0566597640508553e-02         1.3525450769407112e-02        -9.4516274164356279e-03         2.8763323710748415e-03        -5.0847681674581436e-03
11                                     1.8043571450830466e-03         1.6805700212501207e-04        -2.6634482352059651e-04         7.0187711391384152e-04        -1.1388081922841979e-03         1.7405639897639606e-02        -8.1313202487695579e-03         7.8005383618620985e-03
12                                    -5.4789046591541511e-03        -1.0755454352996980e-03         2.0879155657852156e-03        -8.7907976573078743e-04         5.5120965585147902e-04        -4.4342623995824171e-03         1.8260213027377684e-03        -2.1924899584421778e-03
13                                    -5.5038391440216140e-04         9.8199369825408382e-03         1.3337207074427806e-03         6.2007304337301575e-04        -6.1433742854908517e-04         3.3889438181531626e-03        -6.6232827824654994e-04         1.0090543172805028e-03
14                                    -7.9428797325291692e-03         2.1983819935281104e-02        -4.0202521210223885e-04        -1.4586895537122696e-04         3.7858778619373500e-05        -3.5622699096035434e-03         1.0250265347913927e-03        -3.8980365742484913e-04
15                                    -1.1629893767810542e-01        -5.4213128814502770e-02         9.0171996917643232e-06        -9.6962786065128703e-06        -9.6033035989583770e-05         5.0473089904854254e-04        -5.0329936112911307e-05         2.3003593398404079e-04
16                                     3.4943489941273020e-01         2.5031124716973197e-01        -1.2895252575149060e-04         3.1738784813974998e-05        -5.7424959161897488e-05         5.4234242912408882e-04        -3.3388534983154645e-05         8.7779043761821059e-05
17                                     2.5031124716973197e-01         2.2383115349788477e-01        -6.4002843344478810e-06        -5.9324628801524009e-05         2.8448886250496048e-05         8.1596633768743509e-05        -3.8383493974907597e-05        -1.4108297277991863e-04
18                                    -1.2895252575149060e-04        -6.4002843344478810e-06         5.1122852684442173e-02        -4.1286517924529614e-03         1.9974280364844885e-03         6.1875788860978661e-04        -2.4777720313622791e-02        -9.0007745574686147e-04
19                                     3.1738784813974998e-05        -5.9324628801524009e-05        -4.1286517924529614e-03         3.4298454044465576e-01        -9.0212599222821415e-03         2.8860295017277965e-04        -8.7639941400996929e-03        -3.9894958597306782e-04
20                                    -5.7424959161897488e-05         2.8448886250496048e-05         1.9974280364844885e-03        -9.0212599222821415e-03         4.7501563102877072e-02        -1.2161380641280565e-03         1.9648696998744469e-02        -7.1122760344329971e-04
21                                     5.4234242912408882e-04         8.1596633768743509e-05         6.1875788860978661e-04         2.8860295017277965e-04        -1.2161380641280565e-03         2.1896253933934312e-01         6.8259632646017365e-02        -1.2973380443181270e-01
22                                    -3.3388534983154645e-05        -3.8383493974907597e-05        -2.4777720313622791e-02        -8.7639941400996929e-03         1.9648696998744469e-02         6.8259632646017365e-02         7.5799695406666937e-02        -5.4974865477303035e-02
23                                     8.7779043761821059e-05        -1.4108297277991863e-04        -9.0007745574686147e-04        -3.9894958597306782e-04        -7.1122760344329971e-04        -1.2973380443181270e-01        -5.4974865477303035e-02         1.4922987773963758e-01
24                                     9.9678720892533185e-05         2.7189587182068078e-05        -1.1565481386052812e-03        -1.4571807831641626e-04         3.2034883844521596e-04         4.3391000194787669e-03         1.0021242288970042e-02         2.2469336494265430e-02
25                                    -2.8561232606958841e-05        -4.7330457140511693e-05        -4.5081439479459258e-03        -1.0126642488567499e-02        -3.0938292880605987e-02         2.4361518246211441e-03         3.1947858350398275e-03         1.0502815312732372e-02
26                                     8.2418427507707087e-05        -1.0861896733182531e-05         6.8819186456618438e-04         9.0978424420596476e-04         2.0746880644096082e-03        -3.4231754218153644e-03        -6.7683509345312573e-03        -1.6238700402389013e-02
27                                    -1.0212197570296734e-02         5.0021210300562127e-03         1.0804744809641359e-04        -2.0891055861173665e-04         1.7227823364757697e-05         2.3006617066672719e-06        -5.4684241547630117e-05         6.7016398900036751e-05
28                                     1.0445269355751621e-02        -1.1761075180873652e-02        -1.9913610675358133e-04         4.0904693755535251e-05        -2.0096024125849856e-05         7.9047244851613001e-05        -1.4241762619539690e-05         1.4458894466716152e-05
29                                     2.4407228967896866e-02        -1.8623745411099103e-02         1.8963207074050380e-04        -7.3853021799018780e-05         4.7932246354291636e-05        -1.4889332656981046e-04        -3.2110496062776484e-05        -2.2869375116842550e-05
30                                    -8.2911669852854877e-04        -6.3417156130907634e-03        -1.4183918308816070e-05         2.5259721370762302e-05        -8.7691356030701378e-06        -1.0855828048620102e-04         4.3754824338125336e-05        -2.0935036403556088e-05
31                                    -1.5995337096094131e-02        -2.9288732764954327e-03        -8.4290525796155307e-06        -1.3130771283217067e-05        -1.0958893356288724e-05         1.5233674634593979e-04        -2.4475007878532935e-05         6.4796001689534791e-05
32                                    -1.1365901908741748e-02        -9.9019316495839258e-03         2.0952029604114494e-05         1.0219084401319380e-05         2.0623604978295923e-05        -1.3409718396977291e-04         1.3053511754077820e-05        -7.0988118694817340e-05
33                                    -5.7811840370757938e-04        -4.8960744442633631e-04         1.3398364314963886e-03         6.8372709083169923e-05         7.2688178875158246e-04         9.3366603900509049e-04        -6.4646938606100933e-04         5.9213757274248729e-04
34                                    -2.3350684718363723e-04         9.1062745807347510e-05        -6.9225373063751738e-04         5.8675908991801798e-04         2.3392718773861424e-04        -5.9805058690932250e-04         1.7324740654163631e-04        -4.7287717173365076e-04
35                                     4.6276601252697716e-04        -3.7779474405465370e-06         3.1218040071003851e-04         2.8030770690524488e-04         1.9441388279620056e-04        -2.1884075092642487e-04        -3.4488591891747473e-06         5.7925730885737513e-04
36                                     2.1117455911720556e-04         1.3802889913160858e-04        -5.3165572595495463e-03         1.9019867847387189e-03        -2.5992887176200319e-03         1.0946617643890115e-03        -4.1419463759959736e-04         7.2369392201286913e-04
37                                     3.6574331786441792e-04         6.0553710150221263e-06         1.8377642737577452e-03         1.0611782857747856e-03         7.9780997735807578e-04         2.8374963891804154e-04         3.8025681937069828e-04        -2.4709733456608485e-04
38                                    -6.1265892120679187e-05        -1.7041146989078143e-04        -2.1584764575997223e-03         1.0887833114828702e-03        -1.3265922634046387e-04         3.4738418524734335e-04        -5.8337205571356719e-04         3.1231515501049562e-04
39                                     1.3190203229272437e-03        -1.0441318602492351e-03        -3.1185563263148072e-04         7.5146878314010391e-04         3.2853893856539030e-05         1.4051466643796542e-04         3.2744282280062830e-04        -4.1326351551406493e-05
40                                    -1.3984980772816218e-03         1.1161420862144319e-03        -6.8521334452222808e-04         2.2801334619298487e-04        -1.4417393657576447e-04        -2.5043580114377309e-05         3.6153619734873499e-04        -5.7152387737255048e-06
41                                    -3.1545673316395558e-04        -1.3897961970310963e-03         1.5341374978243840e-04        -3.7459323622165226e-04         3.1045632916589416e-04        -1.5350388930061425e-04        -1.0365862938171698e-04        -1.5129461392400826e-04
42                                     3.2272998560562019e-03         6.4090499363828775e-03        -5.4574260807380544e-05         5.9272001744642379e-05        -9.1763769795972811e-05         2.6181494409588824e-04        -1.5219652834844031e-04        -1.8497911352211417e-04
43                                    -5.7076256260942025e-06        -1.4987193904025002e-03        -4.0830904522726522e-05        -1.1571207661368243e-04        -1.3421168313206184e-04         1.5342941557299535e-04        -1.2576818490624522e-04         1.7616543485320232e-04
44                                     2.1968122448292075e-03         1.5933989954619184e-03         7.8730978137545095e-05         5.8246629205824241e-05        -3.4773348611893897e-05        -1.6680144535332134e-04         3.1283999127307369e-04         2.7950228103141043e-04
                                                        24                          25                          26                          27                          28                          29                          30                          31

0                                     -5.2537832720051560e-02        -1.4588299219129339e-02        -3.6161306729380595e-02        -6.3720758208960345e-05         1.3445213495094470e-04        -2.9976648161471157e-04        -1.6538698289297882e-04         2.2208019104650017e-04
1                                     -1.4183708378036609e-02        -8.0787957962179829e-02        -8.7158113671785692e-02        -1.3896270279933193e-04         2.2638575713528368e-04        -4.4649554755986929e-04        -8.9936130107999557e-05         2.6056608116064098e-04
2                                     -3.5207545958467874e-02        -8.7594645347254307e-02        -2.7806053194668534e-01         7.0836177578318516e-05        -2.8784215737789366e-04        -2.3819574736832789e-05         2.5496905672927543e-04        -2.2770016484912302e-04
3                                      1.0383573740609174e-04        -1.3732773238209510e-04         1.6063795526764270e-04        -4.4242999553834442e-02         6.3536975285743529e-03        -3.3512911130536394e-02         2.3788326861279990e-04         5.8436589442470085e-03
4                                      5.4633858913641408e-04        -1.0709271909292110e-04         3.9174717316644084e-04         8.4404894672136729e-03        -2.4311042366380312e-01         1.4484038015079059e-01         1.8458925308639691e-03        -1.4675717361956738e-02
5                                      1.6366779354961964e-04         1.5029424741947709e-04         3.3635598703470309e-04        -1.1775422330149984e-02         1.4623791074364761e-01        -9.6865129949770520e-02        -7.0002426795930488e-03        -9.8785688091260204e-03
6                                     -3.3227516783377361e-05        -4.1663265186855274e-05        -1.3817147412985113e-04        -3.2950240929071430e-03        -9.2495891872896793e-03        -2.8890389038770115e-03        -2.1829931292425944e-01        -1.2548816664491261e-01
7                                     -3.5170209101597261e-04        -1.4627373998696834e-05        -3.1094397961102418e-04        -1.0145875456083482e-02        -2.3746234803999559e-02        -3.7845579834942106e-02        -1.5570342317905383e-01        -1.3662534404781396e-01
8                                      4.9346165110218166e-06         3.0632818047009636e-05         9.7046281434596919e-06         1.8940183090689667e-02         7.4947473657600459e-03        -1.8679384498467549e-03        -4.4702091354516180e-02        -6.7941091882358640e-02
9                                     -6.2099031326693071e-03         2.2452379826256013e-03        -1.9706174583203340e-03         2.3757756786185122e-03        -1.0926818268448798e-03         2.9343495471934001e-04        -5.0506730776950530e-04         8.8908914930816568e-04
10                                    -1.1106367175061844e-02         4.0643182284199556e-03        -3.6038857858807418e-03         1.2099031708326837e-03         5.4602551659156499e-04         2.4657760222654077e-04         4.0314446073031612e-04        -7.4903456480761559e-04
11                                    -2.8513394464990655e-02         1.2049577591181526e-02        -1.1635613667625843e-02        -6.3575859515868313e-04         1.8868696551635998e-04         4.2567318052099366e-04        -5.7460665755251772e-04         5.6171641208318645e-04
12                                     1.9453823801399896e-03        -4.9948886168327592e-04         8.4749842438739276e-04         9.7771343171174606e-05        -8.8199814081189876e-04         1.6002290311405362e-03        -1.1776967143729174e-03         5.7758046902195654e-04
13                                    -5.7470708803356843e-04         7.6636955807314090e-05         9.2593281484375928e-05         1.9913117374924703e-02        -4.3092688094029949e-03         1.3732506497471420e-02        -1.8632747120280102e-03        -9.0801654494839477e-04
14                                    -1.1659376190099246e-03         5.2404166074532417e-05         1.1756568967695776e-03        -1.3856067643912996e-02         4.1351246032868289e-03         3.9414695849569279e-03         7.2157562591103862e-04        -5.1747209655930940e-03
15                                     1.5369259482223067e-04         9.6832700189382207e-06         7.8227648899616923e-05        -1.3244171316048180e-02         1.2032914134845793e-02         3.5364311545070623e-02         1.9399828386028259e-02        -3.6910253902617714e-02
16                                     9.9678720892533185e-05        -2.8561232606958841e-05         8.2418427507707087e-05        -1.0212197570296734e-02         1.0445269355751621e-02         2.4407228967896866e-02        -8.2911669852854877e-04        -1.5995337096094131e-02
17                                     2.7189587182068078e-05        -4.7330457140511693e-05        -1.0861896733182531e-05         5.0021210300562127e-03        -1.1761075180873652e-02        -1.8623745411099103e-02        -6.3417156130907634e-03        -2.9288732764954327e-03
18                                    -1.1565481386052812e-03        -4.5081439479459258e-03         6.8819186456618438e-04         1.0804744809641359e-04        -1.9913610675358133e-04         1.8963207074050380e-04        -1.4183918308816070e-05        -8.4290525796155307e-06
19                                    -1.4571807831641626e-04        -1.0126642488567499e-02         9.0978424420596476e-04        -2.0891055861173665e-04         4.0904693755535251e-05        -7.3853021799018780e-05         2.5259721370762302e-05        -1.3130771283217067e-05
20                                     3.2034883844521596e-04        -3.0938292880605987e-02         2.0746880644096082e-03         1.7227823364757697e-05        -2.0096024125849856e-05         4.7932246354291636e-05        -8.7691356030701378e-06        -1.0958893356288724e-05
21                                     4.3391000194787669e-03         2.4361518246211441e-03        -3.4231754218153644e-03         2.3006617066672719e-06         7.9047244851613001e-05        -1.4889332656981046e-04        -1.0855828048620102e-04         1.5233674634593979e-04
22                                     1.0021242288970042e-02         3.1947858350398275e-03        -6.7683509345312573e-03        -5.4684241547630117e-05        -1.4241762619539690e-05        -3.2110496062776484e-05         4.3754824338125336e-05        -2.4475007878532935e-05
23                                     2.2469336494265430e-02         1.0502815312732372e-02        -1.6238700402389013e-02         6.7016398900036751e-05         1.4458894466716152e-05        -2.2869375116842550e-05        -2.0935036403556088e-05         6.4796001689534791e-05
24                                     5.7554983399195729e-02         1.3485380637028182e-02         4.2457553947823204e-02         1.0838390719607538e-04        -1.2901367548055873e-04        -2.1132475752731956e-05         2.3545615226221346e-05         3.6285917493756963e-05
25                                     1.3485380637028182e-02         8.2993455608255981e-02         9.4841169060867953e-02         5.0102196846201207e-05         1.3514823391509549e-05         1.3722015913049607e-05        -6.7562716653476757e-06         2.9573874684620926e-06
26                                     4.2457553947823204e-02         9.4841169060867953e-02         3.0118066843773728e-01         4.9613473191576364e-05        -6.7984088777220050e-05        -4.8763388597128712e-05         2.8653629546883386e-06         3.6556020160485782e-05
27                                     1.0838390719607538e-04         5.0102196846201207e-05         4.9613473191576364e-05         6.2263792460536822e-02        -9.0229237030987029e-03         2.9458087530829192e-03         1.4597012092506037e-04        -9.1647942379500733e-04
28                                    -1.2901367548055873e-04         1.3514823391509549e-05        -6.7984088777220050e-05        -9.0229237030987029e-03         2.5939928344769497e-01        -1.4646398407387551e-01        -2.4989005963459848e-04         1.2487811075926709e-03
29                                    -2.1132475752731956e-05         1.3722015913049607e-05        -4.8763388597128712e-05         2.9458087530829192e-03        -1.4646398407387551e-01         1.1618159164238295e-01        -4.4256992129029608e-04         2.9300548652517423e-03
30                                     2.3545615226221346e-05        -6.7562716653476757e-06         2.8653629546883386e-06         1.4597012092506037e-04        -2.4989005963459848e-04        -4.4256992129029608e-04         2.0059996275026684e-01         1.5615315306034816e-01
31                                     3.6285917493756963e-05         2.9573874684620926e-06         3.6556020160485782e-05        -9.1647942379500733e-04         1.2487811075926709e-03         2.9300548652517423e-03         1.5615315306034816e-01         1.6758555839237421e-01
32                                    -4.8076212533758339e-05         1.4844322438886323e-06        -4.1747887654576543e-05         1.5867407812251888e-03        -1.2276931167195301e-04        -2.4960573076805129e-03         5.8192401502935850e-02         8.1820736379810244e-02
33                                    -5.2329050337147770e-03         2.5794255165903805e-03        -2.0146447491015129e-03        -2.3557966451556592e-05         4.1952105240097501e-04        -1.5415278005265556e-04        -1.0252309264587988e-05        -1.0580545572354228e-04
34                                     2.2775732939419010e-03         1.6626252106067543e-04         1.4425233518983690e-03         4.6384465693513735e-05        -2.2407503708016122e-04        -1.0109066933004589e-04        -1.4044500260705205e-05        -2.1197193784391454e-05
35                                    -1.9748119097859644e-03         1.0691006495270991e-03         6.8397436828608778e-04         4.4064905147159336e-04        -3.0252128681721498e-04        -1.5261617617580870e-04         5.8562952911042458e-05         1.0292684368144560e-04
36                                     1.2705142892932121e-03        -7.8364519351480099e-04         1.7849437769957991e-04        -4.1752214716895078e-04         6.2308594347683648e-04        -3.9939712464833160e-04         9.4372442389723470e-05        -6.1814776575247888e-05
37                                    -9.5387777609601872e-05         5.1529201645696306e-04         3.2293043137292601e-04        -7.7517017037279090e-04         2.6309354887128246e-04        -3.3332357679509341e-04         3.0585240869011876e-05         1.7465121299555832e-05
38                                     6.8827140950537195e-04         2.7174744635966952e-04         2.2016607510114573e-04        -1.4953152949636731e-05        -2.0230563831605139e-04         2.6691239695025105e-04        -3.2994111528319731e-05         2.7177909453420044e-05
39                                    -4.6625873227472165e-05         9.2681810278082358e-06        -1.1535862417762119e-04        -2.9618103208437982e-03         8.2187472000750652e-04        -2.8517870676985756e-03        -2.2821212144248681e-04         3.1252608868400907e-04
40                                    -4.9327178864585954e-05        -9.5548336887289753e-05         4.5282066492260270e-05         1.3156107207207366e-03        -1.5911190392796717e-04         2.9297748604063464e-06         2.5125918524033543e-04        -4.5460296905751839e-04
41                                     5.5935571632294938e-05        -1.6313695865924642e-04        -4.7242706650265720e-05        -2.0319881232766035e-03         1.1043788453353970e-03        -5.1872359807221536e-04        -1.1100820633743629e-05         2.6733912079316850e-04
42                                    -2.8239552770655094e-04        -2.6656172741274420e-04        -6.7475249824166129e-04        -8.5323546478770023e-04         3.7788674364674533e-04         3.2609254625605725e-04         7.1079753480416828e-06        -7.0390536264983215e-04
43                                     1.8606860511845381e-04         1.3320673743248408e-04        -2.5397451861472378e-04         4.8234962753303582e-04        -6.1990226995111385e-04        -9.2764348998710874e-04         1.1536579876445397e-05         3.5152746772896702e-04
44                                     7.7860428200372876e-04        -2.4129317466240439e-04         4.0224743885339254e-04        -8.0586642308182643e-04         1.0395117976323785e-04        -2.4391582006967529e-04        -9.4542070325227823e-05         3.2225679228763127e-04
                                                        32                          33                          34                          35                          36                          37                          38                          39

0                                     -1.8688296155982263e-04        -5.8317228943255382e-03         2.1574003557670793e-03        -2.2216158498030714e-03        -1.3407465764239419e-03         5.9331921401199056e-04        -3.5777791135731913e-04         1.6173326901081832e-03
1                                     -3.1460576363603388e-04        -1.0728421546618506e-02         3.8585504129223765e-03        -3.6177759537974110e-03         3.1856185949975989e-02        -9.5511829215430052e-03         1.2376179554528084e-02        -1.3089527213543683e-03
2                                      1.4838885789952253e-04        -2.9234094678701618e-02         1.1652482400981564e-02        -1.0106061269260501e-02        -1.3733246304321379e-03         3.4051177504799100e-04        -9.3107218682627387e-04         5.4533788878619656e-05
3                                      4.7030366378019751e-03         2.2001487906578967e-03         5.3641633488153142e-04        -1.5712791514790013e-03         1.4778423953614893e-03         8.9172841712532045e-04        -9.4614112802917749e-04        -2.5518535007747634e-03
4                                      2.0959810804974069e-02        -6.4146726379900429e-04         2.6195726118088914e-04         8.8815213418988546e-04        -1.9294589825304136e-03         2.2346204010656803e-04        -1.8923791205655938e-04         3.3557125548656169e-02
5                                      1.1181870445045334e-02         5.9673902267531995e-04        -5.1886130324704446e-04         2.0476196130665703e-04         1.6301522869323153e-04         2.8955585158284541e-04         5.0369789484775102e-04        -2.1551080639058960e-03
6                                     -6.8311848925730501e-02         2.3096766283997599e-04         1.6582330778921431e-04        -6.9461770817086203e-05         2.3629465126132743e-04        -1.0718372099840839e-04        -1.0211675621641772e-04         1.7953983175607756e-03
7                                     -9.3608689021317582e-02         1.1511679438828827e-03         3.2255903260069616e-04        -1.0672986788309408e-03         7.8508782687028455e-04        -7.6774359485968060e-05        -3.3752389019064917e-04        -3.8958172297832057e-03
8                                     -5.3337965097436393e-02         5.5148634846250160e-04         1.4092430809675032e-04        -1.1384218988927863e-04        -2.7032791413352392e-04        -3.2891936738888234e-04        -3.8516096535649207e-05         1.4079505049660913e-03
9                                     -6.4223367620722430e-04        -5.1446636116808234e-02        -1.2951090215781738e-02        -3.3534621079385346e-02        -4.6145900867109152e-02        -2.6544705224453699e-03        -1.9480489012488767e-04        -1.8165691742028662e-03
10                                     8.0653332214970807e-04        -1.2851844217446961e-02        -8.3394161895023897e-02        -8.5050242611752133e-02        -2.5861612889649596e-03        -3.1002082578620338e-01         7.8877678555285494e-03        -2.4923473551379270e-02
11                                    -4.8794174126287268e-04        -3.3514807544576058e-02        -8.6288525638584329e-02        -2.7297071214805668e-01        -1.5834082052049126e-04         9.0362118799229164e-03        -5.0233879047721398e-02         4.1212507884895010e-04
12                                    -9.8607489174470735e-04         1.1159779137206900e-03         1.0883154973194264e-03        -2.5140561568730638e-04        -2.4748633926053830e-03        -1.1378333467566108e-03         1.3263873245820072e-03        -4.8289988446456017e-02
13                                     2.2998563115971581e-03         9.6638861314526509e-03         3.6061640240839378e-03        -6.6971348887786292e-03        -2.7108761571668669e-02        -1.0217115435987648e-02         2.1623287026534717e-02        -6.9186687885020182e-03
14                                     4.9163739420095762e-03         2.5696805692406476e-02         1.0852599290055021e-02        -1.7248807887739713e-02         1.6101797493722906e-03         9.9040768712222067e-04        -2.0600115581488748e-03         2.3189295847428851e-03
15                                     5.4560090904707693e-03        -8.0583961151969191e-04        -2.6674838328613100e-04         7.2788456800615387e-04        -2.9609943539629570e-04         2.0325370057888443e-04         2.1801297289110626e-04         8.5130135278186682e-04
16                                    -1.1365901908741748e-02        -5.7811840370757938e-04        -2.3350684718363723e-04         4.6276601252697716e-04         2.1117455911720556e-04         3.6574331786441792e-04        -6.1265892120679187e-05         1.3190203229272437e-03
17                                    -9.9019316495839258e-03        -4.8960744442633631e-04         9.1062745807347510e-05        -3.7779474405465370e-06         1.3802889913160858e-04         6.0553710150221263e-06        -1.7041146989078143e-04        -1.0441318602492351e-03
18                                     2.0952029604114494e-05         1.3398364314963886e-03        -6.9225373063751738e-04         3.1218040071003851e-04        -5.3165572595495463e-03         1.8377642737577452e-03        -2.1584764575997223e-03        -3.1185563263148072e-04
19                                     1.0219084401319380e-05         6.8372709083169923e-05         5.8675908991801798e-04         2.8030770690524488e-04         1.9019867847387189e-03         1.0611782857747856e-03         1.0887833114828702e-03         7.5146878314010391e-04
20                                     2.0623604978295923e-05         7.2688178875158246e-04         2.3392718773861424e-04         1.9441388279620056e-04        -2.5992887176200319e-03         7.9780997735807578e-04        -1.3265922634046387e-04         3.2853893856539030e-05
21                                    -1.3409718396977291e-04         9.3366603900509049e-04        -5.9805058690932250e-04        -2.1884075092642487e-04         1.0946617643890115e-03         2.8374963891804154e-04         3.4738418524734335e-04         1.4051466643796542e-04
22                                     1.3053511754077820e-05        -6.4646938606100933e-04         1.7324740654163631e-04        -3.4488591891747473e-06        -4.1419463759959736e-04         3.8025681937069828e-04        -5.8337205571356719e-04         3.2744282280062830e-04
23                                    -7.0988118694817340e-05         5.9213757274248729e-04        -4.7287717173365076e-04         5.7925730885737513e-04         7.2369392201286913e-04        -2.4709733456608485e-04         3.1231515501049562e-04        -4.1326351551406493e-05
24                                    -4.8076212533758339e-05        -5.2329050337147770e-03         2.2775732939419010e-03        -1.9748119097859644e-03         1.2705142892932121e-03        -9.5387777609601872e-05         6.8827140950537195e-04        -4.6625873227472165e-05
25                                     1.4844322438886323e-06         2.5794255165903805e-03         1.6626252106067543e-04         1.0691006495270991e-03        -7.8364519351480099e-04         5.1529201645696306e-04         2.7174744635966952e-04         9.2681810278082358e-06
26                                    -4.1747887654576543e-05        -2.0146447491015129e-03         1.4425233518983690e-03         6.8397436828608778e-04         1.7849437769957991e-04         3.2293043137292601e-04         2.2016607510114573e-04        -1.1535862417762119e-04
27                                     1.5867407812251888e-03        -2.3557966451556592e-05         4.6384465693513735e-05         4.4064905147159336e-04        -4.1752214716895078e-04        -7.7517017037279090e-04        -1.4953152949636731e-05        -2.9618103208437982e-03
28                                    -1.2276931167195301e-04         4.1952105240097501e-04        -2.2407503708016122e-04        -3.0252128681721498e-04         6.2308594347683648e-04         2.6309354887128246e-04        -2.0230563831605139e-04         8.2187472000750652e-04
29                                    -2.4960573076805129e-03        -1.5415278005265556e-04        -1.0109066933004589e-04        -1.5261617617580870e-04        -3.9939712464833160e-04        -3.3332357679509341e-04         2.6691239695025105e-04        -2.8517870676985756e-03
30                                     5.8192401502935850e-02        -1.0252309264587988e-05        -1.4044500260705205e-05         5.8562952911042458e-05         9.4372442389723470e-05         3.0585240869011876e-05        -3.2994111528319731e-05        -2.2821212144248681e-04
31                                     8.1820736379810244e-02        -1.0580545572354228e-04        -2.1197193784391454e-05         1.0292684368144560e-04        -6.1814776575247888e-05         1.7465121299555832e-05         2.7177909453420044e-05         3.1252608868400907e-04
32                                     5.0548576939644881e-02         1.2657978307720462e-04         2.2568568978554963e-05        -1.0786709701979908e-04         4.1945755011783391e-05        -5.1877112536467427e-05        -1.6657387876064736e-05        -6.4298100018558369e-04
33                                     1.2657978307720462e-04         6.1328760908563915e-02         1.3583775639503248e-02         3.5312023317833612e-02        -7.7240933403558039e-04        -1.1427079648581966e-04        -1.3134965352299690e-04         1.0274580951084135e-03
34                                     2.2568568978554963e-05         1.3583775639503248e-02         8.4827727751448215e-02         9.1702360558260143e-02        -4.4114246335709923e-03        -1.0810634642980776e-02        -3.0606541068508318e-02         7.9971058414256930e-04
35                                    -1.0786709701979908e-04         3.5312023317833612e-02         9.1702360558260143e-02         2.9774565435629391e-01         3.0826515516237563e-04         3.1454888536752018e-04         1.8960545303120689e-03        -3.5335401847552705e-04
36                                     4.1945755011783391e-05        -7.7240933403558039e-04        -4.4114246335709923e-03         3.0826515516237563e-04         5.5302678011602845e-02         2.1496804439684429e-03        -9.3371155638138350e-04        -3.7922413915522637e-03
37                                    -5.1877112536467427e-05        -1.1427079648581966e-04        -1.0810634642980776e-02         3.1454888536752018e-04         2.1496804439684429e-03         3.3622986288827017e-01        -1.2753691187896982e-02        -1.2090295150136293e-03
38                                    -1.6657387876064736e-05        -1.3134965352299690e-04        -3.0606541068508318e-02         1.8960545303120689e-03        -9.3371155638138350e-04        -1.2753691187896982e-02         5.1498971149618433e-02         3.1827638588350733e-03
39                                    -6.4298100018558369e-04         1.0274580951084135e-03         7.9971058414256930e-04        -3.5335401847552705e-04        -3.7922413915522637e-03        -1.2090295150136293e-03         3.1827638588350733e-03         5.5027625700174596e-02
40                                     5.9751245100968849e-05         1.4828870004558021e-05         5.2840010244779552e-04         3.6795090880743786e-04        -8.8965106035671267e-04         1.0575094796618845e-03         1.2854025891670317e-03         5.8146748798983648e-03
41                                    -1.4721524360106092e-04        -1.0081085505705318e-03         4.0295754267639537e-05         3.6785925632836511e-04         3.0555795822574919e-03         1.3964740542277139e-03        -1.7295471050160619e-03        -7.8977213345039136e-04
42                                     8.2372217089930896e-04        -4.0534925752724084e-03        -1.7379542156380962e-03         2.9929124314063489e-03         1.0799768495435044e-03         1.0153464284834760e-04        -8.9275717229716839e-04        -4.6047436104065809e-04
43                                    -5.0181689653849989e-04        -1.7984140060294219e-03         3.5194801384862574e-04         1.5503121041193953e-03         6.5964091423836239e-04         5.6266962852439184e-04         1.8660846786064855e-04        -5.4648874408666139e-03
44                                    -2.0746225876757795e-04         2.9870241438610932e-03         1.8091481610996829e-03        -9.6829094859837424e-04        -4.8254886665920270e-04         2.0738615005409453e-04         6.1463687651541407e-04         5.8708866687657885e-04
                                                        40                          41                          42                          43                          44

0                                      3.8750497204795634e-04        -9.8050897990001416e-04         2.0093616910255734e-03         5.1023210068381871e-04        -1.2959241390686684e-03
1                                      7.0658803506627038e-04        -1.3628832084099487e-04         5.1756883591084449e-04        -1.9188634520587175e-05        -1.6636011580262178e-04
2                                     -2.7504325662706074e-04         2.7266323106029853e-04         9.8318511599440606e-04        -2.4003263236920848e-04         1.2748350576101374e-03
3                                      2.7285598327503775e-03        -3.8120225264639488e-03        -1.2706509078614554e-02         1.5336112282015937e-03        -8.1303467671837229e-03
4                                     -1.2813837354399400e-02         1.5572329153053241e-02        -1.3614466588749244e-02         4.8053728529572261e-03        -1.3651079030228622e-03
5                                     -4.0839953399136181e-04        -2.2749166588901968e-03        -2.7312061396288882e-02         1.1668662253718820e-02        -9.4796529925608979e-03
6                                      1.8059546460544944e-03        -6.9579142665091541e-04         3.6484644315080725e-03        -4.6977603084555081e-04         2.2473064122272186e-04
7                                      5.9466045715079593e-03        -2.5329830343845637e-03         2.5028274175704496e-03        -1.9017683428293661e-03        -2.8379774945732385e-03
8                                      1.3780065385087768e-03         1.2091752370928591e-04        -5.7663429332875061e-03         1.3742501415221105e-03        -2.9795010714374400e-03
9                                     -3.7075472205079160e-04         5.6815045154136323e-04         1.4516655442892643e-03         2.6445837901676282e-04        -7.3730814594043584e-04
10                                    -8.1289050970187928e-03         2.0067857997041583e-02         9.1002358581747603e-03         3.4883420759846957e-03        -6.1907083705268293e-03
11                                     6.9140920536029521e-04        -1.1756245142857755e-03         2.5828111405660520e-02         1.1135838590122446e-02        -2.0196705350855368e-02
12                                    -6.4151765675965443e-03         3.1411681611130705e-03        -4.5923622132391574e-02        -1.1169574462937884e-02        -3.1894952754163555e-02
13                                    -3.0578735965933246e-01         1.5668192463686989e-02        -1.3533740216625397e-02        -7.6376859629497529e-02        -8.7679129841348957e-02
14                                     1.5458192980774201e-02        -4.5559409381170271e-02        -3.8218738504108417e-02        -8.5129361366890782e-02        -2.6223400467537117e-01
15                                    -3.5910151261097506e-03         2.6991846563618233e-03         8.5978043290695257e-05         6.9859388439042196e-04         2.8839896328902411e-03
16                                    -1.3984980772816218e-03        -3.1545673316395558e-04         3.2272998560562019e-03        -5.7076256260942025e-06         2.1968122448292075e-03
17                                     1.1161420862144319e-03        -1.3897961970310963e-03         6.4090499363828775e-03        -1.4987193904025002e-03         1.5933989954619184e-03
18                                    -6.8521334452222808e-04         1.5341374978243840e-04        -5.4574260807380544e-05        -4.0830904522726522e-05         7.8730978137545095e-05
19                                     2.2801334619298487e-04        -3.7459323622165226e-04         5.9272001744642379e-05        -1.1571207661368243e-04         5.8246629205824241e-05
20                                    -1.4417393657576447e-04         3.1045632916589416e-04        -9.1763769795972811e-05        -1.3421168313206184e-04        -3.4773348611893897e-05
21                                    -2.5043580114377309e-05        -1.5350388930061425e-04         2.6181494409588824e-04         1.5342941557299535e-04        -1.6680144535332134e-04
22                                     3.6153619734873499e-04        -1.0365862938171698e-04        -1.5219652834844031e-04        -1.2576818490624522e-04         3.1283999127307369e-04
23                                    -5.7152387737255048e-06        -1.5129461392400826e-04        -1.8497911352211417e-04         1.7616543485320232e-04         2.7950228103141043e-04
24                                    -4.9327178864585954e-05         5.5935571632294938e-05        -2.8239552770655094e-04         1.8606860511845381e-04         7.7860428200372876e-04
25                                    -9.5548336887289753e-05        -1.6313695865924642e-04        -2.6656172741274420e-04         1.3320673743248408e-04        -2.4129317466240439e-04
26                                     4.5282066492260270e-05        -4.7242706650265720e-05        -6.7475249824166129e-04        -2.5397451861472378e-04         4.0224743885339254e-04
27                                     1.3156107207207366e-03        -2.0319881232766035e-03        -8.5323546478770023e-04         4.8234962753303582e-04        -8.0586642308182643e-04
28                                    -1.5911190392796717e-04         1.1043788453353970e-03         3.7788674364674533e-04        -6.1990226995111385e-04         1.0395117976323785e-04
29                                     2.9297748604063464e-06        -5.1872359807221536e-04         3.2609254625605725e-04        -9.2764348998710874e-04        -2.4391582006967529e-04
30                                     2.5125918524033543e-04        -1.1100820633743629e-05         7.1079753480416828e-06         1.1536579876445397e-05        -9.4542070325227823e-05
31                                    -4.5460296905751839e-04         2.6733912079316850e-04        -7.0390536264983215e-04         3.5152746772896702e-04         3.2225679228763127e-04
32                                     5.9751245100968849e-05        -1.4721524360106092e-04         8.2372217089930896e-04        -5.0181689653849989e-04        -2.0746225876757795e-04
33                                     1.4828870004558021e-05        -1.0081085505705318e-03        -4.0534925752724084e-03        -1.7984140060294219e-03         2.9870241438610932e-03
34                                     5.2840010244779552e-04         4.0295754267639537e-05        -1.7379542156380962e-03         3.5194801384862574e-04         1.8091481610996829e-03
35                                     3.6795090880743786e-04         3.6785925632836511e-04         2.9929124314063489e-03         1.5503121041193953e-03        -9.6829094859837424e-04
36                                    -8.8965106035671267e-04         3.0555795822574919e-03         1.0799768495435044e-03         6.5964091423836239e-04        -4.8254886665920270e-04
37                                     1.0575094796618845e-03         1.3964740542277139e-03         1.0153464284834760e-04         5.6266962852439184e-04         2.0738615005409453e-04
38                                     1.2854025891670317e-03        -1.7295471050160619e-03        -8.9275717229716839e-04         1.8660846786064855e-04         6.1463687651541407e-04
39                                     5.8146748798983648e-03        -7.8977213345039136e-04        -4.6047436104065809e-04        -5.4648874408666139e-03         5.8708866687657885e-04
40                                     3.3260937784290900e-01        -2.0538886810432394e-02        -2.8449421148713135e-04        -1.2600166177229609e-02         9.5458680783163524e-04
41                                    -2.0538886810432394e-02         4.9658278132748521e-02        -1.9306197975222050e-04        -2.9939299092038331e-02         2.2635955456285946e-03
42                                    -2.8449421148713135e-04        -1.9306197975222050e-04         5.5789933921519777e-02         1.4425127802764599e-02         3.6019753013739234e-02
43                                    -1.2600166177229609e-02        -2.9939299092038331e-02         1.4425127802764599e-02         8.2072006164697842e-02         9.2524285510684562e-02
44                                     9.5458680783163524e-04         2.2635955456285946e-03         3.6019753013739234e-02         9.2524285510684562e-02         2.8991609027117143e-01
   &MODES [&Type "ArrayOfDoubles", &Dim (45,45)] "The modes of vibrations"
                                                         0                           1                           2                           3                           4                           5                           6                           7

0                                      0.0000000000000000e+00         0.0000000000000000e+00         0.0000000000000000e+00         0.0000000000000000e+00         0.0000000000000000e+00         0.0000000000000000e+00         5.7065092286629742e-03         5.7756539709963532e-03
1                                      0.0000000000000000e+00         0.0000000000000000e+00         0.0000000000000000e+00         0.0000000000000000e+00         0.0000000000000000e+00         0.0000000000000000e+00         1.1080938701065214e-03        -3.1822900556958085e-02
2                                      0.0000000000000000e+00         0.0000000000000000e+00         0.0000000000000000e+00         0.0000000000000000e+00         0.0000000000000000e+00         0.0000000000000000e+00        -1.5774593815407254e-04        -3.3089079314315699e-02
3                                      0.0000000000000000e+00         0.0000000000000000e+00         0.0000000000000000e+00         0.0000000000000000e+00         0.0000000000000000e+00         0.0000000000000000e+00         8.5608332409823490e-02         2.5689367084711041e-02
4                                      0.0000000000000000e+00         0.0000000000000000e+00         0.0000000000000000e+00         0.0000000000000000e+00         0.0000000000000000e+00         0.0000000000000000e+00        -7.5306213860309043e-02         8.3592856716229028e-02
5                                      0.0000000000000000e+00         0.0000000000000000e+00         0.0000000000000000e+00         0.0000000000000000e+00         0.0000000000000000e+00         0.0000000000000000e+00        -8.3677441197728561e-02         5.8866754079773070e-02
6                                      0.0000000000000000e+00         0.0000000000000000e+00         0.0000000000000000e+00         0.0000000000000000e+00         0.0000000000000000e+00         0.0000000000000000e+00         4.1149656448453704e-02         2.2340754783374692e-02
7                                      0.0000000000000000e+00         0.0000000000000000e+00         0.0000000000000000e+00         0.0000000000000000e+00         0.0000000000000000e+00         0.0000000000000000e+00         1.2627273999178393e-01         2.8373701076805928e-03
8                                      0.0000000000000000e+00         0.0000000000000000e+00         0.0000000000000000e+00         0.0000000000000000e+00         0.0000000000000000e+00         0.0000000000000000e+00         2.3074407872215891e-02        -8.4753224973065547e-02
9                                      0.0000000000000000e+00         0.0000000000000000e+00         0.0000000000000000e+00         0.0000000000000000e+00         0.0000000000000000e+00         0.0000000000000000e+00         1.1691226865431267e-02        -3.1178918222747615e-03
10                                     0.0000000000000000e+00         0.0000000000000000e+00         0.0000000000000000e+00         0.0000000000000000e+00         0.0000000000000000e+00         0.0000000000000000e+00        -4.2560293411054448e-03        -5.6948236217295216e-02
11                                     0.0000000000000000e+00         0.0000000000000000e+00         0.0000000000000000e+00         0.0000000000000000e+00         0.0000000000000000e+00         0.0000000000000000e+00        -8.5199963879960109e-04        -3.4702338595450272e-02
12                                     0.0000000000000000e+00         0.0000000000000000e+00         0.0000000000000000e+00         0.0000000000000000e+00         0.0000000000000000e+00         0.0000000000000000e+00         1.6769924547185552e-02         2.1216250458801659e-02
13                                     0.0000000000000000e+00         0.0000000000000000e+00         0.0000000000000000e+00         0.0000000000000000e+00         0.0000000000000000e+00         0.0000000000000000e+00        -2.4923243984886854e-02         8.8688637121870542e-02
14                                     0.0000000000000000e+00         0.0000000000000000e+00         0.0000000000000000e+00         0.0000000000000000e+00         0.0000000000000000e+00         0.0000000000000000e+00        -2.9091996295329863e-02         7.7954275995870001e-02
15                                     0.0000000000000000e+00         0.0000000000000000e+00         0.0000000000000000e+00         0.0000000000000000e+00         0.0000000000000000e+00         0.0000000000000000e+00        -1.3636635687079651e-01        -6.4369711568109569e-02
16                                     0.0000000000000000e+00         0.0000000000000000e+00         0.0000000000000000e+00         0.0000000000000000e+00         0.0000000000000000e+00         0.0000000000000000e+00        -1.2053481098576960e-02        -7.4509822754263724e-02
17                                     0.0000000000000000e+00         0.0000000000000000e+00         0.0000000000000000e+00         0.0000000000000000e+00         0.0000000000000000e+00         0.0000000000000000e+00         3.8037191274748181e-02         1.7269579408240657e-02
18                                     0.0000000000000000e+00         0.0000000000000000e+00         0.0000000000000000e+00         0.0000000000000000e+00         0.0000000000000000e+00         0.0000000000000000e+00         3.9177700055721982e-03        -3.4510749166267354e-02
19                                     0.0000000000000000e+00         0.0000000000000000e+00         0.0000000000000000e+00         0.0000000000000000e+00         0.0000000000000000e+00         0.0000000000000000e+00         7.8119218802766928e-04        -2.7206958358319416e-02
20                                     0.0000000000000000e+00         0.0000000000000000e+00         0.0000000000000000e+00         0.0000000000000000e+00         0.0000000000000000e+00         0.0000000000000000e+00        -1.3683112048549352e-03         1.2142725545157031e-01
21                                     0.0000000000000000e+00         0.0000000000000000e+00         0.0000000000000000e+00         0.0000000000000000e+00         0.0000000000000000e+00         0.0000000000000000e+00         1.0798632752368309e-02        -1.5080243025568096e-02
22                                     0.0000000000000000e+00         0.0000000000000000e+00         0.0000000000000000e+00         0.0000000000000000e+00         0.0000000000000000e+00         0.0000000000000000e+00         7.3447805608284431e-05        -1.5333202323167405e-01
23                                     0.0000000000000000e+00         0.0000000000000000e+00         0.0000000000000000e+00         0.0000000000000000e+00         0.0000000000000000e+00         0.0000000000000000e+00         5.7897150921464371e-03        -1.2475332531077600e-01
24                                     0.0000000000000000e+00         0.0000000000000000e+00         0.0000000000000000e+00         0.0000000000000000e+00         0.0000000000000000e+00         0.0000000000000000e+00         2.0817855022664997e-03         7.3603123878500626e-02
25                                     0.0000000000000000e+00         0.0000000000000000e+00         0.0000000000000000e+00         0.0000000000000000e+00         0.0000000000000000e+00         0.0000000000000000e+00        -1.4046868199512101e-03         1.0641510212674567e-01
26                                     0.0000000000000000e+00         0.0000000000000000e+00         0.0000000000000000e+00         0.0000000000000000e+00         0.0000000000000000e+00         0.0000000000000000e+00         1.8176615188656531e-03        -9.5589214566304107e-02
27                                     0.0000000000000000e+00         0.0000000000000000e+00         0.0000000000000000e+00         0.0000000000000000e+00         0.0000000000000000e+00         0.0000000000000000e+00         2.2562155759533371e-02         3.0086744301376006e-02
28                                     0.0000000000000000e+00         0.0000000000000000e+00         0.0000000000000000e+00         0.0000000000000000e+00         0.0000000000000000e+00         0.0000000000000000e+00         1.0612705099251205e-01         1.4194920657531310e-01
29                                     0.0000000000000000e+00         0.0000000000000000e+00         0.0000000000000000e+00         0.0000000000000000e+00         0.0000000000000000e+00         0.0000000000000000e+00         2.1976142585764818e-01         1.5290775689421399e-01
30                                     0.0000000000000000e+00         0.0000000000000000e+00         0.0000000000000000e+00         0.0000000000000000e+00         0.0000000000000000e+00         0.0000000000000000e+00         1.8113109756709550e-01         6.6841828050073021e-02
31                                     0.0000000000000000e+00         0.0000000000000000e+00         0.0000000000000000e+00         0.0000000000000000e+00         0.0000000000000000e+00         0.0000000000000000e+00        -1.6645854882801397e-01         1.5595377124165585e-02
32                                     0.0000000000000000e+00         0.0000000000000000e+00         0.0000000000000000e+00         0.0000000000000000e+00         0.0000000000000000e+00         0.0000000000000000e+00         2.5988044260789633e-01        -2.1571543909134711e-01
33                                     0.0000000000000000e+00         0.0000000000000000e+00         0.0000000000000000e+00         0.0000000000000000e+00         0.0000000000000000e+00         0.0000000000000000e+00         1.0108060975661767e-02        -6.1685829205524213e-02
34                                     0.0000000000000000e+00         0.0000000000000000e+00         0.0000000000000000e+00         0.0000000000000000e+00         0.0000000000000000e+00         0.0000000000000000e+00         9.2723676905481073e-04        -1.8307851699724279e-01
35                                     0.0000000000000000e+00         0.0000000000000000e+00         0.0000000000000000e+00         0.0000000000000000e+00         0.0000000000000000e+00         0.0000000000000000e+00        -1.9792399509521064e-03         1.9911507731819461e-02
36                                     0.0000000000000000e+00         0.0000000000000000e+00         0.0000000000000000e+00         0.0000000000000000e+00         0.0000000000000000e+00         0.0000000000000000e+00        -3.5129596712967074e-03         2.9367337313263863e-02
37                                     0.0000000000000000e+00         0.0000000000000000e+00         0.0000000000000000e+00         0.0000000000000000e+00         0.0000000000000000e+00         0.0000000000000000e+00        -3.2769968216580085e-03        -6.4355900595613913e-02
38                                     0.0000000000000000e+00         0.0000000000000000e+00         0.0000000000000000e+00         0.0000000000000000e+00         0.0000000000000000e+00         0.0000000000000000e+00         5.5279657120903261e-03        -1.7503526115329932e-01
39                                     0.0000000000000000e+00         0.0000000000000000e+00         0.0000000000000000e+00         0.0000000000000000e+00         0.0000000000000000e+00         0.0000000000000000e+00         5.1572688185824798e-02        -8.0586565330737613e-03
40                                     0.0000000000000000e+00         0.0000000000000000e+00         0.0000000000000000e+00         0.0000000000000000e+00         0.0000000000000000e+00         0.0000000000000000e+00        -2.6519833928661009e-02         1.0191307066947905e-01
41                                     0.0000000000000000e+00         0.0000000000000000e+00         0.0000000000000000e+00         0.0000000000000000e+00         0.0000000000000000e+00         0.0000000000000000e+00         1.2815063230942097e-02         2.0928562460071620e-01
42                                     0.0000000000000000e+00         0.0000000000000000e+00         0.0000000000000000e+00         0.0000000000000000e+00         0.0000000000000000e+00         0.0000000000000000e+00        -3.1786842746969350e-02         8.4327769974170422e-02
43                                     0.0000000000000000e+00         0.0000000000000000e+00         0.0000000000000000e+00         0.0000000000000000e+00         0.0000000000000000e+00         0.0000000000000000e+00         8.2507767141451523e-03         2.1583090378660627e-01
44                                     0.0000000000000000e+00         0.0000000000000000e+00         0.0000000000000000e+00         0.0000000000000000e+00         0.0000000000000000e+00         0.0000000000000000e+00        -2.5163342212954964e-02         2.0815373692114652e-02
                                                         8                           9                          10                          11                          12                          13                          14                          15

0                                     -4.0418386881800944e-03        -4.9505840526370200e-02        -6.5590528531975863e-04         1.9049116631498515e-02        -1.4355020164309773e-01         6.6511001309642548e-02        -2.1952403101559201e-02         2.6452464218372153e-03
1                                     -9.3651235797381271e-02        -7.0094782887561685e-02         1.0441998727364865e-02         4.2754332634221369e-03         1.5025154432450123e-02         7.9082249878562935e-03         5.9897088502739206e-03        -1.0019526872675492e-02
2                                     -7.8303572066968891e-02         8.4329437442221336e-02         1.2532914721330838e-02        -2.4799353708956622e-02         5.5295762749893026e-03        -2.1673448939935315e-02        -6.9621705376755275e-03        -3.9074126667585554e-03
3                                      4.3137026129607325e-03        -3.7311583379969544e-02         1.3784043076792017e-03         1.1607902646012638e-04         7.5284320131346685e-02        -4.9054322219786381e-02         5.6703087249957748e-02        -5.0662146212818110e-03
4                                     -2.0721811994376404e-02         3.8757143822876636e-02         1.2480803451982684e-02        -8.1115462759136309e-02         3.9633747973793019e-03         1.1109660419505031e-01         4.6806747391045400e-02         2.2589719964180160e-02
5                                      1.2383551450911752e-02        -7.5322205172212081e-02         3.5010579333533860e-03        -1.3934212727053272e-01        -5.2185403605148513e-04        -3.7271509032946341e-02        -8.8941504202864508e-02         2.1072450086392379e-02
6                                      2.8691690521480344e-02         3.3666663278150148e-02         2.2061858370463379e-03        -5.3100998147303784e-02         9.2811493399695633e-02         5.1216179404843069e-02         1.1603487817100738e-01         2.1623125698960917e-02
7                                     -5.2304383704167595e-02        -3.9908230016768749e-02         5.2302351511856696e-03         4.4362374806645961e-02         1.2482776362471157e-02        -1.4489429659570910e-02        -3.6389213612246195e-02        -1.1215427948550804e-02
8                                      3.6287045196195349e-02         4.5259181936727746e-02        -3.1008852880663527e-03        -4.2703390382910385e-02        -5.2417309727153430e-02        -2.0068547764446755e-02         1.2433158157242649e-01         9.6383944920090583e-03
9                                      7.4881044305588652e-03         4.0360506281755540e-02        -4.9581595788332558e-03        -1.7546325196322037e-02        -1.0585827953753166e-01        -9.7405697374588658e-03        -3.5875813415016208e-02        -5.4976037270138903e-03
10                                     8.5303192140778750e-02         3.5275672028167830e-02        -5.9631555535436566e-02        -4.9262324011979772e-04         1.6201810337946106e-02        -6.6005455166321059e-02        -2.7670350934276777e-02        -5.2459188097189677e-02
11                                     5.9820499167768854e-02        -5.0553738105099402e-02        -4.3663092296778575e-02         6.6512447724366250e-02        -6.0628714616097774e-03         7.4447335507347376e-02         3.5049663202430595e-02        -3.2286259024856948e-02
12                                     1.8529027116223076e-02        -1.2524866928934935e-02         3.1277148373167951e-03        -3.8428598222544824e-02        -6.1963251862642214e-04        -8.8773746419515243e-02        -3.3841883921231670e-02        -2.0749996207128574e-02
13                                     7.2405019679570887e-02         1.0598412813478540e-01         2.8837838909433703e-02         3.9412397017822377e-02        -2.7615705614218642e-02         1.0130181380515859e-03        -1.0967281242603316e-03        -4.4385669741788723e-02
14                                     6.7971015981965893e-02        -8.9669002884960186e-02         1.4270042089344933e-02         5.3283614379798568e-02         4.7607953682855607e-02        -4.4343210425798413e-03        -6.0214877288879338e-04        -3.7905496957444322e-02
15                                    -4.7302760541211332e-02         2.7205909994214232e-02        -1.8183551185236111e-03         8.2554966510505715e-02         8.8776503648929722e-02         1.8832142933293581e-02        -3.7603047794287629e-02        -4.9799817008259690e-03
16                                     1.6171129476755045e-02        -4.8218227297815476e-02        -4.0251368874441602e-03        -3.5161120389775743e-02        -6.1460472341618158e-03        -7.8276353086920002e-03        -9.8923972728317770e-03         7.8793127820103014e-03
17                                    -7.6241472639365759e-02         5.3621254524420216e-02         9.8448243647103161e-03         5.8341019998283131e-02        -1.8062796629859650e-02        -1.5364219998220653e-03        -1.0442076826912122e-02        -5.5149131481558979e-03
18                                    -7.9146043500993732e-02        -1.6821607121988388e-01         2.4093136661952322e-01         3.5688275661138476e-02        -1.8462136476587818e-01         1.8443721838363561e-01         2.2880354697421876e-02         1.8683804100092122e-01
19                                    -1.0160138842423519e-01        -7.1133431606763164e-02         9.5977450948526988e-04         4.4078286679477829e-03         1.4419063222016217e-02         9.6748303956319393e-03         6.6662871787425909e-03         1.2915875496031970e-03
20                                    -2.6678778231621492e-01         1.2919926154134312e-01        -4.3140341551074918e-01        -3.8426503980717092e-02         2.1391587033388532e-02        -4.7738398029675007e-02        -1.7021906669596409e-02         1.5768551782445436e-01
21                                    -7.8808518636375429e-03         4.6721154065812641e-02         5.1270945093721265e-02        -4.5007522809468091e-02        -9.8687564776827316e-02        -4.4757567056253687e-02        -6.1580166760792775e-02        -1.4903134575555504e-03
22                                    -4.4198461277564514e-02        -1.8022330182212767e-01         4.5967792077385411e-01         1.7734459995027103e-02        -1.8858800703159571e-02         1.0169866685006046e-01         4.3567104264447494e-02         7.5589330063515509e-02
23                                    -5.7233588001088090e-02         1.5358328274248484e-01         3.1792029443667680e-01        -1.0287268823839876e-01         4.8581802621548972e-02        -1.2090662542030169e-01        -3.9422256965801067e-02         3.5358824473701214e-02
24                                     6.6121611482035395e-02        -1.1166893765189921e-01        -2.9038477250477995e-01         1.1389629133063640e-01        -1.8930716310495571e-01         1.5919698661858131e-01         5.1477559187505500e-03        -1.3916733514320825e-01
25                                    -2.8009703752835713e-01        -5.1961397192807568e-02        -3.6566963894287902e-01         8.2523234692129114e-04         1.4027423813295090e-02         1.6286708275564315e-02         8.8614773170717798e-03         1.7226395461512697e-01
26                                    -2.1710891608144205e-02         8.8430979934274984e-02         2.0121670956098373e-01        -3.9918183873972467e-02         1.4148873619686076e-02        -4.1078555417711722e-02        -1.2852983472944125e-02        -4.4643332958700301e-02
27                                    -2.7130070612210348e-02        -1.3140480154463297e-01        -7.4425084560287365e-04         1.8327522371727131e-02         1.2782032275365579e-01        -6.6092935224922850e-02        -1.1744051581330128e-02         1.5453730491160873e-02
28                                    -8.1089214502897952e-02         3.3590673763538303e-02         1.9062633109393906e-02        -2.2084324059462600e-02         3.0967554804757901e-02         9.3728443209304860e-02         3.6833445167437320e-02         3.8592680003493751e-02
29                                    -8.3886759362807914e-02        -7.9759672404359508e-02         1.3927005068227166e-02        -4.8036716657248464e-02         4.0484339715607637e-02        -6.4300000932065782e-02        -9.6356085261168997e-02         4.7007261144829088e-02
30                                     7.9541647644507385e-02         5.7727261846526087e-02         3.2017524680994711e-03        -1.4485453598547809e-01         1.8701719910958747e-01         2.1104223037521117e-01        -3.5207447349725661e-02         3.2768292200296770e-02
31                                    -1.3599679910589452e-01        -1.0850564217053710e-01         1.0217287316238846e-02         1.4513915129712593e-01        -1.7235837361182568e-01        -3.4038531574692193e-01         3.6516519685711329e-01        -1.3927711756465538e-03
32                                     9.7659366543758744e-02         1.3601105942213079e-01        -1.6275502650506334e-02        -5.1636899719698384e-02         1.4154954479522666e-01         3.3112294138629944e-01        -4.3434247500790435e-01        -3.6837085213490793e-02
33                                    -7.7000568136360040e-02         8.8683322682771210e-02         4.7640130415220455e-03        -4.8428833769967955e-02        -1.4586618437873156e-01        -7.6897684403392638e-03        -5.1719036707056347e-02         2.6441741308245597e-02
34                                     2.1432219911844730e-01         1.4512075151364833e-02        -1.4802753896008819e-01         3.4425496616580921e-03         1.4033854101785257e-02        -6.9214479336416002e-02        -3.2406968235431925e-02         4.4216276758763340e-01
35                                     2.5116360220074560e-02        -4.9594931657715481e-02        -1.2756178672207633e-02         6.8917229484231360e-02         5.6717198205705492e-04         7.4136334814878427e-02         3.8339810241010928e-02        -2.1148399532122575e-01
36                                     8.9893094247772906e-02         1.2498295466802783e-01        -1.9188702495126261e-02        -1.4134135583896599e-02        -1.4532671904996469e-01        -1.1158048047166155e-02        -4.7628172757741581e-02         3.6144901461354947e-02
37                                     9.1138541769085590e-02         3.3176357567915676e-02        -6.4222533032308252e-02        -6.2180408258701513e-04         1.6826504771747731e-02        -6.6298821046086143e-02        -2.7775656497906552e-02        -2.1561382356998105e-02
38                                     1.8480201389289949e-01        -7.4597987162115811e-02        -1.3553174997707435e-01         5.7811768269215302e-02         8.0543238285715520e-03         4.5084790330055816e-02         2.3046947330580710e-02         4.9005818146127283e-01
39                                     6.5377999676115253e-02        -1.0344613066862564e-03        -8.7567472730094038e-03         3.9009200936490948e-02         6.9675561005960425e-03        -2.2580370672882860e-01        -1.3489501680488297e-01        -8.6535930138584904e-02
40                                     7.3607254079225817e-02         1.1005287653468500e-01         3.9820858464253761e-02         5.7209600893446344e-02        -2.7553299407788560e-02        -2.4498985054074939e-03        -7.8434079506408336e-03        -6.2959714138971588e-03
41                                     1.0650741655013064e-01        -2.7743816544523282e-02         1.3608891817004007e-01         2.7683710948453027e-01         4.1435791298982672e-02        -8.1722180985538281e-02        -7.9345570618945982e-02         3.5114519281722967e-01
42                                    -1.4118241123338085e-02        -3.5956525070766548e-02         3.4681099750107573e-02        -1.9346370294289580e-01         9.2197667644858313e-03        -1.4249753171342960e-01        -5.4396048666451265e-02         9.2540459890275609e-02
43                                     1.1412065688879201e-01         1.5154942104244901e-01         1.4353378049231269e-01         2.7526325046090983e-01        -1.2951293663901509e-02        -8.9742480548583858e-02        -8.8779324011222516e-02         3.1211803744122424e-01
44                                     5.6015114142611018e-02        -1.0237838434543967e-01        -3.3311805951145919e-02        -1.1419887537656520e-02         4.0359239750464931e-02         3.7034746089258448e-02         3.4488352153689589e-02        -1.8375658023003022e-01
                                                        16                          17                          18                          19                          20                          21                          22                          23

0                                     -6.3688634746693600e-04         4.3305079358649128e-02        -9.2638992644732923e-02         5.6750980359634905e-02         9.4511424203619715e-02         2.7937210429287276e-02        -1.4947304620055136e-02         2.3530440979619652e-04
1                                     -3.3356859222030667e-02         2.9159857693560019e-02        -7.3114736649971344e-03        -4.3198553487193557e-02        -4.3878892086257254e-02        -1.3363919290005627e-02        -5.7750794088911858e-02         3.3993450137015054e-02
2                                     -3.2658502187014965e-02        -7.2407026165027246e-03         2.8575263628054428e-02         7.1191437139975691e-03         8.3708752154353361e-02        -3.6478322371156897e-02         5.1643475589505876e-02         1.4376868810058865e-02
3                                      8.0578652528634984e-03        -2.3720711419583768e-03         1.5636036163959418e-02         8.6869209644697826e-03         2.7754781835919368e-02        -5.5482318583865826e-02        -5.1896530573050020e-02        -6.4979105961751021e-02
4                                     -2.4515994734627148e-03         3.2099043020917400e-02        -2.0256221750486192e-02        -9.3778927159719638e-02        -1.7902228187839152e-03         4.4961890291308378e-02         5.4237884457566075e-02        -5.7780120154464432e-02
5                                     -4.4691017987675691e-02        -3.1321219655871652e-03         4.5697486752518557e-02         8.8078197102655964e-02        -5.3397937570142046e-03        -2.0653765448895973e-02        -6.6598011537095353e-02        -5.4161624775556125e-02
6                                     -2.8670390527998513e-02         2.3383832456841537e-02         7.4151242942107516e-03         5.9617535055335777e-02        -9.3322565138534552e-03        -1.7100919715936935e-03         2.1937173582079649e-04        -2.2065403427296040e-02
7                                      2.2762633733403106e-02         3.0978328044947354e-02         2.4624894019124398e-02         1.5031439490097132e-02         1.3039248701988797e-02        -2.1867699790987235e-02        -1.9712702471254805e-02        -7.7082849901571483e-03
8                                     -1.6333681980334719e-02        -3.5184282062156770e-02        -3.6837088188800951e-02        -2.5827506641937791e-02         1.2275830419775768e-03        -2.0852277848152417e-03         1.1898322715195194e-02         3.9103874994322564e-03
9                                      1.9391845341882729e-03         7.8273453044117106e-03        -3.3214870219002773e-03        -3.9504363115083950e-02        -1.5748991263765036e-01        -5.1582239922198646e-02        -7.1569009497474551e-03        -1.6273236380308248e-03
10                                    -2.5211176278094018e-02         1.9385604746791432e-02        -4.2485478091188598e-02         4.5872456234862941e-02         1.6655593439839911e-02        -1.0378718162062360e-02         8.9854438244490673e-02        -5.5544766112853756e-02
11                                    -2.7234596623318043e-02        -3.1392979785760139e-02         6.4664675118242823e-02        -2.4134015464909203e-02        -3.9138944288787995e-02         9.3018210660298667e-02        -7.3092654174474095e-02        -1.9856964824622618e-02
12                                     3.8894524119372526e-02        -8.5812728337109952e-03         5.5102434082902996e-02        -1.1065540980018777e-01         2.0912487925039941e-02         1.1381439324403440e-01         4.6197409846200632e-03         2.7911061827496624e-02
13                                     5.7901221588123726e-02        -6.2262939853842937e-02         4.2649101398435842e-02         3.5217847295986912e-02         4.6187349717926714e-02        -3.4112475125792609e-02        -1.0466148892603282e-01         4.5830908772718934e-02
14                                     8.1482434816979865e-02         3.3877610434102992e-02        -8.0971597166485221e-02        -4.7154702706666683e-02        -2.1228328721956995e-02        -7.1970692862304730e-02         7.9334792842996188e-02         4.6131988755845441e-02
15                                    -1.0369291482682837e-02        -3.9244317005596857e-02        -1.8597282969709337e-02         1.0207915038328092e-02         3.7279289453943146e-03        -9.6281697544675117e-03        -1.0767717597160602e-02         2.2432720217878510e-02
16                                    -1.6580271492026691e-02         3.7433161094835255e-03         6.8385361754256472e-03         3.4239136188489373e-02        -2.2375406200879352e-02         2.8202995339126725e-02         2.1000880818763272e-02         5.1730987943539086e-02
17                                     2.3972917706539643e-02         6.1374027055501455e-02         3.6306505248017311e-02         1.8749694399590681e-02        -1.1577962356977464e-02         1.5434940057230843e-02         1.8974279089830556e-02         2.3886638212102726e-02
18                                     2.4771249686531691e-01        -2.3616677819507786e-01         1.5413125059357280e-01         1.8387327294147407e-01         1.6322253824840377e-01        -4.1231058366694891e-03         2.7873230943952787e-01        -1.2181903793566411e-01
19                                    -1.6385351050255886e-02         1.8831550622765314e-02        -3.5390375238635056e-03        -3.5981317687015568e-02        -4.8570978884528271e-02        -9.6767652204303705e-03        -5.0156149151583972e-02         2.5217662420400248e-02
20                                     2.1353925747943642e-01        -4.5886102955334851e-02        -7.8136159408925099e-02         9.6691401059548848e-02        -3.8412120172681317e-04         1.1488742263846827e-01         2.0564852285408610e-03        -7.6473244335222734e-02
21                                     6.9986776144397772e-02         2.0277721762502449e-01        -3.8002602163753529e-01         7.0501244140398128e-02         9.2685909392175685e-03         1.4913273653290532e-01        -1.9350003314571781e-01         3.4501869454912257e-03
22                                     1.1111866922406925e-01        -1.7606146869570674e-01         1.9642023911856518e-01         3.2132353648453502e-02        -3.0433356866578370e-02        -2.7641221087653225e-02         1.3355473330316245e-01        -6.6600879255980239e-02
23                                     1.3784073334459421e-01         9.7029932449498563e-02        -2.4510520376343667e-01         6.1793878953060453e-02        -2.7481025826010658e-02         1.2313980589545531e-01        -9.4015456432726879e-02        -3.3353748846564529e-02
24                                    -3.1879471560563394e-01         2.0021239080703947e-04         1.7585700050448147e-01        -2.7795214031383835e-02         2.8535767733357237e-01        -1.8429797085587105e-01         1.6568288725729735e-01         7.7976166944775369e-02
25                                     2.1731223906017547e-01        -1.1216957238940808e-01         3.8228144840000901e-02         5.6233857302648634e-02        -9.4504732683641221e-02         3.3931491345882407e-02         7.0741074567839762e-02        -8.0962904103726932e-02
26                                    -6.5616411330988292e-02         5.1496401792953228e-02        -3.7092566557741159e-02        -1.2514581139396666e-02         7.0572381183240773e-02        -1.2491198760276222e-02        -2.7012912709711717e-02         4.0902451775696964e-02
27                                    -2.7127301678567552e-02         9.4855261332652506e-03        -3.2098344395661754e-02         3.4070331983871535e-02        -5.2006133391599551e-03        -1.0788546927222596e-01         9.9835809378649235e-02        -1.8132933889739125e-01
28                                    -1.3902649570398723e-01        -3.3309874821926960e-01        -2.5935802671155400e-01        -1.2818928878482841e-01        -2.4253308709892465e-02         6.6051424616483959e-02         8.6187186057017404e-02         1.0246002227585675e-01
29                                    -2.6560168538452500e-01        -5.8858050668074913e-01        -3.3505265393020728e-01         3.8810378757215019e-02        -4.1008880215047630e-02         6.8216265535483486e-03        -3.0777786958425864e-02         1.9971441601477494e-01
30                                    -2.9248132181102449e-02         1.4955658575887326e-01         9.2553762027098682e-02         2.5845251436563355e-01        -1.0608962074479807e-01         9.6387095118129248e-02         1.2380624613929433e-01         4.0130191467780879e-01
31                                    -1.4362947070070235e-02        -6.9155445662325954e-02        -3.8735365004055847e-02        -6.6204444602794024e-02         6.2336925992829709e-02        -7.3904712529013886e-02        -1.0121824540920608e-01        -2.7035038335348727e-01
32                                     6.5920688589171217e-02        -9.4409001738923609e-02        -8.3084056652668520e-02        -2.9090493126330969e-01         1.1644450702721983e-01        -1.1663571080948106e-01        -1.0211773677834989e-01        -4.1719706514859922e-01
33                                    -2.8211823176426565e-01         5.5231513367416031e-02         1.4644009643720654e-01        -1.4841490119247533e-01        -1.6150908756134788e-01        -3.1646208718114149e-01         6.0532137516546784e-02         7.6446356482964564e-02
34                                     1.3913006126525027e-01         1.0350584330305399e-02        -4.0920130142713659e-02        -1.3846548376945378e-02         8.2542200819914535e-02        -1.0921088339650038e-01        -2.1767475553866530e-02         9.5758041052838624e-02
35                                    -4.3274921039495554e-02        -3.5705646397844001e-02         4.2135234026192077e-02         1.1360202649581994e-02        -6.2404871572428251e-02         1.6666568553927263e-01        -4.5822332279996880e-02        -8.3657365062323338e-02
36                                     2.3640116401064137e-01        -2.2082856383965380e-01         1.2075922414147211e-01         1.0524659510511356e-01        -2.9510256757026720e-01        -1.6119590036080611e-01         1.6491836988248143e-01        -8.0523745197151372e-02
37                                    -1.6956844306633547e-02         2.1528084411319575e-02        -4.4271334353251680e-02         3.9640397211073104e-02         2.4507506934609277e-02        -1.8026201595241407e-02         8.2940384915048529e-02        -4.4434335368455105e-02
38                                     1.1637056913983183e-01         3.3598122664878428e-04         4.9728830692083753e-02        -1.2645042667983800e-01         5.0303115189651429e-02        -6.7680933423019162e-03        -1.8027666234545162e-01         1.5494592278811087e-01
39                                    -1.0935484543109398e-02        -1.2700981133178479e-01         1.0945143957344922e-01         1.8117236579596591e-02         1.0719541146829333e-02         4.0989134032084673e-01         2.8396871489705916e-01        -5.1729468022312319e-02
40                                     2.4332180862075749e-02        -5.0455170707705443e-02         4.2253684203481384e-02         3.1457573368859952e-02         4.1610421770967493e-02        -2.7586541461023285e-02        -1.0668865049474154e-01         3.0671478422996733e-02
41                                    -2.6829834050347812e-01         1.6665901217449516e-01        -5.4419009673817020e-02        -4.7902031589005856e-02        -1.0560387835651186e-01         3.2578567302606741e-02         1.1195791947989212e-01        -1.2058395381827476e-01
42                                     4.5344959300533068e-02         3.2245842135933796e-02         1.2028915969587685e-01        -3.5693624513661432e-01         3.2189172138166700e-01        -1.2157074256376686e-01         1.1036428439980579e-02         2.4137606306325501e-01
43                                    -2.7607318588991508e-01         4.2659752684746158e-02         3.4496198348872943e-02         2.8136708343006384e-02        -1.8100892158605480e-02         1.3262463218725618e-01         2.6265495418060950e-02        -1.2180337570151485e-01
44                                     1.9852035390486739e-01        -1.1832480261783559e-02        -8.6995322793943244e-02        -5.6146893716304009e-03        -4.5801237484629165e-02        -9.8362950768552629e-02         2.6885822507014174e-02         7.0955962081367840e-02
                                                        24                          25                          26                          27                          28                          29                          30                          31

0                                      2.5100230796531826e-03         2.0547879363122509e-02         5.6633693122794589e-03        -4.7188849720677017e-04        -7.9083269778931833e-03         7.9456073750844083e-03         1.1950838470672225e-01         2.5515981262001974e-03
1                                      5.8855286808494438e-02         4.7171499188377118e-02         3.0161823933197843e-02         3.5156156288835033e-02        -4.4609369311245078e-03         1.7410434614434721e-02        -3.8583486741045607e-02         4.3978412562828282e-04
2                                      5.9950284391243239e-02        -2.1663246974651745e-02        -8.0848974148455179e-03         4.0600982779081883e-02         7.4333809110672050e-03        -2.8724234005929064e-02         3.9432556917624248e-02        -2.6689163776566830e-04
3                                     -5.3871124007304396e-03        -9.0231881892103368e-04        -3.9600164814581305e-02         1.7329272277872256e-02         4.2611270782495207e-02         4.2579451436549891e-02         6.8898670785999679e-04         4.5874093740742347e-02
4                                      2.0962071236233403e-02         1.2467221760351914e-02        -1.3105312355211240e-02         1.5705206888597138e-03         4.8054406783310175e-02         2.2738607325500919e-02         3.0145057871447897e-03         2.9430299174193902e-03
5                                      1.1718604715335453e-02        -1.3003922087948939e-02         1.7265959203072383e-02        -3.1938507153354955e-03         3.1934517933383602e-02         2.4187184442835512e-03        -1.1369301446886851e-03         1.7421212204177439e-03
6                                      2.1039341863952107e-02        -1.9735992744966627e-02         8.5319770079661822e-02        -3.7056558470550185e-02        -9.5902121004238922e-02        -5.9911925042567669e-02        -2.5314671723391138e-03        -1.9073849794482116e-02
7                                     -1.5972592579918458e-02        -1.2260821625022530e-02         5.6510184307828080e-02         3.4602746039699528e-03         1.0954638800265089e-01         1.3581456687775313e-02         6.3137506147831696e-03        -2.2369516653076987e-02
8                                     -1.3309610146071625e-02         2.2649428327711128e-02        -2.6613495624124871e-02         1.6910231696520422e-02         1.0344785286329754e-01         3.1299024921256170e-02         3.9969482772021928e-03        -5.4538404259525525e-03
9                                     -6.2554086605196386e-03        -4.3166639565845898e-02        -2.6877442253947153e-02         2.4760068370862556e-02         4.1844317139242818e-02        -1.3499021252479876e-01        -4.1888323906256388e-02         1.4252461713253770e-02
10                                    -7.9747170310928123e-02        -4.0506133503822740e-02        -1.0789823277690421e-02         1.9095792150604144e-02        -9.8550433898995995e-03         8.9875276479803104e-03         5.1244453094170519e-03         3.9892902600732142e-03
11                                    -7.8616038186065468e-02         3.3081706798473713e-02         7.3169702041256902e-03         5.3179894483987658e-04        -1.3151168032511066e-02         1.3350522703688528e-02        -2.6769957594575771e-04        -6.5434023267862806e-03
12                                     4.2772586198624916e-02        -8.8033736015327865e-02        -5.7995684588332201e-02         1.9208651472253941e-02        -4.1408803040327326e-02         8.5415489461546049e-02         1.0439722840901548e-02        -1.6345940245478155e-02
13                                     1.1100871789965635e-02         1.8613968417109644e-02        -3.4603237864405174e-02        -4.2986725769490135e-02        -2.2623284090619832e-03        -1.8247380623844879e-02        -4.4244911228317101e-03        -3.9870960339132573e-02
14                                     1.6905124176251160e-02        -1.5309271600001766e-02         2.9011412185855234e-02        -3.7979867228198252e-02        -2.1350153016318706e-03        -3.5968755998657428e-03         2.2215018708773441e-03         5.9798494883089609e-02
15                                    -1.4805412803982671e-02        -6.4748238514747321e-03         1.0946962277701051e-02         8.9675915147767928e-03         4.4561897755026190e-02         1.1210034639755142e-02         1.8802240343123973e-03        -4.7809197630201113e-03
16                                     7.5854356471091160e-03        -5.0753555286566152e-03        -2.0350723091347420e-02        -5.6850482576521772e-03        -9.6888634303708920e-02        -1.7629573955388292e-02        -4.4136076304209680e-03         1.4562900806050367e-02
17                                     7.8554966929957563e-03         4.8574379828545183e-03        -2.0141612957479717e-02        -6.5218828897346129e-03        -7.7287996116613036e-02        -1.6539265334966618e-02        -3.6141904359088834e-03         1.0727128813031891e-02
18                                    -1.3699546859716027e-01        -1.3442334771932257e-01        -5.2069044181954773e-02        -9.2290822442054957e-02         1.6448348975078984e-02         5.4818911096698578e-02        -4.7480556480251640e-01        -1.9218639001614152e-02
19                                     4.2817866403784995e-02         3.9892293843607304e-02         2.5208210677755399e-02         3.1063357225835447e-02        -5.5319342723784831e-03         1.7930877787487136e-02        -4.4457037325536276e-02         2.9189821993456531e-04
20                                    -1.7593874097541054e-01         9.2627308068782754e-04        -6.1123314234016917e-03        -1.0502396818314491e-01        -3.6108164369881679e-02         1.2151719379481411e-01        -1.5106147555717445e-01         8.7272570854896488e-03
21                                    -6.0159350658482012e-02         1.2425022755246753e-01         7.0790074163101763e-02        -4.9905500857892499e-02        -3.1027385047165026e-02         1.3427232316444906e-01        -2.8087584280682676e-01        -2.2377351400801257e-02
22                                    -1.1707648352529483e-01        -1.0012882559209441e-01        -6.5792604779894390e-02        -2.9215560736693034e-02         4.4723163040717137e-04        -7.0125359878446203e-02         2.3885740423219470e-01         1.4034371451724151e-02
23                                    -1.1706751960550485e-01         4.0632102922243007e-02         2.6374465829206002e-02        -5.8534040344013737e-02        -2.1515846120231500e-02         8.8723586622056150e-02        -3.1742484493950474e-01        -2.5355203850124394e-02
24                                     1.9825851609051001e-01        -2.8688335525185141e-02         2.2602977894104682e-02         1.1504154734986821e-01        -1.0329429912052468e-03         3.8996675594111484e-02        -4.4889134092246635e-01        -2.5493453794785372e-02
25                                    -1.4205617146772534e-01        -9.4919947258490525e-02        -6.4165192176863423e-02        -5.3326324641895337e-02         2.9480829332906293e-02        -1.2313834909191224e-01         2.2186294695240580e-01        -6.7222916781596830e-03
26                                     9.1842199795459420e-02         4.1967019507431196e-02         2.6485492580507374e-02         5.2547713431529898e-02        -8.7214652995551770e-03         2.3848290978395394e-02         2.7635907222105877e-02         6.9183284804782965e-03
27                                     4.1557588676433901e-02         5.7988147656118083e-01        -6.3688791622668406e-01        -1.9174862694648555e-02        -1.0842171456843434e-01        -1.0212021966570854e-01        -2.6954764130057578e-02        -7.6584143370903537e-02
28                                     1.8797015411285828e-03         2.8933908600058005e-03        -4.6669339269284502e-02         1.5371421433216133e-03        -4.4697582410151274e-02         3.2017425183799193e-03        -3.3278905478446191e-04        -8.7181831294690024e-03
29                                    -2.4758477591574631e-02        -5.9105137853407104e-02         7.8551558158963721e-03        -5.7757007600545731e-05        -1.0133522661243398e-01        -1.7682781477415296e-02        -3.2384142797797573e-03        -8.2213827786418898e-03
30                                    -9.0514045043014232e-02         3.6147413722845856e-02        -6.5713966877786370e-02         6.4247017936150480e-02         2.2990688545877530e-01         7.3987104769859688e-02         1.0323333083401930e-02        -1.1184772812413301e-02
31                                     6.5583274717562548e-02        -5.8630890633160022e-02         1.8990520612043335e-01        -7.7040945566052052e-02        -1.3518276794677384e-01        -9.7758303677010439e-02        -3.6013945559601971e-03        -3.9501727632322736e-02
32                                     7.7501953149333017e-02        -1.8754881826068364e-02         9.0164961509785799e-02        -6.5039704885210145e-02        -1.5178873322672889e-01        -7.0875817922986126e-02        -4.2733714712414978e-03        -6.6449240344109558e-03
33                                    -1.9440169465554322e-01         5.2949226194911783e-02         2.2787932293603839e-02        -6.4888256983001624e-01        -6.5838397251044276e-02         4.0732723327261550e-01         9.8120009790032769e-02        -2.3398618772027997e-02
34                                     1.7379578192256517e-01         1.5126516922731514e-02         6.1850695321346710e-03        -1.6022604444093973e-02         1.9255264917542585e-02        -1.9927370917115148e-02         1.1640195928373825e-02        -8.6454993090382390e-02
35                                    -1.4361997018758135e-01        -1.9022037455337295e-03        -5.1750238121237094e-03         1.1315215581282483e-01        -8.8782313112688010e-03        -5.4623526879941479e-02        -2.5956600240820187e-02         3.4642328517933085e-02
36                                     1.2319666845780493e-01         3.5920742612031070e-01         3.2870166843325865e-01         4.0941304702195369e-01        -1.7449087797713281e-01         4.1651815428366185e-01         9.5745200736745251e-02        -6.1731796611776291e-03
37                                    -6.6652197739861349e-02        -4.2552332546372799e-02        -1.6768641440907013e-02         1.1572685708405349e-02        -6.2963077221050642e-03         1.1100025849282770e-04         4.8305268047047854e-03         6.2377298940574383e-03
38                                     1.8182143518725927e-01         1.0013674444391449e-02        -2.4739242274341600e-02        -9.3608713608868632e-02         3.8524307840532741e-02        -5.5071885453890947e-02        -3.1850529048139960e-02         9.1191100467252512e-02
39                                     2.5755734105858502e-01         3.7787594456186252e-01         2.9647654333194412e-01        -3.7397930009706393e-01         2.4640515943667007e-01        -2.5162509447679454e-01        -1.0861826555348023e-02        -6.9282140999763042e-02
40                                    -3.3272159495757029e-03         3.3853956207399037e-03        -4.5316510021749856e-02        -2.1794080469952747e-02        -1.0330081983449268e-02        -6.2776966685325611e-03        -4.7579600565224728e-03        -7.2173829391830799e-02
41                                    -8.8687596409597100e-02        -8.8131949066646884e-02         1.0518407295652640e-02         1.5507604238771980e-01        -1.0045321665208211e-02         2.9344990772909731e-02         2.3799908087397438e-02        -6.4966905830269905e-01
42                                    -5.5504998712648834e-01         2.9998707078153608e-01         2.3861904205633255e-01         1.6996745206570657e-01        -9.5196540995761317e-02        -2.4753391263112937e-01        -1.8979494851861654e-02         4.7933819630730694e-03
43                                    -1.8147265605603216e-02         1.1810846384669484e-02         4.7130988104173883e-03         4.9281504712913024e-02         1.0296003422181859e-02         4.5902734259857837e-02        -1.3733628691571714e-02         6.1565799199597659e-01
44                                     1.1416107872689304e-01        -7.1313335448987908e-02        -3.0841699386629409e-02        -9.6005282782088669e-02         6.9847562948532928e-03         2.1609245014304473e-02         1.2508502064933943e-02        -2.0901221119497379e-01
                                                        32                          33                          34                          35                          36                          37                          38                          39

0                                      9.7277904178095145e-03         1.7018414641040464e-03         6.9055428636568836e-03         1.8035201449194044e-02         4.4175001935698924e-04        -1.1374645598410895e-02        -3.7314600366166607e-02        -1.4585619669257844e-03
1                                      1.7319665884040176e-02        -1.1148880686088091e-02         3.8739037127597395e-02         1.1676515096998860e-02        -9.0411650817040256e-06         1.0347539118672699e-02         1.7000803516533738e-02         5.2902353777954519e-03
2                                     -1.8300259319460402e-02        -2.2721236601211330e-02         1.5587672892336542e-02        -3.0710540420533599e-02        -6.6316858683304538e-04        -1.3122033529839114e-02        -1.9453988549706324e-02         2.5820776218108063e-03
3                                      4.2406409361015994e-02        -1.4959285893236682e-01        -7.1604103542461023e-02         4.6848350837333810e-02        -9.1966627937052625e-04         2.4620349675175563e-04        -1.6233342392265573e-04         9.5695543550352083e-04
4                                      9.8932064187856415e-03        -3.2279486228142654e-02        -1.7287466293169886e-02         1.1165551039671083e-02         2.1010824475593915e-04         1.2431692957748236e-03        -4.4903811693856969e-04        -2.1957679685023269e-03
5                                     -4.8382046677306655e-03         1.5836128492873264e-02         6.1633106311793622e-03        -5.3974684622152434e-03         4.8276561716538771e-04        -6.2122723510238832e-04         2.9803346010887148e-04         2.6235208759292968e-03
6                                     -2.0033569294258053e-02         6.9908434680189327e-02         3.3931394035524323e-02        -2.0898063999574844e-02         5.2021436619578026e-04        -2.4086867224867875e-04         9.5517588279328653e-05        -2.4397408349586267e-04
7                                     -2.4782151496483888e-02         8.9037672265022322e-02         4.0960103812325795e-02        -2.7132742921238823e-02        -1.0133166065395458e-03         9.8059176799099901e-05        -1.0732536233375669e-04        -9.2218856273439297e-05
8                                     -6.6459968567483480e-03         2.4055710358984624e-02         9.9916554685326956e-03        -7.1655416007459010e-03        -5.6860506533916542e-04        -1.7307135274969065e-05        -3.1483527458629938e-06        -1.1437657184560017e-04
9                                      2.3524621281888935e-02         4.0219629087998266e-03         2.6554478300079101e-03         1.1890045845793149e-02         7.9246648138991483e-04         7.0563797194755249e-03        -1.3817027118776756e-03        -3.7359799663051769e-03
10                                    -2.7720588702454942e-02        -4.5019834544154941e-03         2.5145574825460294e-02         3.0782967492116509e-02        -4.3565128818684436e-03        -3.5862563078927406e-02         1.4776665703248535e-02        -2.6519753349635231e-02
11                                     4.0607562755438580e-02        -4.3084237627228810e-03        -9.9376647539901951e-04        -5.6460325282956220e-02         1.1145243681286776e-02         4.8757255216246256e-02        -1.7921422276835682e-02        -2.1760163353140939e-02
12                                    -1.5362267996482477e-02         5.7348261515561376e-02         2.6248606854686760e-02        -2.8261166267521471e-02        -7.7235539588263848e-03         1.9893863605256260e-03        -8.1626646886677945e-04         5.9159316819813708e-03
13                                    -6.2408225727153700e-03        -4.7016082545851007e-03        -2.0074487236560038e-03         6.4081428115402867e-03         1.7459412295560899e-02        -4.2857486760749241e-05        -3.4172383959901876e-03         7.4120642088303684e-02
14                                     5.5893437925228495e-03         1.6896142768812121e-02         4.2810345995569748e-03        -9.8399153697651034e-03        -6.3498374857079903e-02         1.1389231358571936e-02        -6.1599774690414459e-03         2.7618809859705731e-02
15                                    -3.1531259127728479e-03         9.9216081023637132e-03         4.5109516009709891e-03        -2.5731052816757144e-03         9.6914651755850955e-04        -1.1953584206195508e-04         6.9622894275601777e-05         1.1754504223465723e-04
16                                     1.4998960353136595e-02        -5.3556222834213844e-02        -2.4117913795601215e-02         1.6105800070892125e-02         6.9019110746997069e-04        -4.0405976169992601e-05         6.0850908205875212e-05        -6.6784418420438315e-05
17                                     1.0399623271758019e-02        -3.6100167721333454e-02        -1.6116442694104522e-02         1.0650135032813238e-02         5.2818761034245837e-05        -1.0944328197706289e-07         2.8310871294658853e-05        -8.4767026830345695e-05
18                                     2.7882596762645043e-02        -1.9547626458771147e-01         3.9711548685209885e-01        -8.2672993875872722e-02         1.5798069665548366e-03         1.0771271354943672e-03         3.8835350742770557e-04         1.5428111982112634e-03
19                                     2.2269294866896602e-02        -1.8653252383428863e-04         2.8002064394655107e-02         2.0929733352496829e-02         2.4456894136360178e-03        -2.4364796487411342e-01        -5.4878624188764225e-01        -6.9298314708891265e-02
20                                     3.6206189080650103e-01         2.8952998401360786e-01        -4.7359533129735842e-02         4.6456705742259546e-01        -4.8282095181467462e-04         3.5835372255181692e-03         1.2666282225875451e-02         2.9678791820439299e-03
21                                    -1.4524661395244226e-01        -5.0015256371376757e-02        -9.5927561509699902e-02        -1.5093385410600682e-01        -5.8619799425198354e-03         9.0886160768954782e-02         3.5888514183087494e-01         2.1375406097446571e-02
22                                     5.3346047070794510e-02         3.0971083900743424e-01        -4.7035349961917428e-01         2.0758635911979964e-01        -3.8603001879758242e-03         3.7387842017231269e-02         1.5399284757593756e-01         9.1681205552041414e-03
23                                    -1.7970188119314118e-01         8.8614994953555612e-02        -3.8370513609344825e-01        -1.2981567907188946e-01         7.1623012886124155e-03        -7.0218266117588163e-02        -2.8720938298665194e-01        -1.5724922800759988e-02
24                                    -9.7631391921072522e-02         1.7427177869928018e-01        -4.2068215153103655e-01        -1.1790106817508717e-02         3.0407692515831901e-03         3.4749521578314353e-02         7.7387150165807453e-02        -4.0475896847607584e-03
25                                    -3.6505009360724366e-01        -1.4331040417587618e-01        -2.0481175786027603e-01        -3.9605554496688444e-01         1.0328625188486963e-03         8.6220056785797264e-02         1.9370110321943779e-01        -6.6601339430856898e-03
26                                     1.4624736990593895e-01         7.8084069728064391e-03         1.6547442006162555e-01         1.3468622197349156e-01         3.2602126530387491e-03         2.1946696323548148e-01         5.0596457157370334e-01        -2.1037022842529691e-02
27                                    -8.3779468927969281e-02         2.6663832392180259e-01         1.2730954906376432e-01        -8.2968815286096190e-02        -5.9036405470338409e-04        -1.8495508377000148e-03         1.2815537281430675e-03        -6.4144874847925338e-04
28                                     5.9664796771839021e-03        -2.4401491649123554e-02        -1.0020611661643966e-02         9.3400208871224077e-03         4.1276486937136241e-03        -1.6444339625800004e-02         5.0291166629318268e-03         3.6025953354684906e-02
29                                    -2.7814135831917409e-03        -1.2893602818481182e-03         3.1694229403672054e-03         4.8798353230544505e-04        -3.9350532386504423e-03         1.1009455938255551e-02        -3.7613298486423303e-03        -1.9043270237757291e-02
30                                    -1.7502815899289949e-02         6.3732099170297721e-02         2.8455998198922271e-02        -1.9387114931341792e-02        -1.2521655159077065e-02         1.3224186042418674e-03        -1.4576470984017005e-03        -2.9404334429286852e-03
31                                    -3.8753770050807587e-02         1.3648865223509646e-01         6.5113471023523314e-02        -4.1805034026279470e-02        -8.7052042709052230e-03         1.0706830081309759e-03        -1.0074585259137387e-03        -1.7811898654563670e-03
32                                    -6.0033983893554212e-03         2.1798881759030640e-02         1.1727736692361232e-02        -6.0975189808686308e-03        -6.0969671114212134e-03         6.1941791214051040e-04        -8.3388607984378853e-04         1.3705469492743502e-04
33                                    -4.7916723818369276e-02        -3.0323614274064631e-02         2.3920387989144847e-02        -4.0694758038863042e-02        -2.0723037602339119e-02        -8.2142881755821989e-02         2.8761945003676889e-02         4.3771576655822535e-02
34                                     4.9182941385986800e-01         3.8324205097132261e-02        -1.1163057004548634e-01        -3.9092851669138184e-01        -5.1345054297038742e-02        -2.2029351764054375e-01         8.2400054683472335e-02         1.0137612875631884e-01
35                                    -1.5447603202941909e-01        -1.7526760880434610e-02         5.0625572366812026e-02         1.1514033958117519e-01        -1.3228717435912157e-01        -5.5872637354175902e-01         2.0545388664634223e-01         2.8097937054445959e-01
36                                    -1.0941533578601564e-01        -1.8264636369868233e-03        -2.4235481131655537e-02         1.2698662026489614e-02         1.2001476719297804e-03         6.3297542585480796e-03        -3.5954136913592767e-03        -2.0970220173076514e-03
37                                    -3.9918135478908053e-02        -3.7290813870722262e-03         2.9864440695362367e-02         4.4036100457978143e-02         1.0030493471144601e-01         6.4521612198601619e-01        -2.5980333236112568e-01         2.1902356784048527e-01
38                                    -5.0808254174695799e-01        -2.8574018956236447e-02         7.5590578392368726e-02         4.1570151448920650e-01        -1.2008212070264560e-03        -1.7423705333559303e-02         6.5043365681895079e-03        -1.3824415491985783e-02
39                                     3.7210032274503799e-02        -1.5625808632074331e-01        -9.7248960805676313e-02         8.0272153242374841e-02        -1.3650892129351186e-02         7.7818745756688928e-04        -1.4385062032627783e-03        -1.3983735107614617e-02
40                                    -7.8274327674684539e-03        -1.0908943223380839e-02        -4.2031875095411203e-04         9.6410004516007345e-03        -4.9933758091647557e-01         5.4082998430318982e-02         1.3297578898306414e-02        -7.5269279600623396e-01
41                                    -1.2475376821568917e-02        -1.2203302245179863e-01        -2.9274716987278522e-02         1.0981956825739357e-01         2.0450780774841856e-02        -6.3683298303009932e-04        -1.9405754829540491e-03         5.9331543154158187e-02
42                                     6.6855976740581345e-03        -3.0271059976657300e-02         1.1895037507700830e-02         7.2733942276147143e-03         1.1422946095399009e-01        -2.1566858979774811e-02         1.0297443733626411e-02        -6.1936741956259818e-02
43                                     1.5783788226574936e-02         1.1425976314049370e-01         3.7673295737584184e-02        -1.1040662089791230e-01         2.9793088993088901e-01        -5.4392798649774546e-02         2.8908668683591422e-02        -1.3707184997127739e-01
44                                    -5.4170475796244425e-03        -1.9936856359873009e-02        -7.8527566535669096e-03         3.2116956196502761e-02         7.4503901308718734e-01        -1.4039197234495646e-01         7.7946512229092726e-02        -4.0291586112320127e-01
                                                        40                          41                          42                          43                          44

0                                      2.6235261486345740e-03         1.0337521638660063e-02         4.5131873422620983e-02         4.6885594111049792e-03        -3.2069433529333886e-05
1                                      2.3100071142897517e-02         7.1522286179518252e-02         3.3318854423080045e-02         4.5519507774718672e-03         7.8957994293686671e-06
2                                      1.5374032226821419e-02         4.1974215785530768e-02        -6.7196270037742423e-02        -6.0824484827784724e-03        -7.8325309464818171e-05
3                                     -4.5598587480989049e-04         1.2077630599200778e-04         4.2840752149800966e-04        -4.6621613139779354e-03         9.0259077057775836e-03
4                                      2.6285854170752317e-03        -2.0005162443584843e-03        -7.0685463373181901e-03         6.7757710503466587e-02         2.4460804916577312e-03
5                                     -1.8901687243549393e-03         1.1339857018260154e-03         4.4833919566833122e-03        -4.2766618278291528e-02        -5.3869346515672302e-03
6                                      2.9888193847105914e-04        -1.5465708758965094e-04        -8.7849724499602691e-05         9.7478462623219113e-04        -6.0613641093199146e-02
7                                      1.2960224843472538e-05        -2.9401853589461204e-05         1.7409017047164372e-05         2.0087325944662685e-04        -5.3597183987822795e-02
8                                      2.7920574779794226e-05        -5.5025396052442492e-05         1.3183513532255315e-05         2.2161196213189963e-04        -2.0425589130255051e-02
9                                     -6.9228263724608772e-03         2.5565595142644035e-03        -5.6361924632939667e-04         2.1747077874471625e-05         3.0759869109067078e-05
10                                    -6.3761650818909207e-02         2.4060438299845735e-02         1.5802420741758819e-03         2.9235041906778975e-03        -2.7127751949786291e-04
11                                    -4.2800238382858950e-02         1.5815058525503287e-02        -5.9403099814400616e-03        -6.1641472672590788e-04        -6.4942528171295304e-05
12                                    -2.8250058265032823e-03         4.1935978584800029e-04        -5.7509926962642907e-04         2.1873954114929530e-03        -2.4814020029362863e-04
13                                    -3.1395385785943246e-02         5.0073557541450838e-03        -6.1107745526570840e-04         4.9143375066677706e-03         2.3817492928102205e-04
14                                    -1.4505468068846079e-02         2.3351514300348486e-03        -1.8101525236790817e-04         1.8228639467615575e-03        -2.0018067863146046e-03
15                                     8.7243045199841352e-05        -3.9717127884830139e-05        -6.9084134207815574e-05         6.5595378019804053e-04        -3.3605690654355609e-03
16                                     1.2806113591759549e-04        -5.0779616298407018e-05        -9.7411735453659513e-05         5.7315625718650919e-04         7.4705818010913983e-04
17                                     5.7640579189298251e-05         3.5773466792187332e-06        -5.7300929931087582e-05         2.8340621829065155e-04         1.0324792765100811e-03
18                                    -3.5710292823445565e-04         1.0016722684863621e-02         1.1999135997673332e-02         2.5008781567258565e-03        -3.9588481850551036e-06
19                                    -2.1081852677996246e-01        -6.5081487028361384e-01        -2.9037978129311970e-01        -4.1662397413765227e-02        -3.2731260028195863e-05
20                                     9.4064740539647907e-03         2.8651310153686126e-02        -5.9719338496788694e-03         2.0221508239607613e-04        -3.7443687457108391e-05
21                                    -2.6278926870237848e-03        -4.0097372046946626e-02        -6.1373968728515516e-01        -6.4519591444594321e-02         6.5724172698589458e-04
22                                     5.8058162710793006e-03        -2.3869912254677094e-03        -2.4938048698233847e-01        -2.5586645353647089e-02         1.6120158328060375e-04
23                                     6.6355442491319592e-03         4.1567673150548289e-02         4.6914119653312741e-01         4.8643381562080916e-02        -1.4446917813323572e-04
24                                    -2.9636386012933884e-02        -9.2773589210167803e-02         6.6496217875640112e-02         5.6225891826818062e-03         3.4865704203770670e-04
25                                    -7.1883925849764357e-02        -2.0195851435022821e-01         1.4047106677206653e-01         1.1168665440932032e-02         3.8778860876014545e-04
26                                    -1.9997649806728793e-01        -5.7203261159539009e-01         3.4101188396811255e-01         2.5751993666245580e-02         1.1547840867595980e-03
27                                     3.5034741863695953e-05        -1.9703618013651247e-04        -2.7319547328884626e-03         3.1726377076832180e-02         7.5377664257074417e-04
28                                    -3.2509514583013523e-02         2.2358721679436217e-02         8.4262584980441896e-02        -8.0422299691210042e-01        -1.3656957363152642e-02
29                                     1.7516791688913947e-02        -1.3054249073431199e-02        -5.2508850769000109e-02         5.0160694866357558e-01         1.9184617010655072e-02
30                                    -1.4504674943201709e-03         1.5189248688087004e-03         1.6990567960338829e-03        -1.6823446080655953e-02         6.6959786719303749e-01
31                                    -1.5821063792385375e-03         1.4947446306365533e-03         1.6978853317089881e-03        -1.7259047195506697e-02         6.1502085692546593e-01
32                                    -1.6759640025292427e-03         9.2283691371802031e-04         7.6300208473544624e-04        -7.9494526589408473e-03         2.8291060517047806e-01
33                                     7.7519336566202524e-02        -3.1055632175444239e-02         1.0240872341033538e-02        -7.8402618838909583e-04        -1.5260371082709048e-04
34                                     1.9414794738321875e-01        -7.0855471006557175e-02         2.2061510446122746e-02         2.0372752765444439e-03         5.6575874014630273e-04
35                                     5.4432147317815249e-01        -1.9674059486119877e-01         6.0827974275597871e-02         3.8455943013734877e-03         2.2775886131729535e-03
36                                     5.3961054502456749e-03         1.1340070798085899e-03         8.1815048291713826e-04        -3.1146702614922280e-03        -4.6733804182511335e-05
37                                     5.7182959740681427e-01        -2.1154960748175100e-01        -3.6588786152815994e-02        -3.6973747204098205e-02         1.5614537512186795e-03
38                                    -3.3778424444793204e-02         1.1552859737551041e-02         1.6549815609051938e-03         2.3091668433539293e-03        -5.7761315465262160e-05
39                                     7.8825397316750565e-03        -3.5566472226955092e-03        -1.2282229106211379e-03        -7.7579055498650017e-04        -3.9634339513193727e-04
40                                     2.9937701958907587e-01        -4.8449335046289878e-02         2.6314610514529550e-03        -4.7998385783000454e-02        -1.0198986776625707e-02
41                                    -2.4516307021671842e-02         5.0191141044540260e-03        -1.6723879149750759e-04         3.4231674445299749e-03         1.3333827284420759e-03
42                                     2.8617020995345133e-02        -2.5939043048335631e-03        -7.2315806910863538e-04        -2.4968245085901022e-03         2.5613615984807354e-04
43                                     7.0732658561740880e-02        -1.1443522480714265e-02         2.2248474297688844e-03        -6.0049767582460558e-03         4.1345513395666510e-03
44                                     2.0298616633156996e-01        -3.5222751008256205e-02         6.2073445232134049e-03        -1.7277973315561981e-02         1.0124806201363981e-02
$End
$Geometry
   &GeometryIndex 3
   &NAtoms [&Type "Integer"] 15
   &NCorelessECP [&Type "Integer"] 0
   &NGhostAtoms [&Type "Integer"] 0
   &CartesianCoordinates [&Type "Coordinates", &Dim(15,4), &Units "Bohr"] 
              C     -4.318663673031    0.407958449189   -0.011484672049
              C      2.926981657080   -0.510189316650    0.330031432095
              C      5.253118729115    0.509936085738   -0.500021974007
              C     -1.797925884770   -0.534713823331    1.007235323493
              C      0.419470092961    0.396732497434   -0.582962276146
              O      5.397581233297   -1.611780824570   -1.703782315344
              H     -4.384109031493    2.467939464650   -0.015914059685
              H     -5.891250995086   -0.273785039250    1.127407620331
              H     -4.609280508795   -0.233132922374   -1.948506020349
              H      2.963137973436   -2.161073448844    1.547183676198
              H      6.723342071288    1.842295971284   -0.029748746970
              H     -1.551751045952    0.093343981984    2.958075827555
              H     -1.781083332675   -2.598809699984    1.042345889875
              H      0.454210310870    2.462605247181   -0.684061817867
              H      0.196222403755   -0.257326622458   -2.535797887129
$End
$SCF_Energy
   &GeometryIndex 3
   &Method [&Type "String"] "SCF"
   &totalEnergy [&Type "ArrayOfDoubles", &Dim (1,1)] "Total energy of each state"
                                                         0

0                                     -2.7101215484123134e+02
   &Mult [&Type "ArrayOfIntegers", &Dim (1,1)] "Multiplicity of each state"
                                                         0

0                                                        2
$End
$DFT_Energy
   &GeometryIndex 3
   &nAlphaEl [&Type "Integer"] 24
   &nBetaEl [&Type "Integer"] 23
   &nTotalEl [&Type "Integer"] 47
   &finalEn [&Type "Double"]      -2.7101215484123134e+02  "No Van der Waals correction"
   &eExchange [&Type "Double"]       0.0000000000000000e+00
   &eCorr [&Type "Double"]       0.0000000000000000e+00
   &eXC [&Type "Double"]      -1.8790405574638825e+01
   &eCNL [&Type "Double"]       0.0000000000000000e+00
$End
$SCF_Timings
   &GeometryIndex 3
   &TOTAL [&Type "Double"]       3.7059936000000000e+01
   &PREP [&Type "Double"]       2.6724959999999998e+00
   &FOCK [&Type "Double"]       3.4047711999999997e+01
   &DENS [&Type "Double"]       1.5262699999999541e-01
   &ETOT [&Type "Double"]       6.7276000000004110e-02
   &POP [&Type "Double"]       1.6109999999969205e-03
   &TRAFO [&Type "Double"]       1.1141899999999350e-01
   &DIIS [&Type "Double"]       4.3551100000000176e-01
   &SOSCF [&Type "Double"]       3.7597000000000147e-01
   &XC [&Type "Double"]       1.3150574999999996e+01
   &FOCKSTART [&Type "Double"]       2.2917000000003185e-02
   &INT_PREP [&Type "Double"]       2.9999999977547986e-06
   &INT_BF [&Type "Double"]       1.1409349999998000e+00
   &INT_DENS [&Type "Double"]       5.3909810000001910e+00
   &INT_DENSIO [&Type "Double"]       9.9831117662000164e+04
   &INT_FUNC [&Type "Double"]       2.6601199999999192e-01
   &INT_POT [&Type "Double"]       5.7079100000000187e+00
   &INT_POTIO [&Type "Double"]       4.5775000000098487e-02
   &INT_SUM [&Type "Double"]       8.5799999999824905e-04
   &SPLITRIJ [&Type "Double"]       1.1334710000000041e+00
   &COSX [&Type "Double"]       2.1106311000000002e+01
$End
$Single_Point_Data
   &GeometryIndex 3
   &FinalEnergy [&Type "Double"]      -2.7101215484123134e+02  "Final single point energy"
   &Converged [&Type "Boolean"] true
$End
$SCF_Nuc_Gradient
   &GeometryIndex 3
   &NAtoms [&Type "Integer"] 15
   &gradNorm [&Type "Double"]       2.5900835335866085e-03
   &grad [&Type "ArrayOfDoubles", &Dim (45,1)] 
                                                         0

0                                     -1.7599108283183201e-04
1                                      1.2874072121855061e-04
2                                     -3.0269480555625630e-04
3                                     -1.3639897775453991e-05
4                                      4.1521494183373309e-04
5                                      1.6424722090916909e-03
6                                     -5.3090316134050790e-04
7                                      3.9862619673383670e-04
8                                      4.7090249419482096e-04
9                                      9.0851566687881816e-05
10                                    -2.4186043166958549e-05
11                                     3.7678329373528469e-04
12                                    -4.5065451669646511e-05
13                                    -4.3373545300696287e-05
14                                    -2.7886030655655675e-04
15                                     9.7584162817422604e-04
16                                    -3.4243317724946820e-04
17                                    -5.8596187340223538e-04
18                                     7.1583330427883035e-05
19                                    -1.4019496465830783e-04
20                                     4.7019958868536578e-05
21                                     1.7623477683376132e-04
22                                     1.7310286678923203e-06
23                                    -2.4221862832705943e-05
24                                     1.0169397278241704e-04
25                                     4.1089728299012473e-05
26                                     1.3925795844556277e-04
27                                    -2.2113302671605481e-05
28                                    -1.1864199979695622e-04
29                                    -7.6586019207532108e-04
30                                    -4.6045237457362220e-04
31                                    -4.3462337962668629e-04
32                                    -4.5084038976174814e-04
33                                    -3.0709492912939923e-06
34                                     1.6734504403166650e-04
35                                    -1.0115413414849006e-04
36                                    -1.1445865876014605e-04
37                                     5.7481476287701838e-06
38                                    -1.0122499899928219e-04
39                                     7.6228092550425456e-05
40                                     5.4802465486447627e-06
41                                    -8.9836248880894448e-05
42                                    -1.2673848167758274e-04
43                                    -6.0522957902372360e-05
44                                     2.4218885456728234e-05
   &Method [&Type "String"] "SCF"
   &Level [&Type "String"] "Relaxed density"
   &Mult [&Type "Integer"] 2
   &State [&Type "Integer"] 0
   &Irrep [&Type "Integer"] 0
$End
$THERMOCHEMISTRY_Energies
   &GeometryIndex 3
   &temperature [&Type "Double"]       2.9814999999999998e+02
   &pressure [&Type "Double"]       1.0000000000000000e+00
   &totalMass [&Type "Double"]       8.5125999999999976e+01
   &spinDegeneracy [&Type "Integer"] 2
   &elEnergy [&Type "Double"]      -2.7101215484123134e+02
   &transEnergy [&Type "Double"]       1.4162714244859817e-03
   &rotEnergy [&Type "Double"]       1.4162714244859817e-03
   &vibEnergy [&Type "Double"]       4.3540913925636396e-03
   &numOfFreqs [&Type "Integer"] 45
   &freqScalingFactor [&Type "Double"]       1.0000000000000000e+00
   &FREQ [&Type "ArrayOfDoubles", &Units "cm^-1", &Dim (45,1)] 
                                                         0

0                                      0.0000000000000000e+00
1                                      0.0000000000000000e+00
2                                      0.0000000000000000e+00
3                                      0.0000000000000000e+00
4                                      0.0000000000000000e+00
5                                      0.0000000000000000e+00
6                                     -9.9296064210163468e+02
7                                      5.7426398755040204e+01
8                                      9.4861521560847763e+01
9                                      1.7197504251163269e+02
10                                     2.4462268014330633e+02
11                                     3.4497056208356082e+02
12                                     3.7824662254887409e+02
13                                     4.0904513484103217e+02
14                                     5.3559142611839275e+02
15                                     7.3518825547552115e+02
16                                     8.5524691423929073e+02
17                                     9.1204381880373853e+02
18                                     9.1692205247313052e+02
19                                     9.9996243699211595e+02
20                                     1.0694494389619617e+03
21                                     1.1002217076231802e+03
22                                     1.1354299536234500e+03
23                                     1.1458145556971449e+03
24                                     1.2507714861456454e+03
25                                     1.2802951257197035e+03
26                                     1.3086872840106930e+03
27                                     1.3254172271873515e+03
28                                     1.3861637511097906e+03
29                                     1.3891866167137391e+03
30                                     1.4176814694001591e+03
31                                     1.4594357848697205e+03
32                                     1.4964111910728950e+03
33                                     1.5026391540586767e+03
34                                     1.5052867404639794e+03
35                                     1.5125513566452198e+03
36                                     3.0348198824262631e+03
37                                     3.0602996843936157e+03
38                                     3.0641267498658458e+03
39                                     3.0699548039174460e+03
40                                     3.1019673470883554e+03
41                                     3.1364965045469035e+03
42                                     3.1460522114972769e+03
43                                     3.1496342573617617e+03
44                                     3.2325246309037166e+03
   &zpe [&Type "Double"]       1.2743482358319638e-01
   &innerEnergyU [&Type "Double"]      -2.7087753338340661e+02
   &enthalpyH [&Type "Double"]      -2.7087658917436437e+02
   &qEl [&Type "Double"]       6.5445636319338377e-04
   &qRot [&Type "Double"]       1.2743391304026635e-02
   &qVib [&Type "Double"]       7.5547500593371253e-03
   &qTrans [&Type "Double"]       1.8643169063384660e-02
   &entropyS [&Type "Double"]       3.9595766789941804e-02
   &freeEnergyG [&Type "Double"]      -2.7091618494115431e+02
   &isLinear [&Type "Boolean"] false
$End
$Hessian
   &GeometryIndex 3
   &HESSIAN [&Type "ArrayOfDoubles", &Dim (45,45)] "The Hessian"
                                                         0                           1                           2                           3                           4                           5                           6                           7

0                                      5.1321531442455526e-01         2.9590917312324837e-02        -3.4930503406988167e-02        -2.4628594281857676e-03        -1.6855198501781439e-03         3.1180297241688057e-03        -1.1228390510249616e-03        -1.1724923029741354e-03
1                                      2.9590917312324837e-02         5.6599345206736285e-01         9.3827243036629284e-03        -1.3144681262495309e-03        -1.8917505812834998e-04         2.5231201817544988e-03        -1.4788058175300540e-03        -1.7022427419685305e-03
2                                     -3.4930503406988167e-02         9.3827243036629284e-03         5.6712214184410170e-01         2.8095216433582262e-03         1.6830240827709849e-03        -2.8036175793253013e-03         1.5739306885612675e-03         1.0240362342259644e-03
3                                     -2.4628594281857676e-03        -1.3144681262495309e-03         2.8095216433582262e-03         5.3152456034835560e-01         1.1761565111338369e-01         4.9703062612379528e-02        -3.3247733353892878e-01        -2.5856364885954752e-01
4                                     -1.6855198501781439e-03        -1.8917505812834998e-04         1.6830240827709849e-03         1.1761565111338369e-01         3.6588461683012757e-01        -2.6453318729057529e-01        -8.4565725315087562e-02         4.1771861213770869e-02
5                                      3.1180297241688057e-03         2.5231201817544988e-03        -2.8036175793253013e-03         4.9703062612379528e-02        -2.6453318729057529e-01         2.6533546496194033e-01         9.2444788745068465e-02         1.7147966831682770e-01
6                                     -1.1228390510249616e-03        -1.4788058175300540e-03         1.5739306885612675e-03        -3.3247733353892878e-01        -8.4565725315087562e-02         9.2444788745068465e-02         5.7946491364244568e-01         1.8799102635103049e-01
7                                     -1.1724923029741354e-03        -1.7022427419685305e-03         1.0240362342259644e-03        -2.5856364885954752e-01         4.1771861213770869e-02         1.7147966831682770e-01         1.8799102635103049e-01         4.2293373363954495e-01
8                                     -5.6181874324835084e-04        -4.1457592027353222e-04         4.2687200493683069e-04         1.7706576261525248e-02         8.0181365102808058e-02        -8.1083159831088492e-03        -7.6977399846994921e-02         1.5151045716017042e-01
9                                     -1.7451005566983779e-01         3.8435967985892550e-02        -4.3203814492349252e-02        -3.1059274478883826e-02        -6.5285773246134661e-03         1.5977505020771977e-02        -5.2353942336847044e-03        -3.5807528364450360e-03
10                                     3.7033572433253080e-02        -9.4514545663604926e-02         1.6073622978820316e-02         4.3447496449354264e-03         1.3022339355521391e-03        -1.0590191020447840e-02         4.4449240486136334e-03         5.6790099830796945e-03
11                                    -3.9815989914978825e-02         1.5313898373329238e-02        -9.7178357603481799e-02        -8.0181955020799320e-03        -4.7039111563276365e-03         7.9285688093699378e-03        -4.2900114462055047e-03        -3.7517689669546183e-03
12                                    -3.1811378266933019e-02        -9.9199800791821210e-03         1.7676391214233020e-02        -1.8041714454663718e-01         4.5476996162744504e-02        -5.6351525648114895e-02        -2.5863537771507100e-02         1.2028554762583396e-02
13                                     9.1762801317990840e-03         4.3015694613965007e-03        -7.8845439461374296e-03         4.0887405260920107e-02        -1.0605448275904929e-01         2.5244308989546237e-02        -6.2227580785369496e-03         1.8674621040633811e-02
14                                    -7.7314652735515493e-03        -4.0870028074556268e-03         7.1384805268863392e-03        -3.7149534938086690e-02        -1.1782179958273516e-03        -1.0257276086576275e-01         3.1222747626085672e-02         3.9478838269536472e-02
15                                     8.7569777969376998e-04         9.6791417393000273e-04        -2.7918518756171805e-04         7.1420306736272046e-02        -9.9351026834855138e-02        -6.1430857593134075e-02         8.9781967248722117e-03         2.3464546926608210e-01
16                                     6.1751609897024587e-04         6.9405005644471249e-04        -2.9470746507942827e-04         7.9573787955534464e-02        -6.3672629719385226e-02        -8.3330034723686719e-02         3.7073402559785404e-02        -3.2287425592054014e-01
17                                    -1.1096506711339555e-04        -8.0143144581838440e-05         9.5855405417303837e-05         1.8348628236088120e-02        -5.5006059864130125e-03        -3.9830584409731168e-02         1.3707876237815209e-02        -2.3619858469388921e-01
18                                    -4.6978282028302870e-02         3.9889513212461557e-03         5.5968918951795248e-04        -2.1589705869512975e-04        -3.2978845684894774e-05        -3.3884293438530492e-04        -8.7460102053141741e-06        -8.4971186723439228e-06
19                                     4.7714748866218605e-03        -3.1552574977929115e-01        -1.7204836866056700e-03         9.6547520145390947e-05         3.3684288464692555e-04         3.0328443216656557e-05         1.0577948978154244e-04         6.1436404354673659e-06
20                                     6.6441577861074252e-04        -2.0314549022858773e-03        -4.7822350749855733e-02         8.2155364617608637e-05        -2.0363615849969782e-06        -2.2650078285488934e-04         2.7789443553991362e-05         1.1101252163419593e-04
21                                    -2.0238347830181908e-01        -6.9750427981116608e-02         1.1553415422109375e-01        -7.1107535505774127e-04        -6.2997599537770741e-04         1.5667179773056553e-03        -8.1899857990975090e-04        -1.0390133956703145e-03
22                                    -7.0479553953290031e-02        -7.8772090993188493e-02         5.1882990401773202e-02         5.7467520847046059e-04         7.1552312166554724e-04        -2.3234687738414085e-04         1.9925397798360917e-04        -2.0703781472837025e-05
23                                     1.1657074503235934e-01         5.1792435135403256e-02        -1.3383796646252771e-01        -4.0421436548736690e-04         1.7905440639261888e-04         8.1042196790809262e-04        -4.0432736597207947e-04        -4.4033280629077968e-04
24                                    -5.1319836542287264e-02        -1.1421603978957527e-02        -3.1215882837088510e-02         9.9646143402845643e-05         5.5951372564345405e-04         1.3195598710750089e-04        -5.3955579739350175e-05        -3.0827051141646769e-04
25                                    -1.1797875864843092e-02        -7.5312074766043388e-02        -8.1066802003387145e-02        -1.5488504140167940e-04        -1.3224657762452192e-04         1.4844517518775838e-04        -2.9694172359649587e-05        -9.4360963204925255e-06
26                                    -3.2140702318261702e-02        -8.0629584843926433e-02        -2.8385608550253982e-01         1.0994316909489297e-04         3.6744638364984844e-04         3.1845279124312906e-04        -1.4474646159910254e-04        -2.9035396532304234e-04
27                                    -8.0896405582580344e-05        -1.6036683535863714e-04         1.1466874140818366e-04        -4.5140268157158173e-02         8.4371792467915242e-03        -1.0994669106445795e-02        -3.3933825179616852e-03        -1.0131350493528937e-02
28                                     1.0926833056082615e-04         1.6779485700563375e-04        -3.0264589306797530e-04         4.5448972086714126e-03        -2.1773255715317608e-01         1.5611471590719050e-01        -9.9476502236011052e-03        -2.5691504822585011e-02
29                                    -2.4533049329062643e-04        -4.0946110453231798e-04        -2.4808700705839567e-05        -3.2641979672170938e-02         1.5495937236266738e-01        -1.1992447379088661e-01        -2.8934658309866697e-03        -3.5886403904858775e-02
30                                    -1.7153784866554174e-04        -1.1240919202046458e-04         2.5526210835063404e-04         4.9714720405377028e-04         1.4862393220667798e-03        -7.0379553219404034e-03        -2.2443899671220727e-01        -1.5749616478146788e-01
31                                     1.8307468653323659e-04         2.1581751085674459e-04        -1.8049278334606334e-04         5.7542219048442658e-03        -1.3672035394864402e-02        -8.1579026477878961e-03        -1.2917735178170614e-01        -1.4253581647672597e-01
32                                    -1.5127427087261499e-04        -2.8430699440398061e-04         8.7369756449892644e-05         4.8253107654465301e-03         2.2406147077086526e-02         1.0461501272540056e-02        -5.3675254460912536e-02        -7.9473875745189271e-02
33                                    -5.2288919587727949e-03        -9.7663912025634583e-03        -2.9673308550258418e-02         2.1147494877289583e-03        -6.8812392352740549e-04         7.1889435604906076e-04         2.4713365405491539e-04         1.0332093210702908e-03
34                                     1.9124035055915461e-03         3.4565034085272607e-03         1.1821295293884572e-02         6.2653530513315106e-04         2.3441337111267417e-04        -5.7352197221009955e-04         1.4810943205601185e-04         3.4368229942354173e-04
35                                    -2.0311993931543711e-03        -3.2880717195392876e-03        -1.0278135461541389e-02        -1.4094436805274799e-03         8.9899107012699018e-04         1.4897791542459876e-04        -4.4522234525749046e-05        -8.7020344155136226e-04
36                                    -1.6971255382408935e-03         3.1779483625394706e-02        -2.6955562066662030e-04         1.5719388565663996e-03        -1.8091542643616457e-03         1.8378601924224454e-04         2.6252468837527397e-04         7.7043094920013484e-04
37                                     7.3059910826557550e-04        -9.5455680624194662e-03         3.6486535597706447e-05         9.6212785087671036e-04         2.3923837663859977e-04         2.7070841192180280e-04        -8.7900830582276698e-05         6.4781606110299837e-06
38                                    -5.1521722199038267e-04         1.2589644279616024e-02        -5.2571401526249010e-04        -9.3328433244003583e-04        -2.3417598419030032e-04         5.5317061354004360e-04        -1.2161976137387215e-04        -3.0649685893496066e-04
39                                     1.6751161100804200e-03        -1.2927179461767731e-03         3.2995346696353773e-05        -2.8030659221936882e-03         3.3476335996257274e-02        -8.3511418588401182e-04         1.5539597239048880e-03        -4.8000187579886628e-03
40                                     4.2431734671982343e-04         7.2107243878156459e-04        -2.3812136645424455e-04         3.6361032603553431e-03        -1.3348328511240844e-02        -6.6849792530927939e-04         2.3553865908614783e-03         6.3001187732423186e-03
41                                    -9.3668868890046735e-04        -1.5980238451142038e-04         2.4418624936130002e-04        -4.6783446736739327e-03         1.5929331192299896e-02        -1.9471046421460549e-03        -8.2117844464117034e-04        -3.1007000480495358e-03
42                                     2.0010527253229793e-03         4.6606595215052400e-04         1.0243613004930021e-03        -1.1941430290639233e-02        -1.1743793799268706e-02        -2.6979187983679959e-02         2.9064555615158747e-03         6.8564070503355536e-04
43                                     5.7388891886169099e-04         1.1187264268997269e-05        -2.5199223885457320e-04         1.3992603799957669e-03         4.3167254399544344e-03         1.2492972440020601e-02        -8.6211852799705541e-04        -2.8816889111287253e-03
44                                    -1.1907601015881488e-03        -1.8180890005878563e-04         1.2121302880867737e-03        -8.2267885565525840e-03        -6.7118231114827835e-04        -1.0143200278150582e-02         4.4747383953285848e-04        -3.0160589919374643e-03
                                                         8                           9                          10                          11                          12                          13                          14                          15

0                                     -5.6181874324835084e-04        -1.7451005566983779e-01         3.7033572433253080e-02        -3.9815989914978825e-02        -3.1811378266933019e-02         9.1762801317990840e-03        -7.7314652735515493e-03         8.7569777969376998e-04
1                                     -4.1457592027353222e-04         3.8435967985892550e-02        -9.4514545663604926e-02         1.5313898373329238e-02        -9.9199800791821210e-03         4.3015694613965007e-03        -4.0870028074556268e-03         9.6791417393000273e-04
2                                      4.2687200493683069e-04        -4.3203814492349252e-02         1.6073622978820316e-02        -9.7178357603481799e-02         1.7676391214233020e-02        -7.8845439461374296e-03         7.1384805268863392e-03        -2.7918518756171805e-04
3                                      1.7706576261525248e-02        -3.1059274478883826e-02         4.3447496449354264e-03        -8.0181955020799320e-03        -1.8041714454663718e-01         4.0887405260920107e-02        -3.7149534938086690e-02         7.1420306736272046e-02
4                                      8.0181365102808058e-02        -6.5285773246134661e-03         1.3022339355521391e-03        -4.7039111563276365e-03         4.5476996162744504e-02        -1.0605448275904929e-01        -1.1782179958273516e-03        -9.9351026834855138e-02
5                                     -8.1083159831088492e-03         1.5977505020771977e-02        -1.0590191020447840e-02         7.9285688093699378e-03        -5.6351525648114895e-02         2.5244308989546237e-02        -1.0257276086576275e-01        -6.1430857593134075e-02
6                                     -7.6977399846994921e-02        -5.2353942336847044e-03         4.4449240486136334e-03        -4.2900114462055047e-03        -2.5863537771507100e-02        -6.2227580785369496e-03         3.1222747626085672e-02         8.9781967248722117e-03
7                                      1.5151045716017042e-01        -3.5807528364450360e-03         5.6790099830796945e-03        -3.7517689669546183e-03         1.2028554762583396e-02         1.8674621040633811e-02         3.9478838269536472e-02         2.3464546926608210e-01
8                                      1.9603941355104409e-01        -3.1399339622998484e-04         6.0896079844853252e-04        -1.4092277308767826e-03         2.4327781705088952e-03        -1.6457699307513278e-02        -2.4242116229796322e-03         6.9539232532386142e-02
9                                     -3.1399339622998484e-04         4.7032081542916176e-01        -2.4302513322056736e-03         1.6700299051510506e-02        -1.3886003206825173e-01        -2.8757360560841418e-02         5.4826124006156551e-02         2.5826852995929897e-03
10                                     6.0896079844853252e-04        -2.4302513322056736e-03         5.8366283030833521e-01         2.7460126028747825e-02        -2.7141663458355891e-02        -9.8417229320506991e-02         2.4793553983236676e-02        -2.6638094370647586e-03
11                                    -1.4092277308767826e-03         1.6700299051510506e-02         2.7460126028747825e-02         5.6309872174763143e-01         5.0095279149074468e-02         2.5358790915666639e-02        -1.1892364248500041e-01         1.7561870749456649e-03
12                                     2.4327781705088952e-03        -1.3886003206825173e-01        -2.7141663458355891e-02         5.0095279149074468e-02         4.8166675574648754e-01        -5.8179876142588818e-04         6.8616134095416843e-03        -8.2866529973609319e-03
13                                    -1.6457699307513278e-02        -2.8757360560841418e-02        -9.8417229320506991e-02         2.5358790915666639e-02        -5.8179876142588818e-04         5.6787703357917263e-01         3.4272018843181096e-03        -2.3899979769910051e-03
14                                    -2.4242116229796322e-03         5.4826124006156551e-02         2.4793553983236676e-02        -1.1892364248500041e-01         6.8616134095416843e-03         3.4272018843181096e-03         5.1663973944393127e-01        -2.5610386412082551e-02
15                                     6.9539232532386142e-02         2.5826852995929897e-03        -2.6638094370647586e-03         1.7561870749456649e-03        -8.2866529973609319e-03        -2.3899979769910051e-03        -2.5610386412082551e-02        -8.4036939750817080e-02
16                                    -1.7145944038464705e-01         5.7064344178941431e-04        -7.7011479145106844e-04         1.7094758409459828e-03        -6.2104602667500362e-03        -1.4499811409412625e-03        -5.7960230842800499e-03        -1.0593588168050673e-01
17                                    -1.4353752264759678e-01        -1.4711124121772200e-03         9.9624323448041052e-04         2.7810181947972214e-04         1.7124734028054964e-04         1.0782038204925062e-02         2.2189535468460198e-02        -3.2710422904737690e-02
18                                     5.1833424578341387e-05        -1.7814004042005427e-03         3.1192306240074311e-02         7.6284243713901499e-04         2.0878446768445393e-03         1.3360587774490112e-03        -2.9988464364389734e-04         2.7228633045162264e-05
19                                     4.7198526618056486e-05         6.0686899236735495e-04        -1.0642502287446337e-02         3.7450544123508560e-04        -8.9271402104026606e-04         6.9136149742906813e-04        -1.1689319485625425e-04         1.5365191636490787e-05
20                                     1.2880051085013492e-05        -4.6114567463905484e-04         1.3666765482935645e-02        -6.6670597350223376e-04         5.5360561064402513e-04        -5.7120320888925675e-04         3.0344192281534085e-05        -9.7810070236797539e-05
21                                    -3.3646522117004342e-04        -2.0645486945749039e-02        -1.0270904866010785e-02         1.6775272979786249e-02        -4.2566415651065087e-03         3.4752002328359531e-03        -3.6599621075280898e-03         4.3799540661355082e-04
22                                     1.3877896326397248e-04         9.5804413709000228e-03         3.3339784886565736e-03        -7.9931445013321414e-03         1.7847161798483736e-03        -6.3923169890556480e-04         1.0668009747678226e-03        -1.7613809224534694e-05
23                                     1.7952903681225235e-06        -1.1043357243147936e-02        -5.5725250080165571e-03         7.4983546642347623e-03        -2.1094724432367323e-03         1.0518766536238323e-03        -4.7759547103511015e-04         2.1617511964789563e-04
24                                     5.8444308585586498e-05        -5.5653038905715737e-03        -1.0222607722695908e-02        -2.8917852574032104e-02         1.9720791220085628e-03        -5.0254934978090132e-04        -1.1808744254765665e-03         1.2850540441528707e-04
25                                     1.5021388015385817e-05         1.9805911657320915e-03         3.6762979745715704e-03         1.2290605587332942e-02        -4.9336034284631902e-04         6.7267264357534322e-05        -1.7230641130580072e-05         1.7866751803044469e-05
26                                     3.6590719193923139e-05        -1.7835873158726090e-03        -3.2460505447455558e-03        -1.1762530642313081e-02         8.6852407515658654e-04         8.3239992976153268e-05         1.1564162710558223e-03         7.4389500669367519e-05
27                                     2.0157074249894623e-02         2.2521286926783699e-03         1.2389291969443703e-03        -7.0210800355504960e-04        -2.4726693606444937e-05         1.8263659946896476e-02        -1.5282169635093953e-02        -1.1973512810815838e-02
28                                     9.2935220970163761e-03        -1.1344359292261605e-03         6.2599566389327614e-04         2.1806676660122808e-04        -7.2189048736687189e-04        -3.0807091180222830e-03         5.1556820688201241e-03         1.4912542361397926e-02
29                                    -3.1184206261182859e-04         6.3909257994583133e-04         1.9847011627867339e-04         5.4840120629887253e-04         1.9695191262083453e-03         1.3752007659566721e-02         3.4889545560592271e-03         3.4713753039885387e-02
30                                    -2.7589780107364563e-02        -5.8812538310809787e-04         4.7224056462127125e-04        -5.5928594157069172e-04        -1.2167321418261176e-03        -1.8246604272317609e-03         9.3270289134899861e-04         1.8419222276319938e-02
31                                    -5.5733620543253856e-02         7.3031199451286267e-04        -6.9762261997024719e-04         3.8452404220590958e-04         3.5736954768463784e-04        -9.1241062746236484e-04        -4.3349576263002759e-03        -3.6982609243675343e-02
32                                    -3.8598030540019555e-02        -4.5106560088821696e-04         7.6779167746902801e-04        -2.9945000185106286e-04        -7.6730369791453801e-04         2.8655262390723376e-03         4.5491996375746756e-03         6.9764713271164708e-03
33                                     3.4538651744294520e-04        -5.0248138984645641e-02        -9.9377109970306340e-03        -2.9182522044371481e-02         6.3056331005168116e-04         8.7997594996099757e-03         2.6375691481876740e-02        -6.5960105918017021e-04
34                                     1.4828868628456900e-04        -1.0035040048411898e-02        -7.7328668797732980e-02        -7.9339465606595383e-02         8.4579575165153343e-04         3.5103165717044250e-03         1.1994063780539525e-02        -3.0737341087943773e-04
35                                     8.4437625896880905e-05        -2.9092421408034752e-02        -7.8101567264146715e-02        -2.7955488967101072e-01         5.4679969936112516e-06        -5.8841490742629213e-03        -1.6889708404229573e-02         5.5838969265652291e-04
36                                    -2.8207662935645191e-04        -4.6221068328025763e-02         8.1231204487956896e-04        -2.4304682261396546e-04        -2.2355397159713117e-03        -2.7576349350244056e-02         7.1334363088683189e-04        -3.4303996293513046e-04
37                                    -2.6753901001119046e-04         5.6515901681360777e-04        -3.1020166546277922e-01         1.3117566958365315e-04        -1.0568920099960424e-03        -1.1276738988526921e-02         5.7236138396688993e-04         9.6677835676393844e-05
38                                    -8.3663072929456407e-05        -1.9781336328376312e-04        -1.1258537538099992e-03        -4.9925196997617258e-02         1.1293079616786776e-03         2.0897111259505302e-02        -1.2389347925106080e-03         2.4843545074571796e-04
39                                     1.8202218216809537e-03        -1.4658112464076027e-03        -2.5231389492362637e-02        -4.8484167346031937e-04        -4.8218980921456975e-02        -3.6600071073885835e-03         2.3203717784125045e-03         1.2051725529915219e-03
40                                     1.0138026007696917e-03        -3.0165032885797263e-04        -9.1383921363246863e-03         3.6172698470580186e-04        -4.8457694280101323e-03        -3.0435175919191093e-01         7.1982195498875717e-03        -4.1545143077860074e-03
41                                     2.2501219677200637e-04         2.6439344934574174e-04         1.9303814757892154e-02        -4.5698946514651645e-04         3.5409675485539027e-03         7.9730454056176122e-03        -4.3301876968656353e-02         3.0986473642126201e-03
42                                    -6.1020940696443040e-03         1.0244622119331848e-03         8.3630709651341291e-03         2.6164013584229921e-02        -4.5165876166735064e-02        -1.0416756292919195e-02        -3.2309823078300132e-02         1.2247357672926606e-03
43                                     1.1062467628881424e-03         2.9431655986423416e-04         3.4303947257281722e-03         1.2163899103739126e-02        -8.6350294936897200e-03        -6.8939626569368362e-02        -7.8175010745472451e-02         1.1937270756723511e-03
44                                    -2.3541877791739725e-03        -4.2914355492576148e-04        -5.2116659900262562e-03        -1.9175157676214888e-02        -2.6104894124153157e-02        -8.0618937467765717e-02        -2.6936393948607462e-01         2.7667377564396566e-03
                                                        16                          17                          18                          19                          20                          21                          22                          23

0                                      6.1751609897024587e-04        -1.1096506711339555e-04        -4.6978282028302870e-02         4.7714748866218605e-03         6.6441577861074252e-04        -2.0238347830181908e-01        -7.0479553953290031e-02         1.1657074503235934e-01
1                                      6.9405005644471249e-04        -8.0143144581838440e-05         3.9889513212461557e-03        -3.1552574977929115e-01        -2.0314549022858773e-03        -6.9750427981116608e-02        -7.8772090993188493e-02         5.1792435135403256e-02
2                                     -2.9470746507942827e-04         9.5855405417303837e-05         5.5968918951795248e-04        -1.7204836866056700e-03        -4.7822350749855733e-02         1.1553415422109375e-01         5.1882990401773202e-02        -1.3383796646252771e-01
3                                      7.9573787955534464e-02         1.8348628236088120e-02        -2.1589705869512975e-04         9.6547520145390947e-05         8.2155364617608637e-05        -7.1107535505774127e-04         5.7467520847046059e-04        -4.0421436548736690e-04
4                                     -6.3672629719385226e-02        -5.5006059864130125e-03        -3.2978845684894774e-05         3.3684288464692555e-04        -2.0363615849969782e-06        -6.2997599537770741e-04         7.1552312166554724e-04         1.7905440639261888e-04
5                                     -8.3330034723686719e-02        -3.9830584409731168e-02        -3.3884293438530492e-04         3.0328443216656557e-05        -2.2650078285488934e-04         1.5667179773056553e-03        -2.3234687738414085e-04         8.1042196790809262e-04
6                                      3.7073402559785404e-02         1.3707876237815209e-02        -8.7460102053141741e-06         1.0577948978154244e-04         2.7789443553991362e-05        -8.1899857990975090e-04         1.9925397798360917e-04        -4.0432736597207947e-04
7                                     -3.2287425592054014e-01        -2.3619858469388921e-01        -8.4971186723439228e-06         6.1436404354673659e-06         1.1101252163419593e-04        -1.0390133956703145e-03        -2.0703781472837025e-05        -4.4033280629077968e-04
8                                     -1.7145944038464705e-01        -1.4353752264759678e-01         5.1833424578341387e-05         4.7198526618056486e-05         1.2880051085013492e-05        -3.3646522117004342e-04         1.3877896326397248e-04         1.7952903681225235e-06
9                                      5.7064344178941431e-04        -1.4711124121772200e-03        -1.7814004042005427e-03         6.0686899236735495e-04        -4.6114567463905484e-04        -2.0645486945749039e-02         9.5804413709000228e-03        -1.1043357243147936e-02
10                                    -7.7011479145106844e-04         9.9624323448041052e-04         3.1192306240074311e-02        -1.0642502287446337e-02         1.3666765482935645e-02        -1.0270904866010785e-02         3.3339784886565736e-03        -5.5725250080165571e-03
11                                     1.7094758409459828e-03         2.7810181947972214e-04         7.6284243713901499e-04         3.7450544123508560e-04        -6.6670597350223376e-04         1.6775272979786249e-02        -7.9931445013321414e-03         7.4983546642347623e-03
12                                    -6.2104602667500362e-03         1.7124734028054964e-04         2.0878446768445393e-03        -8.9271402104026606e-04         5.5360561064402513e-04        -4.2566415651065087e-03         1.7847161798483736e-03        -2.1094724432367323e-03
13                                    -1.4499811409412625e-03         1.0782038204925062e-02         1.3360587774490112e-03         6.9136149742906813e-04        -5.7120320888925675e-04         3.4752002328359531e-03        -6.3923169890556480e-04         1.0518766536238323e-03
14                                    -5.7960230842800499e-03         2.2189535468460198e-02        -2.9988464364389734e-04        -1.1689319485625425e-04         3.0344192281534085e-05        -3.6599621075280898e-03         1.0668009747678226e-03        -4.7759547103511015e-04
15                                    -1.0593588168050673e-01        -3.2710422904737690e-02         2.7228633045162264e-05         1.5365191636490787e-05        -9.7810070236797539e-05         4.3799540661355082e-04        -1.7613809224534694e-05         2.1617511964789563e-04
16                                     3.9374236942071150e-01         2.4553164839289471e-01        -1.1156154828192779e-04         4.8520326961783850e-05        -4.9153257153782096e-05         5.1072143262385601e-04        -2.0702133987694033e-05         6.0814514534064841e-05
17                                     2.4553164839289471e-01         1.9070242828418282e-01        -5.4868850607215987e-06        -5.8656184014821856e-05         3.1253016068765696e-05         7.4077452368671902e-05        -5.5964845137779998e-05        -1.4319778979108558e-04
18                                    -1.1156154828192779e-04        -5.4868850607215987e-06         5.1274583207160662e-02        -7.6816843371363477e-03         1.9142883817345920e-03         9.4249808721294775e-04        -2.4904328646737642e-02        -1.6735036511377995e-03
19                                     4.8520326961783850e-05        -5.8656184014821856e-05        -7.6816843371363477e-03         3.4226110593693726e-01         5.5727135596933596e-04         4.4109183470934440e-04        -9.6924959068075030e-03        -6.9237837285365464e-04
20                                    -4.9153257153782096e-05         3.1253016068765696e-05         1.9142883817345920e-03         5.5727135596933596e-04         4.7300333479970785e-02        -1.3985722150854992e-03         1.8947557053770790e-02        -1.5167689164970015e-04
21                                     5.1072143262385601e-04         7.4077452368671902e-05         9.4249808721294775e-04         4.4109183470934440e-04        -1.3985722150854992e-03         2.2127440467979867e-01         7.4840483671243768e-02        -1.2523656031501235e-01
22                                    -2.0702133987694033e-05        -5.5964845137779998e-05        -2.4904328646737642e-02        -9.6924959068075030e-03         1.8947557053770790e-02         7.4840483671243768e-02         8.1157125918336750e-02        -5.7310864133760978e-02
23                                     6.0814514534064841e-05        -1.4319778979108558e-04        -1.6735036511377995e-03        -6.9237837285365464e-04        -1.5167689164970015e-04        -1.2523656031501235e-01        -5.7310864133760978e-02         1.4121282997347767e-01
24                                     5.9967654535915936e-05         7.1909071347573024e-06        -1.1258660979773880e-03        -8.5960433688449245e-05         6.3062569185033755e-04         3.8850131126409249e-03         9.3443094074584059e-03         2.2978758311423826e-02
25                                    -2.5568908573574784e-05        -4.1707697179005593e-05        -3.9649706761648931e-03        -9.2221837761906518e-03        -3.1368417617726449e-02         2.3689712299759481e-03         3.1695624202233074e-03         1.1423351112456624e-02
26                                     7.5321346195661269e-05        -1.7213963787181654e-05         5.0919783969695712e-04         5.3473707964046824e-04         1.0774907147272287e-03        -2.9262738434169197e-03        -6.0152104031867513e-03        -1.5830541601251545e-02
27                                    -8.8081147201403386e-03         5.0937748532356320e-03         1.1482847316554958e-04        -1.9249489059664589e-04         8.0548149691457616e-06        -5.8687899596145869e-06        -4.8451078451849964e-05         6.4025896609846912e-05
28                                     1.1204387305479933e-02        -1.4653861347672058e-02        -1.7405892067171391e-04         2.7093315203337992e-05        -9.7119364232764527e-06         6.9498424098586413e-05        -1.3438192429777573e-05         1.4703953258919742e-05
29                                     2.1875383567615887e-02        -2.0355315403957016e-02         1.9050732404224597e-04        -8.6067167484576990e-05         5.3353407765749012e-05        -1.3438453976635659e-04        -2.9501340161550756e-05        -1.7679545482987818e-05
30                                    -2.4965225570700682e-03        -7.2037123745129425e-03        -1.3456636434549809e-05         2.7007259019947751e-05        -6.3223361938835315e-06        -1.1335924040106098e-04         4.4158091293251692e-05        -2.6203160425278347e-05
31                                    -1.6253781332693840e-02        -1.0337301673053849e-03        -7.7968829828279334e-06        -7.4566202716160566e-06        -1.1569754598770511e-05         1.2811404684542676e-04        -1.5958285073191343e-05         5.5216695512755104e-05
32                                    -1.0943171926406991e-02        -8.9183275333311763e-03         2.4939837538510767e-05         1.5316992333206953e-06         2.5040869097696707e-05        -1.1345050446682050e-04         6.0356087148337933e-07        -6.4529005363590233e-05
33                                    -4.9894424617310108e-04        -4.2220012909612947e-04         1.3218454927469798e-03         5.3448747479131319e-05         7.4661678340681020e-04         9.4242375438877927e-04        -6.5736485688118267e-04         5.7662468367492481e-04
34                                    -2.4242616410850864e-04         1.0570439652965295e-04        -6.9993464188791764e-04         5.5728674353643353e-04         2.3882175185551986e-04        -5.7560603756968889e-04         1.8092835308338145e-04        -4.8961189510819832e-04
35                                     3.3080388644833505e-04        -5.0760332661504851e-05         2.9316921834934145e-04         3.0210817967329592e-04         2.2286127291948408e-04        -2.3276313863540912e-04        -2.7259832259253665e-05         5.7166571023744076e-04
36                                     2.4426678394171431e-04         1.8407939693300781e-04        -5.2895322246172497e-03         1.8944517121120630e-03        -2.6173307924186166e-03         1.0711448263561450e-03        -4.2488242840907787e-04         7.2718082333302298e-04
37                                     3.4409799777770011e-04         2.7306563290547398e-05         1.8113215961600617e-03         1.0497557388824050e-03         8.2362543173146755e-04         2.8878825166682616e-04         3.9904612793413823e-04        -2.2013414206592096e-04
38                                    -7.5909152716173238e-05        -1.9750803807932506e-04        -2.1943571215552278e-03         1.1333447887714233e-03        -1.4261937933356258e-04         3.7298655153091519e-04        -5.8049146765671222e-04         2.9672112759510766e-04
39                                     1.5459901641136878e-03        -1.5646631395176626e-03        -3.0130170741505581e-04         7.6055054879866886e-04         4.1145394678346862e-05         1.3556756553536074e-04         3.2308989610376116e-04        -2.5898735662217113e-05
40                                    -1.3039371556172858e-03         1.6838439267096458e-03        -6.9652792589133469e-04         2.2747749059253038e-04        -1.5524888640489979e-04        -2.4318996822533107e-05         3.5922080191350949e-04         5.9142858762168890e-06
41                                    -1.1431079791198062e-04        -1.5801163744267358e-03         1.2852708257844809e-04        -3.6210262737133917e-04         2.9339370520934494e-04        -1.4679261969486609e-04        -8.1085565046320037e-05        -1.5693166844112986e-04
42                                     3.8184529724121612e-03         6.0819317974072085e-03        -5.4346402327736161e-05         6.8213745403793722e-05        -8.7956508005474597e-05         2.4586134545645760e-04        -1.4131545934039063e-04        -2.0490822403542005e-04
43                                     5.7997215992293459e-04        -1.3757517012095665e-03        -3.4244636431569113e-05        -1.1519920461789367e-04        -1.3969613207653393e-04         1.4976057760095695e-04        -1.4076423994814917e-04         1.5734190445480583e-04
44                                     2.3515242918201677e-03         1.3333724997531581e-03         7.7520833121273172e-05         4.8994178075563097e-05        -3.7096931929477082e-05        -1.4304904024059137e-04         2.7427570806135742e-04         2.8832970172163385e-04
                                                        24                          25                          26                          27                          28                          29                          30                          31

0                                     -5.1319836542287264e-02        -1.1797875864843092e-02        -3.2140702318261702e-02        -8.0896405582580344e-05         1.0926833056082615e-04        -2.4533049329062643e-04        -1.7153784866554174e-04         1.8307468653323659e-04
1                                     -1.1421603978957527e-02        -7.5312074766043388e-02        -8.0629584843926433e-02        -1.6036683535863714e-04         1.6779485700563375e-04        -4.0946110453231798e-04        -1.1240919202046458e-04         2.1581751085674459e-04
2                                     -3.1215882837088510e-02        -8.1066802003387145e-02        -2.8385608550253982e-01         1.1466874140818366e-04        -3.0264589306797530e-04        -2.4808700705839567e-05         2.5526210835063404e-04        -1.8049278334606334e-04
3                                      9.9646143402845643e-05        -1.5488504140167940e-04         1.0994316909489297e-04        -4.5140268157158173e-02         4.5448972086714126e-03        -3.2641979672170938e-02         4.9714720405377028e-04         5.7542219048442658e-03
4                                      5.5951372564345405e-04        -1.3224657762452192e-04         3.6744638364984844e-04         8.4371792467915242e-03        -2.1773255715317608e-01         1.5495937236266738e-01         1.4862393220667798e-03        -1.3672035394864402e-02
5                                      1.3195598710750089e-04         1.4844517518775838e-04         3.1845279124312906e-04        -1.0994669106445795e-02         1.5611471590719050e-01        -1.1992447379088661e-01        -7.0379553219404034e-03        -8.1579026477878961e-03
6                                     -5.3955579739350175e-05        -2.9694172359649587e-05        -1.4474646159910254e-04        -3.3933825179616852e-03        -9.9476502236011052e-03        -2.8934658309866697e-03        -2.2443899671220727e-01        -1.2917735178170614e-01
7                                     -3.0827051141646769e-04        -9.4360963204925255e-06        -2.9035396532304234e-04        -1.0131350493528937e-02        -2.5691504822585011e-02        -3.5886403904858775e-02        -1.5749616478146788e-01        -1.4253581647672597e-01
8                                      5.8444308585586498e-05         1.5021388015385817e-05         3.6590719193923139e-05         2.0157074249894623e-02         9.2935220970163761e-03        -3.1184206261182859e-04        -2.7589780107364563e-02        -5.5733620543253856e-02
9                                     -5.5653038905715737e-03         1.9805911657320915e-03        -1.7835873158726090e-03         2.2521286926783699e-03        -1.1344359292261605e-03         6.3909257994583133e-04        -5.8812538310809787e-04         7.3031199451286267e-04
10                                    -1.0222607722695908e-02         3.6762979745715704e-03        -3.2460505447455558e-03         1.2389291969443703e-03         6.2599566389327614e-04         1.9847011627867339e-04         4.7224056462127125e-04        -6.9762261997024719e-04
11                                    -2.8917852574032104e-02         1.2290605587332942e-02        -1.1762530642313081e-02        -7.0210800355504960e-04         2.1806676660122808e-04         5.4840120629887253e-04        -5.5928594157069172e-04         3.8452404220590958e-04
12                                     1.9720791220085628e-03        -4.9336034284631902e-04         8.6852407515658654e-04        -2.4726693606444937e-05        -7.2189048736687189e-04         1.9695191262083453e-03        -1.2167321418261176e-03         3.5736954768463784e-04
13                                    -5.0254934978090132e-04         6.7267264357534322e-05         8.3239992976153268e-05         1.8263659946896476e-02        -3.0807091180222830e-03         1.3752007659566721e-02        -1.8246604272317609e-03        -9.1241062746236484e-04
14                                    -1.1808744254765665e-03        -1.7230641130580072e-05         1.1564162710558223e-03        -1.5282169635093953e-02         5.1556820688201241e-03         3.4889545560592271e-03         9.3270289134899861e-04        -4.3349576263002759e-03
15                                     1.2850540441528707e-04         1.7866751803044469e-05         7.4389500669367519e-05        -1.1973512810815838e-02         1.4912542361397926e-02         3.4713753039885387e-02         1.8419222276319938e-02        -3.6982609243675343e-02
16                                     5.9967654535915936e-05        -2.5568908573574784e-05         7.5321346195661269e-05        -8.8081147201403386e-03         1.1204387305479933e-02         2.1875383567615887e-02        -2.4965225570700682e-03        -1.6253781332693840e-02
17                                     7.1909071347573024e-06        -4.1707697179005593e-05        -1.7213963787181654e-05         5.0937748532356320e-03        -1.4653861347672058e-02        -2.0355315403957016e-02        -7.2037123745129425e-03        -1.0337301673053849e-03
18                                    -1.1258660979773880e-03        -3.9649706761648931e-03         5.0919783969695712e-04         1.1482847316554958e-04        -1.7405892067171391e-04         1.9050732404224597e-04        -1.3456636434549809e-05        -7.7968829828279334e-06
19                                    -8.5960433688449245e-05        -9.2221837761906518e-03         5.3473707964046824e-04        -1.9249489059664589e-04         2.7093315203337992e-05        -8.6067167484576990e-05         2.7007259019947751e-05        -7.4566202716160566e-06
20                                     6.3062569185033755e-04        -3.1368417617726449e-02         1.0774907147272287e-03         8.0548149691457616e-06        -9.7119364232764527e-06         5.3353407765749012e-05        -6.3223361938835315e-06        -1.1569754598770511e-05
21                                     3.8850131126409249e-03         2.3689712299759481e-03        -2.9262738434169197e-03        -5.8687899596145869e-06         6.9498424098586413e-05        -1.3438453976635659e-04        -1.1335924040106098e-04         1.2811404684542676e-04
22                                     9.3443094074584059e-03         3.1695624202233074e-03        -6.0152104031867513e-03        -4.8451078451849964e-05        -1.3438192429777573e-05        -2.9501340161550756e-05         4.4158091293251692e-05        -1.5958285073191343e-05
23                                     2.2978758311423826e-02         1.1423351112456624e-02        -1.5830541601251545e-02         6.4025896609846912e-05         1.4703953258919742e-05        -1.7679545482987818e-05        -2.6203160425278347e-05         5.5216695512755104e-05
24                                     5.6131775104920116e-02         1.0454358570226668e-02         3.8036872244014537e-02         1.2022498127198796e-04        -1.3935621946896908e-04         6.9955783970581504e-06         1.8191978080318210e-05         2.8549479739606385e-05
25                                     1.0454358570226668e-02         7.7090963331789206e-02         8.7656255915545350e-02         4.9045685576184096e-05         1.9860499392258032e-05         8.9982127131436190e-06        -7.2451805247248507e-06         2.4089495671006985e-06
26                                     3.8036872244014537e-02         8.7656255915545350e-02         3.0768048273030335e-01         7.0695947484152618e-05        -7.5855867177935903e-05        -4.3269963310717946e-05        -2.4355825482902729e-06         3.2593839413685294e-05
27                                     1.2022498127198796e-04         4.9045685576184096e-05         7.0695947484152618e-05         6.2246090808261427e-02        -9.3378979867739954e-03         2.3610215466501891e-03         1.4387662230867012e-04        -6.8047609208333277e-04
28                                    -1.3935621946896908e-04         1.9860499392258032e-05        -7.5855867177935903e-05        -9.3378979867739954e-03         2.3418964170840845e-01        -1.5567280690610413e-01        -2.7540395145144066e-04         1.4678006755097957e-03
29                                     6.9955783970581504e-06         8.9982127131436190e-06        -4.3269963310717946e-05         2.3610215466501891e-03        -1.5567280690610413e-01         1.4035950180579171e-01        -4.3623722866286286e-04         2.6480713635466512e-03
30                                     1.8191978080318210e-05        -7.2451805247248507e-06        -2.4355825482902729e-06         1.4387662230867012e-04        -2.7540395145144066e-04        -4.3623722866286286e-04         2.0749487924556106e-01         1.5998899480588200e-01
31                                     2.8549479739606385e-05         2.4089495671006985e-06         3.2593839413685294e-05        -6.8047609208333277e-04         1.4678006755097957e-03         2.6480713635466512e-03         1.5998899480588200e-01         1.7249242042742588e-01
32                                    -4.5159137822926255e-05         2.0323960801842860e-06        -3.9484574327436524e-05         1.5463097054589047e-03        -4.2689840559171667e-04        -2.6880922185992867e-03         4.1765811528787361e-02         6.5675020560521477e-02
33                                    -5.2351319476396591e-03         2.5781572622263159e-03        -2.0391088873278080e-03        -2.8227694431495623e-05         4.8190575270056553e-04        -2.4634198107513342e-04        -2.8750961322902271e-06        -7.9136109775458630e-05
34                                     2.2531702320704385e-03         1.3557765705885416e-04         1.4238213253660907e-03         9.1565160655146841e-05        -2.1001643128381372e-04        -9.4248935224735013e-05        -1.3211833138756287e-05        -2.0455502226099419e-05
35                                    -1.9846935994967136e-03         1.0687642496059304e-03         7.0960641130673953e-04         4.9670847621426854e-04        -3.5479047500683401e-04        -1.0011515853311937e-04         4.4431515089972569e-05         7.4304707985526838e-05
36                                     1.2730942439329448e-03        -7.8670671652832612e-04         1.6614628729534403e-04        -3.5767310011826120e-04         5.7352373370546145e-04        -4.6728173372654312e-04         1.0640360720933027e-04        -5.7400831054655091e-05
37                                    -1.1100903825584253e-04         4.8918272979063234e-04         3.3055308859031123e-04        -7.5618668292828364e-04         2.1898033577684960e-04        -3.6666044437415769e-04         3.3722631397074300e-05         5.9988387201906357e-06
38                                     6.9494970940928071e-04         2.7659112130709747e-04         2.5972796048795584e-04        -8.1401125102262956e-05        -1.7500739013672580e-04         2.1729572098245570e-04        -3.7142192416724797e-05         2.4229983066394742e-05
39                                    -4.8996781834594559e-05         1.7018151965291877e-05        -1.1863882436849804e-04        -2.5951817068089332e-03         6.8999521257888993e-04        -2.8483355255876338e-03        -2.2601072914698597e-04         3.1267845621797262e-04
40                                    -5.3280682032569261e-05        -9.6109455677653201e-05         3.5959951341559687e-05         1.2404588661023802e-03        -3.3259041679231725e-04        -3.2736339776140606e-05         2.2810292999433934e-04        -4.6265810265199228e-04
41                                     4.8402016785666473e-05        -1.6489607673747427e-04        -5.7683441114404549e-05        -1.9208384964603058e-03         1.0016747055782440e-03        -8.6027245780487651e-04        -2.4742308440632154e-06         2.8499042973928105e-04
42                                    -2.7943925062316440e-04        -2.4374162117233136e-04        -7.0217308492893666e-04        -1.2774117012429764e-03         3.4074953135535018e-04         5.3678852251026651e-05         9.1372854388783713e-05        -5.1088901763551885e-04
43                                     1.5723966495761058e-04         1.4649875367983860e-04        -2.7052864779298236e-04         8.0281384038718062e-04        -8.6073822638026848e-04        -9.6087297494077892e-04        -4.2502644716286252e-05         3.9374855986004566e-04
44                                     7.7216507412031319e-04        -2.4335577265022397e-04         3.6804209032595923e-04        -9.5235890738089930e-04        -3.0331442216076886e-05        -3.4163739500572398e-04        -7.9233318287863681e-05         2.6768898384107141e-04
                                                        32                          33                          34                          35                          36                          37                          38                          39

0                                     -1.5127427087261499e-04        -5.2288919587727949e-03         1.9124035055915461e-03        -2.0311993931543711e-03        -1.6971255382408935e-03         7.3059910826557550e-04        -5.1521722199038267e-04         1.6751161100804200e-03
1                                     -2.8430699440398061e-04        -9.7663912025634583e-03         3.4565034085272607e-03        -3.2880717195392876e-03         3.1779483625394706e-02        -9.5455680624194662e-03         1.2589644279616024e-02        -1.2927179461767731e-03
2                                      8.7369756449892644e-05        -2.9673308550258418e-02         1.1821295293884572e-02        -1.0278135461541389e-02        -2.6955562066662030e-04         3.6486535597706447e-05        -5.2571401526249010e-04         3.2995346696353773e-05
3                                      4.8253107654465301e-03         2.1147494877289583e-03         6.2653530513315106e-04        -1.4094436805274799e-03         1.5719388565663996e-03         9.6212785087671036e-04        -9.3328433244003583e-04        -2.8030659221936882e-03
4                                      2.2406147077086526e-02        -6.8812392352740549e-04         2.3441337111267417e-04         8.9899107012699018e-04        -1.8091542643616457e-03         2.3923837663859977e-04        -2.3417598419030032e-04         3.3476335996257274e-02
5                                      1.0461501272540056e-02         7.1889435604906076e-04        -5.7352197221009955e-04         1.4897791542459876e-04         1.8378601924224454e-04         2.7070841192180280e-04         5.5317061354004360e-04        -8.3511418588401182e-04
6                                     -5.3675254460912536e-02         2.4713365405491539e-04         1.4810943205601185e-04        -4.4522234525749046e-05         2.6252468837527397e-04        -8.7900830582276698e-05        -1.2161976137387215e-04         1.5539597239048880e-03
7                                     -7.9473875745189271e-02         1.0332093210702908e-03         3.4368229942354173e-04        -8.7020344155136226e-04         7.7043094920013484e-04         6.4781606110299837e-06        -3.0649685893496066e-04        -4.8000187579886628e-03
8                                     -3.8598030540019555e-02         3.4538651744294520e-04         1.4828868628456900e-04         8.4437625896880905e-05        -2.8207662935645191e-04        -2.6753901001119046e-04        -8.3663072929456407e-05         1.8202218216809537e-03
9                                     -4.5106560088821696e-04        -5.0248138984645641e-02        -1.0035040048411898e-02        -2.9092421408034752e-02        -4.6221068328025763e-02         5.6515901681360777e-04        -1.9781336328376312e-04        -1.4658112464076027e-03
10                                     7.6779167746902801e-04        -9.9377109970306340e-03        -7.7328668797732980e-02        -7.8101567264146715e-02         8.1231204487956896e-04        -3.1020166546277922e-01        -1.1258537538099992e-03        -2.5231389492362637e-02
11                                    -2.9945000185106286e-04        -2.9182522044371481e-02        -7.9339465606595383e-02        -2.7955488967101072e-01        -2.4304682261396546e-04         1.3117566958365315e-04        -4.9925196997617258e-02        -4.8484167346031937e-04
12                                    -7.6730369791453801e-04         6.3056331005168116e-04         8.4579575165153343e-04         5.4679969936112516e-06        -2.2355397159713117e-03        -1.0568920099960424e-03         1.1293079616786776e-03        -4.8218980921456975e-02
13                                     2.8655262390723376e-03         8.7997594996099757e-03         3.5103165717044250e-03        -5.8841490742629213e-03        -2.7576349350244056e-02        -1.1276738988526921e-02         2.0897111259505302e-02        -3.6600071073885835e-03
14                                     4.5491996375746756e-03         2.6375691481876740e-02         1.1994063780539525e-02        -1.6889708404229573e-02         7.1334363088683189e-04         5.7236138396688993e-04        -1.2389347925106080e-03         2.3203717784125045e-03
15                                     6.9764713271164708e-03        -6.5960105918017021e-04        -3.0737341087943773e-04         5.5838969265652291e-04        -3.4303996293513046e-04         9.6677835676393844e-05         2.4843545074571796e-04         1.2051725529915219e-03
16                                    -1.0943171926406991e-02        -4.9894424617310108e-04        -2.4242616410850864e-04         3.3080388644833505e-04         2.4426678394171431e-04         3.4409799777770011e-04        -7.5909152716173238e-05         1.5459901641136878e-03
17                                    -8.9183275333311763e-03        -4.2220012909612947e-04         1.0570439652965295e-04        -5.0760332661504851e-05         1.8407939693300781e-04         2.7306563290547398e-05        -1.9750803807932506e-04        -1.5646631395176626e-03
18                                     2.4939837538510767e-05         1.3218454927469798e-03        -6.9993464188791764e-04         2.9316921834934145e-04        -5.2895322246172497e-03         1.8113215961600617e-03        -2.1943571215552278e-03        -3.0130170741505581e-04
19                                     1.5316992333206953e-06         5.3448747479131319e-05         5.5728674353643353e-04         3.0210817967329592e-04         1.8944517121120630e-03         1.0497557388824050e-03         1.1333447887714233e-03         7.6055054879866886e-04
20                                     2.5040869097696707e-05         7.4661678340681020e-04         2.3882175185551986e-04         2.2286127291948408e-04        -2.6173307924186166e-03         8.2362543173146755e-04        -1.4261937933356258e-04         4.1145394678346862e-05
21                                    -1.1345050446682050e-04         9.4242375438877927e-04        -5.7560603756968889e-04        -2.3276313863540912e-04         1.0711448263561450e-03         2.8878825166682616e-04         3.7298655153091519e-04         1.3556756553536074e-04
22                                     6.0356087148337933e-07        -6.5736485688118267e-04         1.8092835308338145e-04        -2.7259832259253665e-05        -4.2488242840907787e-04         3.9904612793413823e-04        -5.8049146765671222e-04         3.2308989610376116e-04
23                                    -6.4529005363590233e-05         5.7662468367492481e-04        -4.8961189510819832e-04         5.7166571023744076e-04         7.2718082333302298e-04        -2.2013414206592096e-04         2.9672112759510766e-04        -2.5898735662217113e-05
24                                    -4.5159137822926255e-05        -5.2351319476396591e-03         2.2531702320704385e-03        -1.9846935994967136e-03         1.2730942439329448e-03        -1.1100903825584253e-04         6.9494970940928071e-04        -4.8996781834594559e-05
25                                     2.0323960801842860e-06         2.5781572622263159e-03         1.3557765705885416e-04         1.0687642496059304e-03        -7.8670671652832612e-04         4.8918272979063234e-04         2.7659112130709747e-04         1.7018151965291877e-05
26                                    -3.9484574327436524e-05        -2.0391088873278080e-03         1.4238213253660907e-03         7.0960641130673953e-04         1.6614628729534403e-04         3.3055308859031123e-04         2.5972796048795584e-04        -1.1863882436849804e-04
27                                     1.5463097054589047e-03        -2.8227694431495623e-05         9.1565160655146841e-05         4.9670847621426854e-04        -3.5767310011826120e-04        -7.5618668292828364e-04        -8.1401125102262956e-05        -2.5951817068089332e-03
28                                    -4.2689840559171667e-04         4.8190575270056553e-04        -2.1001643128381372e-04        -3.5479047500683401e-04         5.7352373370546145e-04         2.1898033577684960e-04        -1.7500739013672580e-04         6.8999521257888993e-04
29                                    -2.6880922185992867e-03        -2.4634198107513342e-04        -9.4248935224735013e-05        -1.0011515853311937e-04        -4.6728173372654312e-04        -3.6666044437415769e-04         2.1729572098245570e-04        -2.8483355255876338e-03
30                                     4.1765811528787361e-02        -2.8750961322902271e-06        -1.3211833138756287e-05         4.4431515089972569e-05         1.0640360720933027e-04         3.3722631397074300e-05        -3.7142192416724797e-05        -2.2601072914698597e-04
31                                     6.5675020560521477e-02        -7.9136109775458630e-05        -2.0455502226099419e-05         7.4304707985526838e-05        -5.7400831054655091e-05         5.9988387201906357e-06         2.4229983066394742e-05         3.1267845621797262e-04
32                                     3.5976344129692250e-02         1.0739021025515922e-04         2.7248558492405433e-05        -9.5610277953491049e-05         3.4145080986902981e-05        -5.3987762981110932e-05        -1.2878698655599446e-05        -7.6030207154682199e-04
33                                     1.0739021025515922e-04         5.9930923331626043e-02         1.0641227568414662e-02         3.0681723709603419e-02        -7.1857141958689766e-04        -3.0619577418873091e-05         1.9159963242900140e-04         1.0456504306247871e-03
34                                     2.7248558492405433e-05         1.0641227568414662e-02         7.8508933465741726e-02         8.4005866371400117e-02        -3.8153748704467549e-03        -9.8438776631502110e-03        -3.1160867270363407e-02         8.2257691516977177e-04
35                                    -9.5610277953491049e-05         3.0681723709603419e-02         8.4005866371400117e-02         3.0490025882031591e-01         1.3975451067036880e-04        -1.3297285712463719e-04         7.2599894126715130e-04        -3.1022230792170937e-04
36                                     3.4145080986902981e-05        -7.1857141958689766e-04        -3.8153748704467549e-03         1.3975451067036880e-04         5.5387529456736528e-02        -1.1674174208462507e-03        -7.7350492958073080e-04        -3.8914443021826023e-03
37                                    -5.3987762981110932e-05        -3.0619577418873091e-05        -9.8438776631502110e-03        -1.3297285712463719e-04        -1.1674174208462507e-03         3.3666771903193715e-01        -2.8645513032615503e-03        -1.4083889343973087e-03
38                                    -1.2878698655599446e-05         1.9159963242900140e-04        -3.1160867270363407e-02         7.2599894126715130e-04        -7.7350492958073080e-04        -2.8645513032615503e-03         5.1011450432911748e-02         3.0975437484225495e-03
39                                    -7.6030207154682199e-04         1.0456504306247871e-03         8.2257691516977177e-04        -3.1022230792170937e-04        -3.8914443021826023e-03        -1.4083889343973087e-03         3.0975437484225495e-03         5.4328227120230693e-02
40                                     8.3717885137065719e-05         5.0198710254708017e-05         5.3412823103712089e-04         3.6410549826712199e-04        -1.1086605944682052e-03         9.1831043111872479e-04         1.4196857241666322e-03         3.4024310244772735e-03
41                                    -1.7294620189550373e-04        -9.8401593942950595e-04         4.7829857087800789e-05         3.4301896805162026e-04         2.9546850421932275e-03         1.4823963471389217e-03        -1.5260706439999951e-03        -6.8095953728450809e-04
42                                     6.6600504002523617e-04        -4.1118513008331949e-03        -1.9035999391230794e-03         2.8625220687940344e-03         1.0813589125014886e-03         1.2430504064062282e-04        -8.8026782092986348e-04        -3.9290018592124179e-04
43                                    -6.4174590263125554e-04        -1.9708590376702646e-03         1.8367445727621558e-04         1.6254608609218544e-03         6.7719079005332532e-04         5.2904240768844417e-04         1.9229801870562899e-04        -4.9669245909619124e-03
44                                    -2.1010661335786802e-04         2.8266687307450739e-03         1.8333854975233627e-03        -7.3760635948987182e-04        -4.5053944872130124e-04         2.2168009392859768e-04         5.8822084160383781e-04         3.2264558358813630e-04
                                                        40                          41                          42                          43                          44

0                                      4.2431734671982343e-04        -9.3668868890046735e-04         2.0010527253229793e-03         5.7388891886169099e-04        -1.1907601015881488e-03
1                                      7.2107243878156459e-04        -1.5980238451142038e-04         4.6606595215052400e-04         1.1187264268997269e-05        -1.8180890005878563e-04
2                                     -2.3812136645424455e-04         2.4418624936130002e-04         1.0243613004930021e-03        -2.5199223885457320e-04         1.2121302880867737e-03
3                                      3.6361032603553431e-03        -4.6783446736739327e-03        -1.1941430290639233e-02         1.3992603799957669e-03        -8.2267885565525840e-03
4                                     -1.3348328511240844e-02         1.5929331192299896e-02        -1.1743793799268706e-02         4.3167254399544344e-03        -6.7118231114827835e-04
5                                     -6.6849792530927939e-04        -1.9471046421460549e-03        -2.6979187983679959e-02         1.2492972440020601e-02        -1.0143200278150582e-02
6                                      2.3553865908614783e-03        -8.2117844464117034e-04         2.9064555615158747e-03        -8.6211852799705541e-04         4.4747383953285848e-04
7                                      6.3001187732423186e-03        -3.1007000480495358e-03         6.8564070503355536e-04        -2.8816889111287253e-03        -3.0160589919374643e-03
8                                      1.0138026007696917e-03         2.2501219677200637e-04        -6.1020940696443040e-03         1.1062467628881424e-03        -2.3541877791739725e-03
9                                     -3.0165032885797263e-04         2.6439344934574174e-04         1.0244622119331848e-03         2.9431655986423416e-04        -4.2914355492576148e-04
10                                    -9.1383921363246863e-03         1.9303814757892154e-02         8.3630709651341291e-03         3.4303947257281722e-03        -5.2116659900262562e-03
11                                     3.6172698470580186e-04        -4.5698946514651645e-04         2.6164013584229921e-02         1.2163899103739126e-02        -1.9175157676214888e-02
12                                    -4.8457694280101323e-03         3.5409675485539027e-03        -4.5165876166735064e-02        -8.6350294936897200e-03        -2.6104894124153157e-02
13                                    -3.0435175919191093e-01         7.9730454056176122e-03        -1.0416756292919195e-02        -6.8939626569368362e-02        -8.0618937467765717e-02
14                                     7.1982195498875717e-03        -4.3301876968656353e-02        -3.2309823078300132e-02        -7.8175010745472451e-02        -2.6936393948607462e-01
15                                    -4.1545143077860074e-03         3.0986473642126201e-03         1.2247357672926606e-03         1.1937270756723511e-03         2.7667377564396566e-03
16                                    -1.3039371556172858e-03        -1.1431079791198062e-04         3.8184529724121612e-03         5.7997215992293459e-04         2.3515242918201677e-03
17                                     1.6838439267096458e-03        -1.5801163744267358e-03         6.0819317974072085e-03        -1.3757517012095665e-03         1.3333724997531581e-03
18                                    -6.9652792589133469e-04         1.2852708257844809e-04        -5.4346402327736161e-05        -3.4244636431569113e-05         7.7520833121273172e-05
19                                     2.2747749059253038e-04        -3.6210262737133917e-04         6.8213745403793722e-05        -1.1519920461789367e-04         4.8994178075563097e-05
20                                    -1.5524888640489979e-04         2.9339370520934494e-04        -8.7956508005474597e-05        -1.3969613207653393e-04        -3.7096931929477082e-05
21                                    -2.4318996822533107e-05        -1.4679261969486609e-04         2.4586134545645760e-04         1.4976057760095695e-04        -1.4304904024059137e-04
22                                     3.5922080191350949e-04        -8.1085565046320037e-05        -1.4131545934039063e-04        -1.4076423994814917e-04         2.7427570806135742e-04
23                                     5.9142858762168890e-06        -1.5693166844112986e-04        -2.0490822403542005e-04         1.5734190445480583e-04         2.8832970172163385e-04
24                                    -5.3280682032569261e-05         4.8402016785666473e-05        -2.7943925062316440e-04         1.5723966495761058e-04         7.7216507412031319e-04
25                                    -9.6109455677653201e-05        -1.6489607673747427e-04        -2.4374162117233136e-04         1.4649875367983860e-04        -2.4335577265022397e-04
26                                     3.5959951341559687e-05        -5.7683441114404549e-05        -7.0217308492893666e-04        -2.7052864779298236e-04         3.6804209032595923e-04
27                                     1.2404588661023802e-03        -1.9208384964603058e-03        -1.2774117012429764e-03         8.0281384038718062e-04        -9.5235890738089930e-04
28                                    -3.3259041679231725e-04         1.0016747055782440e-03         3.4074953135535018e-04        -8.6073822638026848e-04        -3.0331442216076886e-05
29                                    -3.2736339776140606e-05        -8.6027245780487651e-04         5.3678852251026651e-05        -9.6087297494077892e-04        -3.4163739500572398e-04
30                                     2.2810292999433934e-04        -2.4742308440632154e-06         9.1372854388783713e-05        -4.2502644716286252e-05        -7.9233318287863681e-05
31                                    -4.6265810265199228e-04         2.8499042973928105e-04        -5.1088901763551885e-04         3.9374855986004566e-04         2.6768898384107141e-04
32                                     8.3717885137065719e-05        -1.7294620189550373e-04         6.6600504002523617e-04        -6.4174590263125554e-04        -2.1010661335786802e-04
33                                     5.0198710254708017e-05        -9.8401593942950595e-04        -4.1118513008331949e-03        -1.9708590376702646e-03         2.8266687307450739e-03
34                                     5.3412823103712089e-04         4.7829857087800789e-05        -1.9035999391230794e-03         1.8367445727621558e-04         1.8333854975233627e-03
35                                     3.6410549826712199e-04         3.4301896805162026e-04         2.8625220687940344e-03         1.6254608609218544e-03        -7.3760635948987182e-04
36                                    -1.1086605944682052e-03         2.9546850421932275e-03         1.0813589125014886e-03         6.7719079005332532e-04        -4.5053944872130124e-04
37                                     9.1831043111872479e-04         1.4823963471389217e-03         1.2430504064062282e-04         5.2904240768844417e-04         2.2168009392859768e-04
38                                     1.4196857241666322e-03        -1.5260706439999951e-03        -8.8026782092986348e-04         1.9229801870562899e-04         5.8822084160383781e-04
39                                     3.4024310244772735e-03        -6.8095953728450809e-04        -3.9290018592124179e-04        -4.9669245909619124e-03         3.2264558358813630e-04
40                                     3.3185893084237295e-01        -1.1459161327253175e-02        -1.4349600130330589e-04        -1.1885484038842983e-02         3.7428428343344589e-04
41                                    -1.1459161327253175e-02         4.7846069424149276e-02         1.2972245501375072e-04        -3.0568518713569675e-02         1.1083113200880288e-03
42                                    -1.4349600130330589e-04         1.2972245501375072e-04         5.4647955919911201e-02         1.1250287171353041e-02         3.0323865452806451e-02
43                                    -1.1885484038842983e-02        -3.0568518713569675e-02         1.1250287171353041e-02         7.5232257421907311e-02         8.4623702902468428e-02
44                                     3.7428428343344589e-04         1.1083113200880288e-03         3.0323865452806451e-02         8.4623702902468428e-02         2.9746452577781757e-01
   &MODES [&Type "ArrayOfDoubles", &Dim (45,45)] "The modes of vibrations"
                                                         0                           1                           2                           3                           4                           5                           6                           7

0                                      0.0000000000000000e+00         0.0000000000000000e+00         0.0000000000000000e+00         0.0000000000000000e+00         0.0000000000000000e+00         0.0000000000000000e+00         4.9092745746622092e-03         7.5029024296352871e-03
1                                      0.0000000000000000e+00         0.0000000000000000e+00         0.0000000000000000e+00         0.0000000000000000e+00         0.0000000000000000e+00         0.0000000000000000e+00         1.0830842907336841e-03        -3.4880691562800381e-02
2                                      0.0000000000000000e+00         0.0000000000000000e+00         0.0000000000000000e+00         0.0000000000000000e+00         0.0000000000000000e+00         0.0000000000000000e+00        -1.4040381836087477e-04        -2.8345563850910006e-02
3                                      0.0000000000000000e+00         0.0000000000000000e+00         0.0000000000000000e+00         0.0000000000000000e+00         0.0000000000000000e+00         0.0000000000000000e+00         8.2777559662980310e-02         2.4711773096966198e-02
4                                      0.0000000000000000e+00         0.0000000000000000e+00         0.0000000000000000e+00         0.0000000000000000e+00         0.0000000000000000e+00         0.0000000000000000e+00        -8.3233925532789382e-02         8.7341330732748884e-02
5                                      0.0000000000000000e+00         0.0000000000000000e+00         0.0000000000000000e+00         0.0000000000000000e+00         0.0000000000000000e+00         0.0000000000000000e+00        -8.1298248082081692e-02         5.0851831314142552e-02
6                                      0.0000000000000000e+00         0.0000000000000000e+00         0.0000000000000000e+00         0.0000000000000000e+00         0.0000000000000000e+00         0.0000000000000000e+00         4.4404190199889192e-02         1.6860663261464102e-02
7                                      0.0000000000000000e+00         0.0000000000000000e+00         0.0000000000000000e+00         0.0000000000000000e+00         0.0000000000000000e+00         0.0000000000000000e+00         1.2663186662950029e-01        -5.4713612764865169e-03
8                                      0.0000000000000000e+00         0.0000000000000000e+00         0.0000000000000000e+00         0.0000000000000000e+00         0.0000000000000000e+00         0.0000000000000000e+00         1.1743225653067032e-02        -8.3938553839790167e-02
9                                      0.0000000000000000e+00         0.0000000000000000e+00         0.0000000000000000e+00         0.0000000000000000e+00         0.0000000000000000e+00         0.0000000000000000e+00         9.7657951325776232e-03         3.8220888651631993e-03
10                                     0.0000000000000000e+00         0.0000000000000000e+00         0.0000000000000000e+00         0.0000000000000000e+00         0.0000000000000000e+00         0.0000000000000000e+00        -4.9923332292940497e-03        -5.5515703588021520e-02
11                                     0.0000000000000000e+00         0.0000000000000000e+00         0.0000000000000000e+00         0.0000000000000000e+00         0.0000000000000000e+00         0.0000000000000000e+00        -1.3634209255592327e-03        -3.8964442910600874e-02
12                                     0.0000000000000000e+00         0.0000000000000000e+00         0.0000000000000000e+00         0.0000000000000000e+00         0.0000000000000000e+00         0.0000000000000000e+00         1.6395829030086212e-02         1.8951923445462465e-02
13                                     0.0000000000000000e+00         0.0000000000000000e+00         0.0000000000000000e+00         0.0000000000000000e+00         0.0000000000000000e+00         0.0000000000000000e+00        -2.6819785974330160e-02         9.2668382859205506e-02
14                                     0.0000000000000000e+00         0.0000000000000000e+00         0.0000000000000000e+00         0.0000000000000000e+00         0.0000000000000000e+00         0.0000000000000000e+00        -2.6280080371076642e-02         7.3825194050328793e-02
15                                     0.0000000000000000e+00         0.0000000000000000e+00         0.0000000000000000e+00         0.0000000000000000e+00         0.0000000000000000e+00         0.0000000000000000e+00        -1.3560578252256514e-01        -6.4514512529627852e-02
16                                     0.0000000000000000e+00         0.0000000000000000e+00         0.0000000000000000e+00         0.0000000000000000e+00         0.0000000000000000e+00         0.0000000000000000e+00        -7.3117577165841456e-03        -7.2658173316692734e-02
17                                     0.0000000000000000e+00         0.0000000000000000e+00         0.0000000000000000e+00         0.0000000000000000e+00         0.0000000000000000e+00         0.0000000000000000e+00         4.3059548339570007e-02         2.5842290937401886e-02
18                                     0.0000000000000000e+00         0.0000000000000000e+00         0.0000000000000000e+00         0.0000000000000000e+00         0.0000000000000000e+00         0.0000000000000000e+00         3.9840548524656986e-03        -3.8523614771662003e-02
19                                     0.0000000000000000e+00         0.0000000000000000e+00         0.0000000000000000e+00         0.0000000000000000e+00         0.0000000000000000e+00         0.0000000000000000e+00         8.8273969347044535e-04        -3.5894720145696425e-02
20                                     0.0000000000000000e+00         0.0000000000000000e+00         0.0000000000000000e+00         0.0000000000000000e+00         0.0000000000000000e+00         0.0000000000000000e+00        -1.3997477912355558e-03         1.2524798836918510e-01
21                                     0.0000000000000000e+00         0.0000000000000000e+00         0.0000000000000000e+00         0.0000000000000000e+00         0.0000000000000000e+00         0.0000000000000000e+00         9.2383431050674317e-03        -5.3681691807682787e-03
22                                     0.0000000000000000e+00         0.0000000000000000e+00         0.0000000000000000e+00         0.0000000000000000e+00         0.0000000000000000e+00         0.0000000000000000e+00         6.7225623780903362e-04        -1.5563912749865616e-01
23                                     0.0000000000000000e+00         0.0000000000000000e+00         0.0000000000000000e+00         0.0000000000000000e+00         0.0000000000000000e+00         0.0000000000000000e+00         5.3898948560901641e-03        -1.1852967399884964e-01
24                                     0.0000000000000000e+00         0.0000000000000000e+00         0.0000000000000000e+00         0.0000000000000000e+00         0.0000000000000000e+00         0.0000000000000000e+00         1.3774429551911777e-03         6.8975895872632656e-02
25                                     0.0000000000000000e+00         0.0000000000000000e+00         0.0000000000000000e+00         0.0000000000000000e+00         0.0000000000000000e+00         0.0000000000000000e+00        -1.2078868086334300e-03         1.0499406860327480e-01
26                                     0.0000000000000000e+00         0.0000000000000000e+00         0.0000000000000000e+00         0.0000000000000000e+00         0.0000000000000000e+00         0.0000000000000000e+00         1.5720862318125150e-03        -8.3925937412923396e-02
27                                     0.0000000000000000e+00         0.0000000000000000e+00         0.0000000000000000e+00         0.0000000000000000e+00         0.0000000000000000e+00         0.0000000000000000e+00         3.2174563181382107e-02         3.4044484972816806e-02
28                                     0.0000000000000000e+00         0.0000000000000000e+00         0.0000000000000000e+00         0.0000000000000000e+00         0.0000000000000000e+00         0.0000000000000000e+00         1.2492197849542278e-01         1.5220781122157775e-01
29                                     0.0000000000000000e+00         0.0000000000000000e+00         0.0000000000000000e+00         0.0000000000000000e+00         0.0000000000000000e+00         0.0000000000000000e+00         2.1027910095523850e-01         1.3844661678273440e-01
30                                     0.0000000000000000e+00         0.0000000000000000e+00         0.0000000000000000e+00         0.0000000000000000e+00         0.0000000000000000e+00         0.0000000000000000e+00         1.8272066701231507e-01         5.4899049021365880e-02
31                                     0.0000000000000000e+00         0.0000000000000000e+00         0.0000000000000000e+00         0.0000000000000000e+00         0.0000000000000000e+00         0.0000000000000000e+00        -1.4342930242544497e-01        -2.7879967134548575e-04
32                                     0.0000000000000000e+00         0.0000000000000000e+00         0.0000000000000000e+00         0.0000000000000000e+00         0.0000000000000000e+00         0.0000000000000000e+00         2.5962801757521420e-01        -2.1841770193663126e-01
33                                     0.0000000000000000e+00         0.0000000000000000e+00         0.0000000000000000e+00         0.0000000000000000e+00         0.0000000000000000e+00         0.0000000000000000e+00         9.7323989051056777e-03        -5.0097517959236518e-02
34                                     0.0000000000000000e+00         0.0000000000000000e+00         0.0000000000000000e+00         0.0000000000000000e+00         0.0000000000000000e+00         0.0000000000000000e+00         4.5843869887584037e-04        -1.8675002162737830e-01
35                                     0.0000000000000000e+00         0.0000000000000000e+00         0.0000000000000000e+00         0.0000000000000000e+00         0.0000000000000000e+00         0.0000000000000000e+00        -2.6209511643762958e-03         1.0259652053908327e-02
36                                     0.0000000000000000e+00         0.0000000000000000e+00         0.0000000000000000e+00         0.0000000000000000e+00         0.0000000000000000e+00         0.0000000000000000e+00        -5.8252459803737810e-03         4.3605727268708955e-02
37                                     0.0000000000000000e+00         0.0000000000000000e+00         0.0000000000000000e+00         0.0000000000000000e+00         0.0000000000000000e+00         0.0000000000000000e+00        -4.4595624020502553e-03        -5.7644448048193818e-02
38                                     0.0000000000000000e+00         0.0000000000000000e+00         0.0000000000000000e+00         0.0000000000000000e+00         0.0000000000000000e+00         0.0000000000000000e+00         5.7190631617064390e-03        -1.8219539399297235e-01
39                                     0.0000000000000000e+00         0.0000000000000000e+00         0.0000000000000000e+00         0.0000000000000000e+00         0.0000000000000000e+00         0.0000000000000000e+00         5.8318338254576482e-02        -1.4441208836650496e-02
40                                     0.0000000000000000e+00         0.0000000000000000e+00         0.0000000000000000e+00         0.0000000000000000e+00         0.0000000000000000e+00         0.0000000000000000e+00        -2.9272549988704082e-02         1.0195364713316415e-01
41                                     0.0000000000000000e+00         0.0000000000000000e+00         0.0000000000000000e+00         0.0000000000000000e+00         0.0000000000000000e+00         0.0000000000000000e+00         2.4187697040158055e-02         2.1308256935335709e-01
42                                     0.0000000000000000e+00         0.0000000000000000e+00         0.0000000000000000e+00         0.0000000000000000e+00         0.0000000000000000e+00         0.0000000000000000e+00        -2.5069419188931283e-02         7.4747744401618521e-02
43                                     0.0000000000000000e+00         0.0000000000000000e+00         0.0000000000000000e+00         0.0000000000000000e+00         0.0000000000000000e+00         0.0000000000000000e+00         1.6527717401797447e-02         2.2767566482413015e-01
44                                     0.0000000000000000e+00         0.0000000000000000e+00         0.0000000000000000e+00         0.0000000000000000e+00         0.0000000000000000e+00         0.0000000000000000e+00        -2.6338350501175820e-02         2.2480191319957536e-02
                                                         8                           9                          10                          11                          12                          13                          14                          15

0                                      2.2619180022137452e-03        -5.0979436223653106e-02        -1.4261502380600344e-04         2.8718888499679733e-02         1.4687701837498701e-01         5.3784813784910381e-02        -2.2990437391622886e-02         2.7202461269107288e-03
1                                     -9.0049873208852410e-02        -7.2548616378170255e-02         1.1299341591305414e-02        -6.6040734858141895e-03        -1.0301664109165248e-02         1.0229613323260051e-02         6.6062877575649194e-03        -8.7249130669394687e-03
2                                     -8.4542782898560195e-02         8.1629839683550379e-02         1.1127419832410123e-02         1.9277637176914900e-02        -1.0472458937215398e-02        -2.0679595746297099e-02        -6.9520868080603293e-03        -3.8150481995654945e-03
3                                      7.1762815573801096e-03        -3.7561540957837432e-02         1.6046482571246854e-03        -1.6917042485491428e-02        -7.7640173140123822e-02        -3.9284434087998241e-02         5.5775628913254910e-02        -5.2820195337709066e-03
4                                     -2.2313382071024169e-02         3.0024879853087327e-02         1.0386769245342290e-02         8.4907000622134188e-02        -2.4080064485122985e-02         1.0716798604955127e-01         4.0601629783037899e-02         2.4364867631739218e-02
5                                      1.8666699190363338e-02        -7.4383820958966812e-02         3.3639786316779917e-03         1.2749679323375310e-01        -4.7584920731621599e-02        -4.4839380416462904e-02        -8.8819446506620908e-02         2.4886897557508624e-02
6                                      2.3534570969890402e-02         3.9853087069358147e-02         8.2007862814799794e-04         2.3606781886111618e-02        -9.8332741777412164e-02         5.9044060339733737e-02         1.2075748551821494e-01         1.8358264673413137e-02
7                                     -4.4723442826990673e-02        -4.4877547054961060e-02         4.7636796261469831e-03        -4.1391506951190274e-02         3.1126563480035280e-03        -1.5650091104323884e-02        -2.9602096167821342e-02        -1.2355543027081814e-02
8                                      3.2501902615212061e-02         5.7469759083108911e-02        -3.1021683605551901e-03         5.6344348192286398e-02         3.9993875610069889e-02        -2.4433215776127021e-02         1.2335981662135137e-01         9.7627842912205495e-03
9                                      7.0407216629263854e-03         4.0923388859860001e-02        -4.4516312217622190e-03         4.6171798788955387e-02         9.4213291481968886e-02        -2.0109379967726628e-02        -3.7394583188273225e-02        -4.0260807341914503e-03
10                                     8.2329390693675342e-02         4.1440047619488163e-02        -5.7913387306574575e-02        -1.2318098081858131e-02        -2.1122634877812345e-02        -6.5501136727857470e-02        -2.9119020478781846e-02        -4.9697851715013085e-02
11                                     6.4262759225031829e-02        -4.8779973479620160e-02        -4.3599464670035962e-02        -5.3635649118546673e-02         2.9879175284744281e-02         7.5404541131215183e-02         3.5929684713241782e-02        -3.4112281357361794e-02
12                                     2.0033089692934280e-02        -1.0361939906860232e-02         2.2578789866639216e-03         3.3645568470086262e-02        -1.9585022330239007e-02        -8.9121315195778997e-02        -3.4052504591666803e-02        -1.7628011761728207e-02
13                                     6.6080123883977063e-02         1.0618302029341832e-01         2.6507248224979053e-02        -3.2387418395073683e-02         3.5749098421847827e-02         7.4795756284974657e-04        -1.3646292783665069e-03        -4.7412725465425805e-02
14                                     7.3166744633047426e-02        -8.8366052402242712e-02         1.6854553722269808e-02        -6.2612329104441006e-02        -3.4232653372031761e-02         2.5746276830346951e-03        -6.4294421304382824e-04        -4.0811243208849199e-02
15                                    -5.2425500250022135e-02         2.0885694249135677e-02        -7.4869649104450484e-04        -1.0845046090582690e-01        -5.5425712936124832e-02         2.5436261135767930e-02        -3.7697340904519046e-02        -3.9843596100183525e-03
16                                     1.5539400167695623e-02        -3.9069077917884970e-02        -2.4479722521486879e-03         3.3740882782869436e-02        -2.7384511913744847e-03        -8.5652748517098306e-03        -8.4168906418467110e-03         8.0878937912463832e-03
17                                    -8.0597971987672809e-02         4.2258377703533016e-02         9.0168468669952918e-03        -5.1785207204487552e-02         3.5305135681221893e-02        -3.3211033495986627e-03        -9.1248078681984025e-03        -8.4047762803369369e-03
18                                    -6.8221624412041423e-02        -1.6610478150182889e-01         2.4947263810560588e-01         4.0347580878049266e-02         2.0067605647323469e-01         1.6693131938403657e-01         2.1793482902947001e-02         1.7482425495521586e-01
19                                    -9.2699889696724477e-02        -7.6377189507376764e-02         1.9225396260803763e-02        -6.3480776105875247e-03        -8.1749317675465765e-03         1.4127065749935183e-02         8.1513972059270960e-03        -8.8973476976594021e-04
20                                    -2.7347760490667672e-01         1.0744549575934322e-01        -4.3237856192190360e-01         2.2233622937751725e-02        -2.8962154232229906e-02        -4.5425612887006861e-02        -1.5309552024215250e-02         1.5604318062771047e-01
21                                    -5.2841071367316951e-03         4.8126731535585374e-02         3.9552332427486632e-02         6.4829861574901088e-02         7.8595927845343846e-02        -5.4697267693297913e-02        -6.4006405661793581e-02        -6.1982151803106065e-04
22                                    -4.0730413305094838e-02        -1.7085294868499867e-01         4.5280757606232180e-01         3.2463732243134522e-03         3.4011938871925933e-02         1.0271385836466936e-01         4.3940961354839478e-02         6.9289846499067609e-02
23                                    -6.5414601139132444e-02         1.6046755152947431e-01         3.3034280738654864e-01         7.5222097667704310e-02        -8.0610087796625998e-02        -1.1738376138194989e-01        -4.1380662109877953e-02         3.7877402712758329e-02
24                                     7.7160871539210030e-02        -1.2202650958204393e-01        -2.8608880254630148e-01        -4.3395419917347959e-02         2.2348055381920548e-01         1.4689757653573751e-01         7.0815394921927358e-03        -1.3655166054509699e-01
25                                    -2.7633309956745283e-01        -7.1170642549761562e-02        -3.7675824515415984e-01        -5.8985848212448587e-03        -6.6079076940424898e-03         1.8447351493047624e-02         1.1031562320412611e-02         1.6653229716366541e-01
26                                    -3.4066772541141425e-02         9.2004033531797896e-02         1.8335591091300923e-01         2.9876786484712970e-02        -2.3709235550597011e-02        -3.7821464290079147e-02        -1.3108723675114120e-02        -3.8993957630087513e-02
27                                    -1.7708409072863925e-02        -1.3732890668667511e-01         2.1714909872223766e-03        -5.2516859820804521e-02        -1.2717735327672350e-01        -5.1562388326901881e-02        -1.0532919402940308e-02         1.2663253141830453e-02
28                                    -8.7145086819856957e-02         1.2624022674689610e-02         1.7131241913492103e-02         1.3734933874706520e-02        -3.5882281581381584e-02         9.2262554874263533e-02         2.9570130476174076e-02         4.7193142959190873e-02
29                                    -6.8335551767316108e-02        -9.4275988871906025e-02         1.2284666836263123e-02         3.4924433807450923e-02        -6.2228703708049046e-02        -6.4472473928361335e-02        -9.6325261376743590e-02         5.6365637283235792e-02
30                                     6.9694599233132315e-02         7.4061695313405881e-02        -6.8365955097868995e-04         8.7633842720585789e-02        -2.0522413175243129e-01         2.3277880125199216e-01        -3.9918155604858153e-02         2.6769535772683685e-02
31                                    -1.1392781225570667e-01        -1.2083615805176098e-01         1.1775497650082475e-02        -9.9366078671406455e-02         1.7145294218018875e-01        -3.3084093283304988e-01         3.3113049756066087e-01        -6.5258460529951786e-03
32                                     8.5018584091183291e-02         1.6646364842040531e-01        -1.8788796727743976e-02         2.3414235172601869e-02        -1.2654513329014588e-01         3.6350976610718494e-01        -4.6651331629842835e-01        -3.2508035015725176e-02
33                                    -8.0354421679748447e-02         9.1688521630897760e-02         5.0074840070321140e-03         8.5392359124644296e-02         1.2783920073922531e-01        -2.4079864452325246e-02        -5.2679355992934294e-02         2.8886509373888449e-02
34                                     2.1352367720963095e-01         2.7373669746620061e-02        -1.4592775357222257e-01        -1.6966303797167341e-02        -1.5739448872840154e-02        -6.6497575054790731e-02        -3.0151474465062868e-02         4.4698615424312593e-01
35                                     3.2596104846027582e-02        -5.0036263493765290e-02        -1.6197261047365848e-02        -5.6473071353273806e-02         2.3693291564246939e-02         7.5078499425492856e-02         3.7414029683813632e-02        -1.9339553174244298e-01
36                                     8.5554895902249517e-02         1.2505765277423961e-01        -1.8545305971482028e-02         4.8979528314954578e-02         1.3267368863821696e-01        -2.4066094786800260e-02        -5.0843812405236492e-02         2.2353740600686622e-02
37                                     8.4882114642955003e-02         4.1292404325264855e-02        -5.9455940047709065e-02        -1.2427274432709369e-02        -2.0694640301365478e-02        -6.4794111485178205e-02        -2.8905698139429673e-02        -3.6549221594770608e-02
38                                     1.9271602233745228e-01        -6.4343738798936095e-02        -1.3443429991635764e-01        -5.3478547117418555e-02         1.4348134561661974e-02         4.9543723366026866e-02         2.8047319955180755e-02         4.8472122120293781e-01
39                                     6.5709716688740968e-02         6.0522359669895652e-03        -1.0507684684466658e-02        -5.7573854053779301e-02        -1.2377160041110157e-02        -2.1960445574122178e-01        -1.2895105951604088e-01        -8.6132578679683824e-02
40                                     6.6183529151125645e-02         1.0811364126823804e-01         3.3742795418279729e-02        -4.3905306980994957e-02         3.8612166270934029e-02        -5.1214061103195541e-04        -6.0737623180262068e-03        -2.1116878529033559e-02
41                                     1.0703660829425449e-01        -2.5525443372115857e-02         1.4146656800539481e-01        -2.8875780440656085e-01         3.3378586544628643e-02        -6.0553976117363580e-02        -6.2349899012204536e-02         3.6106118146014460e-01
42                                    -9.9482636460479119e-03        -3.5036101285471299e-02         3.0451971201983476e-02         1.7463579468422669e-01        -8.1317482984454126e-02        -1.5109676464586089e-01        -6.1834549396000006e-02         9.0843887698712003e-02
43                                     1.0299974659989113e-01         1.5235534957494815e-01         1.4537194270179377e-01        -2.7473386043004216e-01         8.4794835248805933e-02        -6.9770211876227090e-02        -7.1652512702304896e-02         3.2471105632017661e-01
44                                     6.3290774375851830e-02        -9.9870004287594377e-02        -2.5793345437539777e-02        -1.4990130723839973e-04        -4.2615187386151047e-02         3.2904578714236320e-02         2.5156908249468389e-02        -1.7242141188090615e-01
                                                        16                          17                          18                          19                          20                          21                          22                          23

0                                     -1.6865515737425297e-03        -1.8303250216463375e-02         1.0126233193132499e-01         5.9977096649614835e-02         8.9792768842059126e-02         3.0522402357625659e-02        -1.8140369296212468e-02         1.1312128054322577e-03
1                                     -3.3854327087335497e-02        -2.6053413535315390e-02         1.4959600356065153e-02        -4.3101085913851325e-02        -4.1411975560308262e-02        -2.6368743398257261e-02        -5.6700883763812875e-02         3.5159211954307351e-02
2                                     -3.2699481947374313e-02        -4.6966465887093070e-04        -2.9132839397373149e-02         1.2486882063304325e-02         8.3781214167231458e-02        -2.4634284093238687e-02         5.6089165074148996e-02         1.2470739811182551e-02
3                                      8.4045701024000174e-03        -3.1335280025427022e-03        -1.7801000862307400e-02         1.1283358755580791e-02         2.9315110890318741e-02        -5.4121264430882519e-02        -4.6859439019367718e-02        -7.2942957631577335e-02
4                                     -7.8747489260443497e-03        -2.8084334899926990e-02         2.5765087504573379e-02        -9.3238382192494376e-02         3.0570162608768633e-04         5.2233805371058567e-02         4.4447316714500806e-02        -5.5062964462329417e-02
5                                     -4.2794425786382519e-02        -9.6527874876560296e-03        -4.6576382408360588e-02         9.5604670497947367e-02        -9.3051257784847290e-03        -2.3521586684673544e-02        -6.1529550524100737e-02        -5.2305986847069878e-02
6                                     -2.2387402342669661e-02        -2.3883221898137904e-02         2.1635412611542692e-04         5.6989344653184747e-02        -9.7460098369811180e-03        -2.1965605565914888e-03         3.3860868197833748e-03        -2.0313724022574229e-02
7                                      2.3019575549657681e-02        -3.2514497710859291e-02        -1.4131114823191531e-02         1.2636788784442781e-02         1.3625850032218967e-02        -2.1883977748483417e-02        -1.4896973224370219e-02        -8.2985849825291513e-03
8                                     -1.8343681973505020e-02         4.7160445542375640e-02         2.7797715195915434e-02        -2.8138891599514403e-02         1.2268217239372870e-03         5.8549888779851835e-04         1.2574849387233187e-02         4.9112666307367416e-03
9                                      1.1962927066938118e-03        -6.4290313441416076e-03         5.1181851769098062e-03        -4.5693626925509261e-02        -1.5196466529062783e-01        -6.1023479321530405e-02        -9.3370230435432745e-04        -3.0743722539859088e-03
10                                    -2.7906406053221637e-02        -8.4341815827965478e-03         4.8115328991051969e-02         4.6705694241502609e-02         1.2069872436979798e-02         5.0107930704333947e-03         9.1446971459242660e-02        -5.9153354197182581e-02
11                                    -2.6881237893846610e-02         1.3075706051490348e-02        -6.8276883619337481e-02        -2.5858606567196563e-02        -4.3356016345130879e-02         7.8663418607500007e-02        -8.5933060522480093e-02        -1.4487586859380733e-02
12                                     3.2447931379726645e-02        -6.6464536597784733e-03        -5.3606441514804724e-02        -1.1276907571325528e-01         2.0961367169735890e-02         1.0925209389225075e-01        -1.1529272485447427e-02         3.4846677572263750e-02
13                                     6.1077359167269481e-02         5.0380920839283694e-02        -5.7652428640110873e-02         3.7931831984644733e-02         4.9083055024674589e-02        -4.5303419881874502e-02        -9.9350656528862921e-02         4.4858455956041342e-02
14                                     7.7988494139771700e-02        -1.0505608300218534e-02         8.6422653528654719e-02        -5.0843922939304419e-02        -1.4776419772844005e-02        -6.2435440302956544e-02         8.9068329091854970e-02         4.2582768741691708e-02
15                                    -1.0084627697404269e-02         4.0632460045062380e-02         6.5526726610908650e-03         1.3033891022716317e-02         2.8072937160628837e-03        -1.0529584011383597e-02        -8.3112034760367322e-03         2.2300817207696926e-02
16                                    -1.3549469053809337e-02        -1.0991188537551329e-02        -6.6058890958166734e-03         3.4749423076700689e-02        -2.6465747817353613e-02         2.8575207611610552e-02         1.8727991711682167e-02         5.3771615412250368e-02
17                                     2.6879815034778497e-02        -6.8585966091275763e-02        -1.8499651445747844e-02         1.4251421750405918e-02        -1.1126311869842417e-02         1.3957294850407182e-02         1.5171071975992934e-02         2.0875173433581667e-02
18                                     2.6164376555810931e-01         1.8718357287204576e-01        -2.0073637635214672e-01         1.8264587368606300e-01         1.4910592058870686e-01         6.1794234160831366e-02         2.7623954564095743e-01        -1.3158045360363177e-01
19                                    -2.1134417549525789e-02        -1.6652159557157598e-02         2.3409949237280870e-03        -3.7664973970039081e-02        -4.3061471763929729e-02        -2.5266840035257750e-02        -4.4086053207481220e-02         2.7304135139712329e-02
20                                     2.1947467259578901e-01         6.3379264525091419e-02         7.0300037185048667e-02         8.8501624541644369e-02        -9.8446443417527386e-03         1.2056669429178277e-01        -1.5281144862517096e-02        -7.3285533888714102e-02
21                                     5.2468589700133753e-02        -1.0328815112820194e-01         4.2176720392609940e-01         6.2083263102891507e-02         5.3561776876725658e-03         1.1148876016778973e-01        -2.1234452387561228e-01         1.6320203770899638e-02
22                                     1.1927369914913115e-01         1.2036708580839109e-01        -2.3514339515855384e-01         2.7886513592710455e-02        -3.3391822503986229e-02        -1.4573111020916780e-03         1.3454689536383499e-01        -7.1420469681089629e-02
23                                     1.3495465075455437e-01        -3.2172661669519771e-02         2.6762197572557833e-01         5.4079838384977437e-02        -3.4523362875688725e-02         1.0752341176453201e-01        -1.1101985429302462e-01        -2.8384407417377522e-02
24                                    -3.1725127192295721e-01        -4.0195484161183369e-02        -1.8391772078995339e-01         1.1749296091876825e-04         2.9133216785456023e-01        -1.4693756374842401e-01         1.9677593143463198e-01         6.6037458949562602e-02
25                                     2.2262639014721478e-01         9.7377971011656447e-02        -6.1013068042147872e-02         4.4448253815151932e-02        -9.9734857825278647e-02         4.6196719264140415e-02         6.4426113299411933e-02        -8.3267241173321127e-02
26                                    -6.5540836536425756e-02        -3.6809948131036288e-02         4.1812353334527340e-02        -5.3031853619265566e-03         7.3356950200517107e-02        -1.6938581246481666e-02        -1.7602488270099737e-02         3.9756336755036516e-02
27                                    -2.5758980022940400e-02         2.7158532457172820e-02         4.0177352045870626e-02         2.8487716183747368e-02         2.8835761862122064e-03        -1.0411176410779804e-01         9.9122204804727554e-02        -1.5720371242240877e-01
28                                    -1.6505811808905524e-01         4.4114119022273940e-01         1.7522059925860295e-01        -1.2130995187956133e-01        -2.4927510253646496e-02         6.5720140963882734e-02         6.9092462946050981e-02         1.2562791863799905e-01
29                                    -2.5638591119481241e-01         6.2008737703348160e-01         1.5200495955323418e-01         6.3893793989878517e-02        -4.3700975906053270e-02        -1.0872256835529271e-02        -3.9993672284629425e-02         1.8501681284392560e-01
30                                    -1.5603106369741085e-02        -1.6263652440356774e-01        -4.6594105590054641e-02         2.4877354147679764e-01        -1.1979531157546523e-01         8.7215341370786126e-02         1.0982317874088705e-01         3.8456785890847944e-01
31                                    -8.2865395052989597e-03         8.7473549293415956e-02         2.4408310928469974e-02        -9.6039155901568182e-02         8.5800559101201573e-02        -8.2898384785414739e-02        -9.6789636078677466e-02        -3.0914602885264075e-01
32                                     5.2417808570724513e-02         1.0967690797901587e-01         5.1180241532919300e-02        -2.8923722078604375e-01         1.3352674440130957e-01        -1.0252663823066184e-01        -8.8529878747245411e-02        -4.0594472223449057e-01
33                                    -2.8045245080803372e-01        -8.4822245286907155e-02        -1.4381856165123710e-01        -1.3374845761474824e-01        -1.4206900805509010e-01        -3.2499059731069785e-01         1.0758331468632952e-01         6.0321154699121783e-02
34                                     1.4741292839569459e-01        -2.8014460086891618e-03         4.2360764023634950e-02        -9.7070677888256435e-03         9.0922374089616953e-02        -1.2409374624662987e-01         5.2135852177169258e-03         9.3925782253537551e-02
35                                    -4.6286360198858470e-02         2.1607516836536916e-02        -4.8117683658731640e-02         1.1930090007982363e-03        -6.9685439840359215e-02         1.5140007862835514e-01        -7.4731567320861780e-02        -6.8912361249339998e-02
36                                     2.4384390094054079e-01         1.8426594797570192e-01        -1.6275169663136513e-01         8.8334498012520857e-02        -3.0085654645248372e-01        -1.3013770158843629e-01         1.8512299436203911e-01        -9.5513652531360974e-02
37                                    -2.1408466423347396e-02        -6.6866793658512322e-03         4.7601995309241106e-02         4.6021476893852317e-02         1.5529447423177517e-02        -8.9838508259802176e-04         9.1556051595254137e-02        -5.5224737610413750e-02
38                                     1.3232968879978144e-01        -1.1515834693730730e-02        -4.9360662376345600e-02        -1.1876636964506868e-01         5.8445352350790271e-02        -4.7878778870454587e-02        -1.6429070357354222e-01         1.5849622750183223e-01
39                                    -1.1094743743365828e-02         9.3335721087563217e-02        -1.3428519707836445e-01         9.1256792282088739e-04        -1.4567471223663954e-02         4.6748485380943883e-01         2.1947082416191821e-01        -2.3961676522920979e-02
40                                     3.7939392091305563e-02         4.4138761751647257e-02        -5.6290422211953545e-02         3.5655447162086643e-02         4.6724786872779006e-02        -3.8764112615365519e-02        -1.0091249961780978e-01         3.4626931036950984e-02
41                                    -2.6788127499044539e-01        -1.4850544208397629e-01         7.6557296100029565e-02        -4.1182083621479654e-02        -1.0498423628198980e-01         4.5979350050870234e-02         9.9309601466483668e-02        -1.1862607997829391e-01
42                                     3.8085399861582589e-02        -5.0099143690255178e-02        -1.1315085810610953e-01        -3.2447360840903167e-01         3.4192527897083425e-01        -1.2198637009841751e-01         3.2795958118958565e-02         2.4620237496077987e-01
43                                    -2.6862533685814821e-01        -5.7209593926545274e-02        -3.7876336792885275e-02         2.4653440247805525e-02        -1.9027121137105488e-02         1.4059206987324291e-01        -2.6033072135347142e-03        -1.0950741733727719e-01
44                                     1.7944124718252435e-01         3.0893781242090881e-02         8.6307223665482533e-02        -1.8105820682926946e-02        -3.5357351540941107e-02        -9.5318032484337747e-02         4.8973301455516323e-02         6.1922219030471022e-02
                                                        24                          25                          26                          27                          28                          29                          30                          31

0                                      1.4398359672761593e-03         2.0491120744944004e-02         4.9495058342757994e-03        -6.4468800992069581e-04        -7.3638620045256131e-03         6.8045662050105309e-03         1.1962313651280362e-01         1.3359041257578574e-03
1                                      5.8943480963642624e-02         4.6213249825550154e-02         2.7569594049646259e-02         3.5012890331296655e-02        -2.6359429499815306e-03         1.9721318148684643e-02        -3.8301032254483704e-02        -1.9682428884078653e-04
2                                      6.1210958712893240e-02        -2.2082180031751233e-02        -8.1818451947896879e-03         4.0629520249254515e-02         4.6673137903330223e-03        -2.9289310861989104e-02         3.9550580483566314e-02         2.2258712229363168e-04
3                                     -6.2971891508125993e-04        -4.7924039703404336e-03        -3.8412828277826452e-02         1.5155763529722843e-02         5.5615102550454973e-02         4.2648984457232975e-02         2.0728083363543014e-03         2.6684181118738829e-02
4                                      2.0038639780838141e-02         1.2856921143371499e-02        -1.1976232902565316e-02         2.6609373001220250e-04         5.0438307579305230e-02         1.7054344614941611e-02         3.6644384542966393e-03        -3.6266001349359450e-03
5                                      1.3950658781904483e-02        -1.0932569225307047e-02         2.2094065496472116e-02        -6.1384243675218298e-03         2.6102854331135499e-02        -4.5143239262756393e-03        -1.3225070496037012e-03         3.1126129972623711e-03
6                                      1.9244888041036683e-02        -1.1477065289837624e-02         8.5661494653191256e-02        -3.5119930271348118e-02        -1.0107255540516447e-01        -5.2735093702865367e-02        -3.9343629368402246e-03        -8.7180104805610267e-03
7                                     -1.5827762903759032e-02        -9.3849091631202520e-03         5.4698697679009159e-02         5.2869362567436878e-03         1.1597005045453644e-01         3.9879799326723838e-03         6.8681595442365989e-03        -1.3440409494535632e-02
8                                     -1.2223621674581108e-02         2.0819480451189080e-02        -3.3047671261371592e-02         1.6968547622686653e-02         1.0056066233043069e-01         2.2459178897011284e-02         4.4614103370910633e-03        -3.0246015447860934e-03
9                                     -3.7540845662973666e-03        -4.5327495524095263e-02        -2.4554051007182252e-02         2.1204645743331505e-02         3.0317043762228275e-02        -1.3809129140943058e-01        -4.4831214808020443e-02         1.8285940355197816e-02
10                                    -7.8297647970944087e-02        -4.0002784275373460e-02        -9.5936242948185500e-03         1.9144425645312366e-02        -7.8382810781334623e-03         6.9530049853274061e-03         4.8483410224463182e-03         4.2425933909334300e-03
11                                    -7.9831340158979608e-02         3.1938132455304587e-02         6.8407932648812467e-03         3.2451479547227192e-03        -1.1458759895954376e-02         1.2405607347474598e-02        -6.3977076888429760e-04        -4.8324873123012368e-03
12                                     3.5956612132771536e-02        -9.1873560465046633e-02        -5.7040524743328692e-02         1.7937513565624157e-02        -3.8703830851526809e-02         8.7831123223515203e-02         1.2193946625593153e-02        -1.5591795315325971e-02
13                                     1.0513413932776544e-02         1.5104618252593259e-02        -3.1640866939633631e-02        -4.1627818404944741e-02        -3.4055046700289513e-03        -1.7582385500103163e-02        -4.6897173853246944e-03        -4.1839463113374491e-02
14                                     1.7085030976631863e-02        -1.6412519046985572e-02         2.9521728069629879e-02        -3.8858754358049981e-02        -1.4705846016688671e-03         4.9346838035671558e-04         2.7756764449935975e-03         5.9197658462661742e-02
15                                    -1.3709784785266738e-02        -7.0702535975521019e-03         1.1322609015205811e-02         8.3056948698363477e-03         4.1289129320766393e-02         6.4630085577165588e-03         1.9347274668525920e-03        -3.5318697623270235e-03
16                                     7.5224729765368328e-03        -4.8583085372896533e-03        -2.3579567068783620e-02        -5.9024832220675345e-03        -1.0206643513524422e-01        -7.6879338489649653e-03        -5.0999399582362989e-03         1.0069838800030794e-02
17                                     6.5306082381384190e-03         5.1117087774108444e-03        -2.0445874224796143e-02        -5.5994988094592614e-03        -7.1121638879095367e-02        -7.7510181021926460e-03        -3.6512625924374053e-03         6.8254355109983265e-03
18                                    -1.4107226130560960e-01        -1.2797436224772107e-01        -4.7722404623130835e-02        -9.3963839086858611e-02         2.1852854648513307e-02         5.9823864323287033e-02        -4.6942635153464879e-01        -2.0905850989392103e-02
19                                     4.8545278683953294e-02         3.6405136658805411e-02         2.2330437080201094e-02         3.4290435695718012e-02        -2.3251331109553127e-03         1.5832334110382804e-02        -4.5138238677650967e-02        -5.8874460149111808e-04
20                                    -1.7764899272338869e-01         7.0569917980017492e-03        -2.3090963953046433e-03        -1.0326940871352443e-01        -2.6031358399312528e-02         1.2994490126484887e-01        -1.5700233255734033e-01         5.4824231234297605e-03
21                                    -5.2509379846192812e-02         1.2820804959607851e-01         6.8492318384054285e-02        -4.3261257835427142e-02        -1.6917140209439296e-02         1.4056403419214675e-01        -2.7599777808764486e-01        -2.3275881185286534e-02
22                                    -1.1763319077587411e-01        -9.7956288463393382e-02        -5.9394719914257529e-02        -3.0839329102404577e-02        -6.9421248253722419e-03        -7.6279313782867481e-02         2.4419006959233222e-01         1.8596160873916041e-02
23                                    -1.2066591832458518e-01         4.3905071797889821e-02         2.6848649011131227e-02        -5.7729603997393561e-02        -1.2632809565148177e-02         9.4919450521832441e-02        -3.1320388987685271e-01        -2.2125591680975984e-02
24                                     1.9660054754896236e-01        -3.3184542308933640e-02         1.7621077131162351e-02         1.1367261125723825e-01         4.0531839867532079e-03         4.7957336047606616e-02        -4.5151874428452832e-01        -2.0672402254737557e-02
25                                    -1.4553848570571246e-01        -9.3253847111461910e-02        -5.7575793987839539e-02        -5.7056541323068574e-02         1.8440526764997658e-02        -1.3168258500413896e-01         2.1319735962341327e-01        -2.1241368446711286e-03
26                                     9.1279265595997028e-02         3.5354095970355000e-02         2.0895965001382921e-02         5.3396279140963530e-02        -5.7989010727671686e-03         2.1250515358928995e-02         2.9001173845477752e-02         3.9954457235437217e-03
27                                     2.1381430981453908e-02         5.5998462107274272e-01        -6.6309335788055079e-01        -6.1235822956419560e-03        -1.2028600552862526e-01        -9.7560769647817652e-02        -2.8041656102547639e-02        -3.3184467507897053e-02
28                                    -4.1233445776074594e-03        -1.7791854878382408e-02        -3.4336332682024878e-02         2.0676397795993825e-03        -4.8481536646238867e-02         9.7251933681835323e-03        -5.5062193736292649e-05        -1.1559619738336351e-02
29                                    -2.1218072282735697e-02        -7.7134765645313200e-02         3.2163457348630672e-02        -2.5330064431894903e-03        -9.0752518644980837e-02        -5.2048650163672256e-03        -3.2300750935114592e-03        -3.5868857000100414e-03
30                                    -8.5812642277284940e-02         2.2331728228636178e-02        -5.7967274981673346e-02         6.0025983970451266e-02         2.2957314802647721e-01         4.9913243248667978e-02         1.1984603330231153e-02        -7.5324633105541558e-03
31                                     7.2298021131566664e-02        -4.1280313942368460e-02         1.9863365641668396e-01        -8.1134253194336356e-02        -1.7141620079718772e-01        -9.6028876058620080e-02        -7.1912844727010207e-03        -1.9296676993783179e-02
32                                     7.4639117233727570e-02        -4.2497265522798144e-03         7.5061276576323013e-02        -5.9309333416925930e-02        -1.5507388720376264e-01        -5.2980359604797828e-02        -6.2196370902033874e-03        -2.5768772864569974e-03
33                                    -2.0308969231013710e-01         7.9284030647871470e-02         3.8184628307616909e-02        -6.4138375803979819e-01        -3.2834517400997694e-02         4.1053311247941959e-01         1.0629198572921374e-01        -3.5351542827457082e-02
34                                     1.7607134486118606e-01         1.2574781798773709e-02         5.9254532724844350e-03        -2.8675765976399890e-02         1.8935260184750634e-02        -1.5679583618600584e-02         1.3707793675424133e-02        -7.9133014070190424e-02
35                                    -1.3750482358378086e-01        -1.5231081864662385e-03        -4.7527975480934478e-03         1.0180934482480543e-01        -1.3213874708753865e-02        -4.7027324277482359e-02        -2.4974693207246518e-02         3.1073746313221094e-02
36                                     1.3733076868316413e-01         3.5847990962043852e-01         3.0433407918324040e-01         4.3071048343079582e-01        -1.3099199888458368e-01         4.2574865677481838e-01         1.0219771223271218e-01        -1.4130515483731827e-02
37                                    -7.2775597712331289e-02        -3.6612411498228699e-02        -1.0172106812913417e-02         1.9595863066669560e-02        -8.6156092161824866e-03         7.1335558992476154e-03         7.3544771117626181e-03         3.2315916000630360e-03
38                                     1.7902837952735418e-01         9.7040513837540181e-03        -2.1382143431068420e-02        -8.9344536418145243e-02         2.7118575704733788e-02        -4.7479999745213372e-02        -3.0818650743802804e-02         8.0736985422818125e-02
39                                     2.7304377979992983e-01         4.0150493260779785e-01         2.6308833733951931e-01        -3.6608134334790682e-01         2.1631734474444703e-01        -2.6532827328181846e-01        -1.6545345038123216e-02        -7.1034144955145512e-02
40                                     1.1850242460114313e-03         6.3760332929360493e-03        -3.8118851870500375e-02        -3.0338416690271441e-02        -8.2222795671017378e-03        -9.7390688885316771e-03        -5.8046408726291450e-03        -5.2011958790677791e-02
41                                    -9.0698833426547429e-02        -6.8767067248588734e-02         1.1230182587653910e-02         1.4891600100465580e-01        -1.2150703612686374e-02        -1.4444034034289601e-03         1.8930131050427217e-02        -6.6212987573949567e-01
42                                    -5.5095427547690801e-01         3.0812417922088320e-01         2.4762785636110674e-01         1.9373968879083850e-01        -9.6773087139592609e-02        -2.3624662117298495e-01        -2.3966089887410301e-02         2.0045391791918186e-02
43                                    -2.2257822119536329e-02         1.3294985212992300e-02         7.2318825045443935e-04         5.0309207591392895e-02         1.1146471000698757e-02         5.9671350509983734e-02        -1.0324586152707356e-02         6.3675997045742927e-01
44                                     9.6851832934932103e-02        -6.5162009339000126e-02        -1.8510255600529615e-02        -9.1876579402553588e-02         6.5462440005338313e-03         1.2522084663428447e-02         1.1346145862071754e-02        -1.9070152583976796e-01
                                                        32                          33                          34                          35                          36                          37                          38                          39

0                                      9.9037941207596163e-03        -1.1033988617103810e-03         6.1125810911247481e-03         1.8350336405276290e-02        -4.8636705061737225e-04         1.8555045432960413e-02         3.3754249707986898e-02         2.4064862522081279e-03
1                                      1.7345739039133692e-02         1.5778756744433114e-02         3.6731826191764953e-02         1.2924340618619077e-02         5.5688184474684924e-05        -1.4002053055432865e-02        -1.4929658629286725e-02        -4.7402829443354885e-03
2                                     -1.9310104566796965e-02         2.4575844375358064e-02         1.3911573776545415e-02        -2.9100522096063203e-02         5.3859062230336816e-04         1.7374374376277271e-02         1.6762761003042814e-02        -1.3904331962960878e-03
3                                      2.7078273663376687e-02         1.4176683044935304e-01        -9.0010874164390811e-02         5.4400757508486858e-02         1.0578773611657252e-03        -1.4242949209091274e-04         2.0482742061447148e-04        -8.0005557940091097e-04
4                                      5.1259966290107166e-03         2.3686958856080471e-02        -1.7036364653265093e-02         1.0415118812243485e-02        -6.8834946366226485e-05        -1.1260551661864714e-03         7.3137366282005417e-04         1.3729212212950550e-03
5                                     -4.7715484150409196e-03        -2.2090718449296897e-02         1.2548327558076288e-02        -8.4828484610883718e-03        -7.5552091990502485e-04         7.7005780450833288e-04        -5.1542379427843284e-04        -2.4057026120424358e-03
6                                     -1.2832506110584747e-02        -6.6376367496723834e-02         4.2709362351706665e-02        -2.4518334353611639e-02        -5.1132530777186342e-04         1.9991410982466961e-04        -1.3928584455488887e-04         3.0951043785808511e-04
7                                     -1.6811054127035489e-02        -8.8514428361417971e-02         5.4288888300650810e-02        -3.2469252590501312e-02         1.0572707668669292e-03        -7.2269437011118721e-05         1.2318747014572427e-04        -1.1107102205092919e-05
8                                     -3.3397619964834961e-03        -1.7737694966362634e-02         9.6599527289988486e-03        -6.0917247144143417e-03         4.9356783495568899e-04         4.1201933819794556e-05        -2.2930721614201254e-05         1.2528882204241755e-04
9                                      2.4117886825789542e-02        -1.5996243499399090e-04         1.5104719185029657e-03         1.3496136389020480e-02        -4.4773247256537350e-04        -6.4703249430040632e-03         2.7025867568062352e-03         2.5367181402626855e-03
10                                    -2.8537905195045708e-02         4.7063330489394801e-03         2.4907693701623951e-02         3.3073749041338689e-02         4.3024950047703906e-03         3.1917914387267481e-02        -2.2211036698617653e-02         2.1682074970842204e-02
11                                     3.9408130197966143e-02         9.3102823615993160e-03        -1.9831929906790873e-03        -5.5288336504254292e-02        -9.7909894561534500e-03        -4.4362734904217493e-02         2.7673096201806063e-02         1.8954952610749806e-02
12                                    -1.0500452018533989e-02        -5.6448838278824839e-02         3.4610445363132340e-02        -3.2126488328574142e-02         6.1077664977311989e-03        -1.3977801329159703e-03         1.0491338597786862e-03        -5.1670675564832839e-03
13                                    -6.9278863900031906e-03         1.2910553553952284e-03        -1.2756897528866053e-03         5.1776616885464925e-03        -2.3301836840307597e-02         2.3135874580242255e-03         4.1241688007367149e-03        -7.3843156605537932e-02
14                                     7.6689187553180358e-03        -8.2975605368145831e-03         2.2972278650439863e-03        -6.8537572115340223e-03         6.1895717890280706e-02        -8.0887078551455469e-03         8.6024777905430224e-03        -3.4124966374994750e-02
15                                    -1.9967985252634306e-03        -8.5536478510762123e-03         5.1865837833093174e-03        -2.6615663258880489e-03        -1.0153274850493231e-03         9.4284885673549102e-05        -8.1057709799351124e-05        -1.1966940461555805e-04
16                                     1.0982608927084334e-02         5.7166009345899618e-02        -3.4526964755594976e-02         2.0612935756385696e-02        -7.1103667253657587e-04         1.3156562296319330e-05        -6.8524353966260175e-05         1.5104432413236944e-04
17                                     6.6537239224215370e-03         3.3150747294397036e-02        -1.9850346123882839e-02         1.1687261177666167e-02         4.5255015395005203e-05        -2.2119034592068213e-05        -1.5461356088655192e-05         1.2338121831857252e-04
18                                     9.2190370468484464e-03         2.4994690234912148e-01         3.7004102620522800e-01        -8.6510631596710297e-02        -1.6325312920336828e-03        -5.5371252839899231e-03        -6.1348258721279567e-03        -2.5188946225554653e-03
19                                     9.8790902740240379e-03         1.6505908275009865e-02         3.2540840073569416e-02         4.7634266637819897e-03        -3.7812653406249161e-03         3.5179297916874502e-01         4.8793204658965855e-01         7.4000658094019248e-02
20                                     3.8644710028255680e-01        -2.7215634922104309e-01        -7.7391869724900818e-03         4.5410073541289947e-01         3.1296797026823326e-04         5.4572405193428269e-03         4.2335563872193411e-03        -4.6996912193753211e-04
21                                    -1.4886133951844557e-01         3.3955132391202215e-02        -8.6975210379349230e-02        -1.5091769747431674e-01         5.6882929514862823e-03        -1.6063383499052550e-01        -3.2984993553967767e-01        -2.8212985663729807e-02
22                                     7.9708824092192571e-02        -3.5902902011025406e-01        -4.1832414527401784e-01         2.0364077452705154e-01         4.1654932562188709e-03        -7.2643179031301353e-02        -1.5313475831303772e-01        -1.2775756009625773e-02
23                                    -1.7571334521726917e-01        -1.5982569647354797e-01        -3.8135621969086553e-01        -1.2818015426888457e-01        -6.7904077347494931e-03         1.2031308449719169e-01         2.5237106658098835e-01         2.0469147321548097e-02
24                                    -8.4404139430192440e-02        -2.3547040532089838e-01        -3.9216319001455313e-01        -1.3738787626841274e-02        -2.7030779586409075e-03        -4.4726909291791225e-02        -6.0164542231286533e-02         9.6617750478377362e-04
25                                    -3.8420095775319762e-01         9.5878633697459290e-02        -2.2718418273319010e-01        -3.9443118151087059e-01        -4.3866426131656329e-04        -1.1602871133027598e-01        -1.5753893964868607e-01        -1.4004102239128927e-03
26                                     1.3417917502523163e-01         2.0670332757432790e-02         1.4972956762420941e-01         1.2054320190258615e-01        -1.8020986740147349e-03        -3.2928591319656048e-01        -4.5664824474293103e-01        -2.9760035455169716e-04
27                                    -5.4283354733809644e-02        -2.5124340298721487e-01         1.5797754150594331e-01        -9.6597929966470111e-02         3.5505140243983016e-04         1.6518739653558856e-03        -1.7268705046563180e-03         4.6783469476675919e-04
28                                     5.1204148964033138e-03         2.9380051144953571e-02        -1.6890566730635638e-02         1.2299968992402403e-02        -7.6646131411469169e-03         1.5698618168860683e-02        -8.6275262100300801e-03        -2.7152013793759915e-02
29                                    -3.0107840842370055e-04         1.0147583468654480e-02        -3.1815444368405651e-03         3.1493687867581344e-03         7.2801732175550539e-03        -1.2273419800259332e-02         7.3381944319065012e-03         1.5635342933582472e-02
30                                    -1.2898950943794136e-02        -6.8432611620142580e-02         4.1225098743353027e-02        -2.4821051527850847e-02         1.3428932156892937e-02        -1.0372404063289655e-03         1.6169261487359882e-03         2.2598449661836379e-03
31                                    -2.4434110323851954e-02        -1.2749515013759494e-01         8.1038887873033580e-02        -4.7870417869114043e-02         9.4675923337036571e-03        -8.8387555118136336e-04         1.1408935722423514e-03         1.2765117025727430e-03
32                                    -1.3419859203989571e-03        -7.5804409168837884e-03         6.3780355353274202e-03        -2.4766182413075342e-03         5.0702078958404853e-03        -3.2650444845326343e-04         7.4069475211904160e-04        -8.3337886551339963e-04
33                                    -5.4828183682239101e-02         2.6604102691097066e-02         2.2948786815392835e-02        -3.8711657806829350e-02         1.5859494804590726e-02         6.5983054986303732e-02        -3.9585471817878734e-02        -3.2357646029998667e-02
34                                     4.9609235148831698e-01         5.5399183612372959e-04        -1.2137939499645793e-01        -3.9614887879524430e-01         4.1183656372688907e-02         1.8592489600017190e-01        -1.1788733133146785e-01        -7.6490329002577392e-02
35                                    -1.3689088321351933e-01         8.9811205987544648e-03         4.7620611002735160e-02         1.0042608373404878e-01         1.1831403359092693e-01         5.2913054087088973e-01        -3.3097793440738538e-01        -2.3914752687309840e-01
36                                    -1.0165799944735933e-01        -1.2023244469012474e-02        -2.2958187889836525e-02         4.7168942551159432e-03         1.7544354666043104e-04         1.4968254977749736e-03         6.2277795200801447e-05         4.4755624727927457e-03
37                                    -2.2998713138166527e-02         4.1226421339157389e-03         2.6556486789328242e-02         2.9912431962776324e-02        -8.9417084581440182e-02        -5.6293730158097144e-01         3.8296729224309878e-01        -1.8590292094530533e-01
38                                    -5.1120241579278491e-01        -1.8110034833539054e-02         8.7745651072028377e-02         4.1844522195951128e-01        -2.0484596900357350e-03        -4.9089888821437300e-03         3.7769516948332887e-03         5.4196796274238344e-03
39                                     1.9190369906984379e-02         1.2525531755064059e-01        -1.0476433341570154e-01         7.8545566842319531e-02         9.6400304890452478e-03         1.5462968118259626e-04         1.4264563243875682e-03         7.1455013516083824e-03
40                                    -7.9590210971798078e-03         3.4215601850029844e-03         7.1238776575710885e-04         4.8088411207545022e-03         5.3664093497676901e-01        -6.3275452005622734e-02        -1.4676722477969103e-02         7.4971315040228692e-01
41                                    -2.7906121103501876e-02         6.0446420282633369e-02        -1.6832447653441576e-02         8.7442986544440229e-02        -5.8423420050047400e-03        -9.2383342013895150e-05         2.3039600291997514e-03        -3.6496605971343764e-02
42                                     1.0198553733273082e-02         5.6523477815028880e-02        -7.2643138346011110e-03         1.7547082319124944e-02        -9.2856602679122394e-02         1.3125162094098542e-02        -1.2047374560041971e-02         5.8186657868280575e-02
43                                     2.9623883975487483e-02        -5.7693306189586638e-02         2.7777786219162260e-02        -9.1147691086224378e-02        -2.6492192552081323e-01         3.5374521750695317e-02        -3.5855820010252365e-02         1.3812494155463592e-01
44                                    -7.0886487353231430e-03         9.3499979638124692e-04        -1.4336652883428702e-03         2.1931877885850940e-02        -7.3937167543860993e-01         1.0063764345127477e-01        -1.0846552578071469e-01         4.5826416761626110e-01
                                                        40                          41                          42                          43                          44

0                                     -2.2765981561327299e-03         7.6195270028896669e-03         4.6100877472393553e-02         6.7322087664597194e-03        -4.0649155077081388e-05
1                                     -2.4030397352281862e-02         6.8839043183689913e-02         3.7341928359487304e-02         6.3459945810047328e-03        -2.8035427494002408e-05
2                                     -1.7055414705264709e-02         4.5756818359529598e-02        -6.3630062851246449e-02        -8.5542058121584139e-03        -6.1545882746949236e-05
3                                      2.8579024639861051e-04         9.2507557839260110e-05         6.4280710351809201e-04        -4.7843735856289860e-03         9.0605458694560260e-03
4                                     -1.7469636025280399e-03        -1.5655960069636142e-03        -9.4727647982293869e-03         6.3823353815984071e-02         2.0679238529980729e-03
5                                      1.4690630255361329e-03         1.0186834349411892e-03         7.1152664545089559e-03        -4.7822963532542270e-02        -6.1311236635425486e-03
6                                     -2.6847038926763531e-04        -1.6370850041076403e-04        -1.8868840161549762e-04         1.2777639592628075e-03        -6.2105035043575604e-02
7                                      8.8493727633935162e-06        -3.6849869312328935e-05        -1.5922642214759207e-05         3.4241047943626209e-04        -5.3904020953384910e-02
8                                     -4.9247373896841329e-05        -5.3775693157749730e-05         9.0033286212341506e-06         1.5484719218008644e-04        -1.4428562357130087e-02
9                                      5.4197247813645858e-03         2.0925395589829142e-03        -4.7441157000281973e-04        -5.6552773510739045e-05        -4.7536930685788443e-06
10                                     6.4314382954910390e-02         2.4853022636645593e-02         2.3171629353465964e-03         2.7609020981965494e-03        -2.5184782560491259e-04
11                                     4.5091758630008930e-02         1.7502470245003059e-02        -5.5058746739167271e-03        -1.0611398194339088e-03        -1.0230580960835193e-04
12                                     1.9647997665719532e-03         3.3725446388257346e-04        -6.4520110821224296e-04         2.0802150086177743e-03        -2.9796080477784891e-04
13                                     2.5428183948767554e-02         4.6908075562687229e-03        -5.9919846798498866e-04         3.8053957892422098e-03         2.1293733143487476e-04
14                                     1.3882326547739729e-02         2.5269530975824098e-03        -1.3801756215878479e-04         1.2676514044399313e-03        -1.9322724494173599e-03
15                                    -6.3414822197002728e-05        -3.5478393423617626e-05        -1.1309493391220202e-04         7.4007001683718909e-04        -3.3873589517916004e-03
16                                    -1.2715098485211791e-04        -4.9516549158249600e-05        -1.3813717529225056e-04         6.2167589425908489e-04         9.2055191641967639e-04
17                                    -4.4746362584653845e-05         4.3622145493339102e-06        -6.0908105184550665e-05         2.4947055743956094e-04         1.1278746235938223e-03
18                                    -2.5384127375676505e-03         1.7261730003470675e-02         1.5968907555537960e-02         3.5976739273334752e-03        -1.0652274819585013e-05
19                                     2.2440531187335055e-01        -6.4047201657859287e-01        -2.9840488617573374e-01        -5.3560744782754278e-02         2.3029238722506717e-04
20                                    -2.6960017335772900e-03         7.9969547014551428e-03        -1.4962546434599501e-02        -1.8238950038945046e-03        -4.6901790898225401e-05
21                                     3.3101997131489936e-03        -2.4769190862113169e-02        -6.1928905526117106e-01        -9.1800739617589319e-02         6.8095801118317988e-04
22                                    -5.4908655689885691e-03         2.8056798376013634e-03        -2.7164859658282092e-01        -3.9616655091345251e-02         2.2738048336475597e-04
23                                    -7.5703319830706540e-03         2.9126050809534103e-02         4.5144426965062434e-01         6.6243611844759992e-02        -2.0378083391445824e-04
24                                     2.7528681999397855e-02        -8.2981401582021233e-02         5.6869048302879179e-02         7.6074983030797166e-03         3.1008472952016083e-04
25                                     6.9117872828176233e-02        -1.8539919207808656e-01         1.2273475994751985e-01         1.5409981345136201e-02         3.0852770859935292e-04
26                                     2.1458215672081640e-01        -5.8413916932642063e-01         3.2505278218458777e-01         3.9810859340582712e-02         1.1070231529219914e-03
27                                     5.9407664375451682e-05        -1.7270587678191023e-04        -3.9567921826414989e-03         3.0765220985198037e-02         1.1663649274700368e-03
28                                     2.1767185715229641e-02         1.7256430393602123e-02         1.1276869514944168e-01        -7.5742568102495533e-01        -1.5070436099176887e-02
29                                    -1.3203647586297919e-02        -1.1765835202939435e-02        -8.3638975286298614e-02         5.6222702648237144e-01         2.2732275844092712e-02
30                                     1.6648748717138214e-03         1.6984094891548376e-03         3.1019151476006507e-03        -2.0110562112924422e-02         6.8743376189063099e-01
31                                     1.6814652599924753e-03         1.6082797388180783e-03         3.0111299526464760e-03        -1.9922578346867021e-02         6.2272372569076428e-01
32                                     1.4680086735340317e-03         8.1363964082032964e-04         1.0844506181298607e-03        -7.1603283892370815e-03         2.1425145828514824e-01
33                                    -6.6496826142651289e-02        -2.8232770520994710e-02         8.4795196081753968e-03        -3.7093048438411713e-04        -1.5511043172936908e-04
34                                    -1.7443088008819960e-01        -6.6888332378774090e-02         1.8424470120576738e-02         4.0156567953826983e-03         5.2194220818696654e-04
35                                    -5.5331070111775493e-01        -2.0972076647888580e-01         5.7182251916682851e-02         1.0471006566559431e-02         2.2679564893005994e-03
36                                     1.5793037636328744e-03         3.6547909158092160e-03         1.4694239859871841e-03        -2.5395400834785651e-03        -3.3603247464249860e-05
37                                    -5.9825641742791469e-01        -2.2530712984169143e-01        -4.1247697002519713e-02        -3.6505218163765521e-02         1.4408937486531965e-03
38                                     1.4235520579716925e-02         4.5269161212217433e-03         4.5747325922817800e-04         9.0910430861757907e-04        -1.4906635248614324e-05
39                                    -4.5228419675980118e-03        -3.1058025333952416e-03        -1.2014017333011782e-03        -9.6469141577718519e-04        -1.8316216413847761e-04
40                                    -2.4309825402264323e-01        -4.5909195788450367e-02         2.5498501400215588e-03        -3.7946585644899070e-02        -1.0741839152277539e-02
41                                     1.2518723170351659e-02         3.3873372316339948e-03        -1.5837566237206507e-05         1.0368654626758355e-03         1.1139497578366575e-03
42                                    -2.0648632160112666e-02        -1.6859771906029754e-03        -1.0397651490271196e-03        -4.7882888331504127e-04         7.0788254280788377e-04
43                                    -5.5971301368076251e-02        -1.0112677507263053e-02         1.6439299780439372e-03        -2.7524731246420259e-03         4.2082626546752740e-03
44                                    -1.8172080984063493e-01        -3.5679340830982252e-02         4.9182933280154688e-03        -8.2076818843183456e-03         1.0850534617916569e-02
$End
$Geometry
   &GeometryIndex 4
   &NAtoms [&Type "Integer"] 15
   &NCorelessECP [&Type "Integer"] 0
   &NGhostAtoms [&Type "Integer"] 0
   &CartesianCoordinates [&Type "Coordinates", &Dim(15,4), &Units "Bohr"] 
              C     -4.323608724937    0.388048176143   -0.028359580347
              C      2.933478293005   -0.445456193730    0.376272614433
              C      5.262150691784    0.449073381716   -0.581444021364
              C     -1.802304500700   -0.557796495374    0.984642710432
              C      0.424744386629    0.452301304318   -0.539170139390
              O      5.338175589616   -1.759566822468   -1.618189318392
              H     -4.415932614214    2.446625144863    0.034224659366
              H     -5.900762538116   -0.349801930123    1.069176373665
              H     -4.587694729623   -0.190920411912   -1.989202064541
              H      2.970210325633   -1.990303893017    1.726618826023
              H      6.765714302062    1.789915492403   -0.252987673114
              H     -1.586962731766   -0.000411628843    2.960941481423
              H     -1.757219840716   -2.621486345492    0.947367886312
              H      0.436768547063    2.522377067311   -0.571962391848
              H      0.243243544281   -0.132596845797   -2.517929362659
$End
$SCF_Energy
   &GeometryIndex 4
   &Method [&Type "String"] "SCF"
   &totalEnergy [&Type "ArrayOfDoubles", &Dim (1,1)] "Total energy of each state"
                                                         0

0                                     -2.7101222336412394e+02
   &Mult [&Type "ArrayOfIntegers", &Dim (1,1)] "Multiplicity of each state"
                                                         0

0                                                        2
$End
$DFT_Energy
   &GeometryIndex 4
   &nAlphaEl [&Type "Integer"] 24
   &nBetaEl [&Type "Integer"] 23
   &nTotalEl [&Type "Integer"] 47
   &finalEn [&Type "Double"]      -2.7101222336412394e+02  "No Van der Waals correction"
   &eExchange [&Type "Double"]       0.0000000000000000e+00
   &eCorr [&Type "Double"]       0.0000000000000000e+00
   &eXC [&Type "Double"]      -1.8790172827905756e+01
   &eCNL [&Type "Double"]       0.0000000000000000e+00
$End
$SCF_Timings
   &GeometryIndex 4
   &TOTAL [&Type "Double"]       3.7312282999999994e+01
   &PREP [&Type "Double"]       2.6308140000000000e+00
   &FOCK [&Type "Double"]       3.4379167000000002e+01
   &DENS [&Type "Double"]       1.5264899999999670e-01
   &ETOT [&Type "Double"]       6.6204000000006147e-02
   &POP [&Type "Double"]       1.8189999999975726e-03
   &TRAFO [&Type "Double"]       1.1157500000000020e-01
   &DIIS [&Type "Double"]       4.2531499999999944e-01
   &SOSCF [&Type "Double"]       3.7522799999999812e-01
   &XC [&Type "Double"]       1.3247333000000005e+01
   &FOCKSTART [&Type "Double"]       2.2910000000007091e-02
   &INT_PREP [&Type "Double"]       1.9999999993913775e-06
   &INT_BF [&Type "Double"]       1.1431839999997981e+00
   &INT_DENS [&Type "Double"]       5.2189240000000581e+00
   &INT_DENSIO [&Type "Double"]       1.0004091181300014e+05
   &INT_FUNC [&Type "Double"]       2.6457899999999857e-01
   &INT_POT [&Type "Double"]       5.6329699999999701e+00
   &INT_POTIO [&Type "Double"]       4.8794000000113691e-02
   &INT_SUM [&Type "Double"]       7.8300000000108838e-04
   &SPLITRIJ [&Type "Double"]       1.1114229999999856e+00
   &COSX [&Type "Double"]       2.1292276999999999e+01
$End
$Single_Point_Data
   &GeometryIndex 4
   &FinalEnergy [&Type "Double"]      -2.7101222336412394e+02  "Final single point energy"
   &Converged [&Type "Boolean"] true
$End
$SCF_Nuc_Gradient
   &GeometryIndex 4
   &NAtoms [&Type "Integer"] 15
   &gradNorm [&Type "Double"]       7.8473133968948725e-04
   &grad [&Type "ArrayOfDoubles", &Dim (45,1)] 
                                                         0

0                                      9.2917804398462422e-06
1                                     -1.6722456242124206e-05
2                                      4.8749023061137042e-06
3                                     -2.0048975344900272e-04
4                                     -2.0911012944206664e-05
5                                      2.1537331883381833e-04
6                                     -2.0940035119793986e-04
7                                     -4.4042663737536847e-04
8                                     -8.6241747470704178e-05
9                                      4.8219580781397320e-08
10                                     6.2752757330843123e-05
11                                    -4.8007325531687628e-05
12                                    -1.0618319339777277e-05
13                                     8.1291157995263402e-05
14                                     2.8901235371116968e-04
15                                     2.8364002047533143e-04
16                                     2.5744283338602347e-04
17                                    -1.9565369097765406e-05
18                                     5.7351027340363236e-08
19                                     5.5158121242404601e-06
20                                    -7.1172468580102226e-06
21                                    -1.2580834506600858e-05
22                                    -1.6324884455631850e-06
23                                    -9.0598620346854508e-06
24                                     4.9824967584613522e-06
25                                     2.2713850132936864e-06
26                                    -6.3516983416778139e-06
27                                     3.5139125585121299e-05
28                                     2.5702349183198692e-05
29                                    -9.4406324513005013e-05
30                                     8.4324961040216362e-06
31                                     6.3883676129222744e-05
32                                    -7.3462349492389722e-05
33                                     4.1752082207222735e-06
34                                    -1.2619058053636723e-06
35                                    -1.5673696697762751e-05
36                                    -6.8057201506885670e-06
37                                    -1.7509406147295237e-05
38                                     3.5528265639912793e-06
39                                     1.9416605179117504e-05
40                                     3.3052921388776468e-07
41                                    -9.2199322968373239e-05
42                                     7.4711678104381549e-05
43                                    -7.2660339570790322e-07
44                                    -6.0728462268636041e-05
   &Method [&Type "String"] "SCF"
   &Level [&Type "String"] "Relaxed density"
   &Mult [&Type "Integer"] 2
   &State [&Type "Integer"] 0
   &Irrep [&Type "Integer"] 0
$End
$THERMOCHEMISTRY_Energies
   &GeometryIndex 4
   &temperature [&Type "Double"]       2.9814999999999998e+02
   &pressure [&Type "Double"]       1.0000000000000000e+00
   &totalMass [&Type "Double"]       8.5125999999999976e+01
   &spinDegeneracy [&Type "Integer"] 2
   &elEnergy [&Type "Double"]      -2.7101222336412394e+02
   &transEnergy [&Type "Double"]       1.4162714244859817e-03
   &rotEnergy [&Type "Double"]       1.4162714244859817e-03
   &vibEnergy [&Type "Double"]       4.3327642235379471e-03
   &numOfFreqs [&Type "Integer"] 45
   &freqScalingFactor [&Type "Double"]       1.0000000000000000e+00
   &FREQ [&Type "ArrayOfDoubles", &Units "cm^-1", &Dim (45,1)] 
                                                         0

0                                      0.0000000000000000e+00
1                                      0.0000000000000000e+00
2                                      0.0000000000000000e+00
3                                      0.0000000000000000e+00
4                                      0.0000000000000000e+00
5                                      0.0000000000000000e+00
6                                     -1.0075145437541290e+03
7                                      6.6713435918007889e+01
8                                      9.4428353266105987e+01
9                                      1.7646845996423548e+02
10                                     2.4718310496924866e+02
11                                     3.3082339920712013e+02
12                                     3.8320307517281032e+02
13                                     4.1038981508522528e+02
14                                     5.3956607581113860e+02
15                                     7.3301751693007486e+02
16                                     8.5395113327191336e+02
17                                     9.0882907751481844e+02
18                                     9.1729416097551393e+02
19                                     1.0050066646276911e+03
20                                     1.0716981654792617e+03
21                                     1.0954927896796200e+03
22                                     1.1352231249181457e+03
23                                     1.1470333722912671e+03
24                                     1.2527171806090821e+03
25                                     1.2817303343241942e+03
26                                     1.3072703272308911e+03
27                                     1.3261020512451216e+03
28                                     1.3885379528467049e+03
29                                     1.3904585281416885e+03
30                                     1.4189492518727818e+03
31                                     1.4562226631444878e+03
32                                     1.4970928326393766e+03
33                                     1.5037816121274725e+03
34                                     1.5057026572735815e+03
35                                     1.5132217571011270e+03
36                                     3.0331298844192506e+03
37                                     3.0589148003018086e+03
38                                     3.0626321808543394e+03
39                                     3.0644318956699517e+03
40                                     3.1000980184431878e+03
41                                     3.1337277160641679e+03
42                                     3.1439322310382540e+03
43                                     3.1458346170007994e+03
44                                     3.2226822006266402e+03
   &zpe [&Type "Double"]       1.2740309015750109e-01
   &innerEnergyU [&Type "Double"]      -2.7087765496689394e+02
   &enthalpyH [&Type "Double"]      -2.7087671075785170e+02
   &qEl [&Type "Double"]       6.5445636319338377e-04
   &qRot [&Type "Double"]       1.2747095078652008e-02
   &qVib [&Type "Double"]       7.4976771628372197e-03
   &qTrans [&Type "Double"]       1.8643169063384660e-02
   &entropyS [&Type "Double"]       3.9542397668067268e-02
   &freeEnergyG [&Type "Double"]      -2.7091625315551977e+02
   &isLinear [&Type "Boolean"] false
$End
$Hessian
   &GeometryIndex 4
   &HESSIAN [&Type "ArrayOfDoubles", &Dim (45,45)] "The Hessian"
                                                         0                           1                           2                           3                           4                           5                           6                           7

0                                      5.1372310784709008e-01         2.9585174732462326e-02        -3.4159888442111777e-02        -2.4804109500954231e-03        -1.8442346326468431e-03         2.9246169934479408e-03        -9.9568751293008240e-04        -8.8173432306276156e-04
1                                      2.9585174732462326e-02         5.6535434045140254e-01         8.9429114951485936e-03        -1.5724786690137604e-03        -4.2934960151126559e-04         2.4151171042471387e-03        -1.4481403038773659e-03        -1.3090688483854338e-03
2                                     -3.4159888442111777e-02         8.9429114951485936e-03         5.6625530841061211e-01         3.0085641633144766e-03         2.0031835719142980e-03        -2.5581700462344488e-03         1.3361599964330578e-03         7.3157051944106857e-04
3                                     -2.4804109500954231e-03        -1.5724786690137604e-03         3.0085641633144766e-03         5.3698461858152824e-01         1.0902040052125488e-01         3.0829618244149065e-02        -3.3715596990827906e-01        -2.4752540509328669e-01
4                                     -1.8442346326468431e-03        -4.2934960151126559e-04         2.0031835719142980e-03         1.0902040052125488e-01         3.1677992496745311e-01        -2.7380994113961921e-01        -6.5827155582164190e-02         6.9737598704282838e-02
5                                      2.9246169934479408e-03         2.4151171042471387e-03        -2.5581700462344488e-03         3.0829618244149065e-02        -2.7380994113961921e-01         3.0299417676017815e-01         1.1045699689677303e-01         1.7376475896172139e-01
6                                     -9.9568751293008240e-04        -1.4481403038773659e-03         1.3361599964330578e-03        -3.3715596990827906e-01        -6.5827155582164190e-02         1.1045699689677303e-01         5.8149471070312042e-01         1.7768940068576772e-01
7                                     -8.8173432306276156e-04        -1.3090688483854338e-03         7.3157051944106857e-04        -2.4752540509328669e-01         6.9737598704282838e-02         1.7376475896172139e-01         1.7768940068576772e-01         4.3314179155147858e-01
8                                     -5.3752020747962711e-04        -2.5153828989616885e-04         4.7778159845216612e-04         4.5655732282226802e-02         7.5276091189584851e-02        -3.0604243495371428e-02        -9.8880948322588730e-02         1.3056231161251908e-01
9                                     -1.7513889850108982e-01         3.8870519730848874e-02        -4.2906862999170861e-02        -3.0937413258480172e-02        -8.3588094689825004e-03         1.5110544681338770e-02        -4.4541782398112607e-03        -2.0283108264458390e-03
10                                     3.7205178174806119e-02        -9.4857196731125498e-02         1.6156011824237933e-02         5.1570160623311545e-03         1.6282825722136324e-03        -9.9434436999195734e-03         4.8579657766870451e-03         5.3720230304112812e-03
11                                    -3.9629198841594833e-02         1.5532761844721667e-02        -9.7238447737076614e-02        -8.9306496136342048e-03        -5.7236304560029753e-03         7.3320806287481867e-03        -3.6611791595222930e-03        -2.8415742381736292e-03
12                                    -3.1536671932832258e-02        -1.0715040696133285e-02         1.6653641699060164e-02        -1.8285062677991507e-01         4.3735390199742777e-02        -5.7419509652266727e-02        -2.4728306437554328e-02         1.4377767670262647e-02
13                                     9.0765113708524865e-03         4.6966628800060722e-03        -7.6590578979009475e-03         3.9012180722294842e-02        -1.0479174713462833e-01         2.4003396688888019e-02        -3.6196496819022681e-03         2.1918363320183473e-02
14                                    -8.0914779759686389e-03        -4.7495701968327253e-03         7.0885429542381917e-03        -3.6427219514627143e-02         5.1764647596295316e-04        -1.0097659587814502e-01         3.0155037364642413e-02         3.4270135347094548e-02
15                                     7.0633815148255993e-04         7.6240226160124221e-04        -2.0261791178006225e-04         7.2882431593983887e-02        -1.0771519868196344e-01        -6.0670471580951971e-02         1.6627541520061712e-02         2.3281755349059793e-01
16                                     5.3152638981793753e-04         5.4376308359101991e-04        -3.2724117332004476e-04         7.8719605174829982e-02        -7.0706227397626248e-02        -8.3662856295005847e-02         2.8577770876635433e-02        -3.5777469587070110e-01
17                                    -6.2126431461486135e-05        -6.7056199779552455e-05        -6.3343730569598734e-07         9.0649588019589000e-03        -6.5947701758282962e-04        -3.0872564634114960e-02         3.5020415781828124e-03        -2.2849301384394780e-01
18                                    -4.7248104260582083e-02         7.5021539040724568e-03         8.0158920391151583e-04        -2.3275135301330653e-04        -6.4229298863024929e-05        -3.4674945131784137e-04         1.7172646932476913e-06        -1.5018540539074280e-05
19                                     8.2069582734175268e-03        -3.1423555389978985e-01        -1.0485881449298799e-02         1.1162786706239020e-04         3.5195123314971447e-04         6.7111108008691307e-05         7.3997063325035445e-05        -5.0645509139428521e-05
20                                     9.3050022882951730e-04        -1.0787403483584462e-02        -4.8245453855384673e-02         7.4600648485973712e-05        -8.9757585367325184e-06        -2.2795874736998735e-04         4.3665723203775860e-05         1.0647458147165662e-04
21                                    -2.0305570113032778e-01        -7.5403754534009493e-02         1.1152240550022398e-01        -7.9040431473359290e-04        -7.5568679203795279e-04         1.4823419784349414e-03        -7.6325734684174048e-04        -9.0102817639202653e-04
22                                    -7.6165293222215130e-02        -8.4001471961371754e-02         5.4020400352423295e-02         6.1308821625347945e-04         7.4625370044830407e-04        -1.9401348820142247e-04         1.4552163846904306e-04        -9.5337603150325609e-05
23                                     1.1256548937814594e-01         5.3954674145751710e-02        -1.2761415005850932e-01        -4.5809243402126490e-04         1.3725022302877405e-04         7.7226275460797952e-04        -3.9108317812237402e-04        -3.6707501548349656e-04
24                                    -5.0553930179699849e-02        -9.3456636223826425e-03        -2.8241979071957048e-02         8.9976628841988648e-05         5.6290867013287875e-04         9.4128274002239047e-05        -6.5144951712237310e-05        -2.5966426960644795e-04
25                                    -9.6820631875825756e-03        -7.0354455410195513e-02        -7.4145488044345120e-02        -1.6309748391761937e-04        -1.4789631569376411e-04         1.5179164759796806e-04        -2.1182732986934944e-05        -6.4632377501801751e-06
26                                    -2.9111959264094042e-02        -7.3713137615918176e-02        -2.8918105161827556e-01         5.8454116887649184e-05         3.3341409918211020e-04         3.0405469416158563e-04        -1.4457420975280862e-04        -2.6880987383155774e-04
27                                    -9.1937524301286601e-05        -1.6850119260199443e-04         1.5382879509582423e-04        -4.5536139433613787e-02         8.7011899472776572e-03        -1.0591457170849736e-02        -3.5620705934857480e-03        -9.7511634690507672e-03
28                                     9.2666046323274139e-05         1.1606031758953222e-04        -3.1914872492278239e-04         3.2255616509397761e-03        -1.9113880348695894e-01         1.6192211310136445e-01        -1.0664661802666821e-02        -2.7368348434497595e-02
29                                    -1.9425534276650436e-04        -3.6458743048905498e-04         1.0435373632637461e-06        -3.2124590362296715e-02         1.6136113111060746e-01        -1.4422252292443055e-01        -2.8817561823045248e-03        -3.4178324509859394e-02
30                                    -1.7237434328141142e-04        -1.3499251382396559e-04         2.5035442319049951e-04         7.6378460411651028e-04         9.6217178259527109e-04        -7.0797511250872483e-03        -2.2981507027296022e-01        -1.5748880389285239e-01
31                                     1.4976588436186634e-04         1.7613676465154946e-04        -1.4365973229379155e-04         5.7574324945034103e-03        -1.2476648280247873e-02        -6.6127696897279129e-03        -1.3142127967107203e-01        -1.4671195729345954e-01
32                                    -1.1305942029435085e-04        -2.4256523492360274e-04         3.0993074663332855e-05         4.8530796814066270e-03         2.3787814329240584e-02         9.5843029802197884e-03        -3.9193115246215250e-02        -6.5476477407242523e-02
33                                    -4.7699381809946833e-03        -8.7790073728015831e-03        -3.0101807301917048e-02         2.0773555551888020e-03        -7.2176189976706057e-04         8.3641555771715975e-04         2.6213144615877938e-04         9.9981873663125727e-04
34                                     1.7209774882367143e-03         3.0342226236256642e-03         1.1938801140920170e-02         6.9328736753190433e-04         1.9699153819681186e-04        -6.2708118210978638e-04         1.2724347995832729e-04         3.3729458802694563e-04
35                                    -1.8678684011461631e-03        -2.9091634175705365e-03        -1.0299478875965879e-02        -1.2911491030946523e-03         8.9913584363539474e-04         1.0065582712157160e-04        -1.0426085824407922e-05        -6.8577699692991896e-04
36                                    -2.1023147535907298e-03         3.1716869445812347e-02         8.5224828303577960e-04         1.6585053839418174e-03        -1.7145638202804622e-03         2.0045369890076957e-04         2.9399324446955266e-04         7.5647901645188966e-04
37                                     8.8487298549220182e-04        -9.5178596521897883e-03        -2.7192652139911878e-04         1.0376742496924763e-03         2.2612889020500598e-04         2.4400540821578262e-04        -6.0802444950824441e-05         8.5082838799698315e-05
38                                    -6.8716477953155582e-04         1.2651891517785056e-02        -9.2830104530237240e-05        -9.1460778904883984e-04        -2.4738631930236167e-04         5.8146941843881348e-04        -1.3048691159468176e-04        -2.5021795071344678e-04
39                                     1.7346055312129341e-03        -1.2780260057582977e-03        -6.0557686332159220e-06        -3.2901426115422364e-03         3.3697653948043485e-02         7.0474479488350319e-04         9.3698761283992661e-04        -6.3510911058107687e-03
40                                     4.7820167999960625e-04         7.4426534976421328e-04        -2.1624392766980607e-04         4.5521203343765575e-03        -1.3815696412415326e-02        -8.1744940906134170e-04         2.8435732218009390e-03         6.4584364870145629e-03
41                                    -9.0112121091912131e-04        -1.8493449529651817e-04         2.3026179499338568e-04        -5.3530371564553822e-03         1.6106087350371060e-02        -1.5496207740229844e-03        -9.5463786231283522e-04        -3.6899352862575538e-03
42                                     1.9819177399398721e-03         4.1660388075691281e-04         1.0444408513893282e-03        -1.1182813737928773e-02        -9.6959315248674929e-03        -2.6659088556801186e-02         1.9226034722308982e-03        -1.3747595079494578e-03
43                                     6.3337329458547234e-04         3.9504633938509210e-05        -2.5670644497542130e-04         1.3788432176732104e-03         3.8392370231323022e-03         1.3205950815325454e-02        -1.3166409177382725e-03        -3.7340737231138081e-03
44                                    -1.0689877031398835e-03        -1.9492473132289197e-04         1.1462843629598575e-03        -7.9184955476240063e-03        -7.9033434207124303e-05        -1.0657326563786755e-02         7.3783923229251303e-04        -3.0700098287854373e-03
                                                         8                           9                          10                          11                          12                          13                          14                          15

0                                     -5.3752020747962711e-04        -1.7513889850108982e-01         3.7205178174806119e-02        -3.9629198841594833e-02        -3.1536671932832258e-02         9.0765113708524865e-03        -8.0914779759686389e-03         7.0633815148255993e-04
1                                     -2.5153828989616885e-04         3.8870519730848874e-02        -9.4857196731125498e-02         1.5532761844721667e-02        -1.0715040696133285e-02         4.6966628800060722e-03        -4.7495701968327253e-03         7.6240226160124221e-04
2                                      4.7778159845216612e-04        -4.2906862999170861e-02         1.6156011824237933e-02        -9.7238447737076614e-02         1.6653641699060164e-02        -7.6590578979009475e-03         7.0885429542381917e-03        -2.0261791178006225e-04
3                                      4.5655732282226802e-02        -3.0937413258480172e-02         5.1570160623311545e-03        -8.9306496136342048e-03        -1.8285062677991507e-01         3.9012180722294842e-02        -3.6427219514627143e-02         7.2882431593983887e-02
4                                      7.5276091189584851e-02        -8.3588094689825004e-03         1.6282825722136324e-03        -5.7236304560029753e-03         4.3735390199742777e-02        -1.0479174713462833e-01         5.1764647596295316e-04        -1.0771519868196344e-01
5                                     -3.0604243495371428e-02         1.5110544681338770e-02        -9.9434436999195734e-03         7.3320806287481867e-03        -5.7419509652266727e-02         2.4003396688888019e-02        -1.0097659587814502e-01        -6.0670471580951971e-02
6                                     -9.8880948322588730e-02        -4.4541782398112607e-03         4.8579657766870451e-03        -3.6611791595222930e-03        -2.4728306437554328e-02        -3.6196496819022681e-03         3.0155037364642413e-02         1.6627541520061712e-02
7                                      1.3056231161251908e-01        -2.0283108264458390e-03         5.3720230304112812e-03        -2.8415742381736292e-03         1.4377767670262647e-02         2.1918363320183473e-02         3.4270135347094548e-02         2.3281755349059793e-01
8                                      1.7931130943936904e-01        -2.7918976453822873e-04         5.2992325064521971e-04        -1.2132626150909041e-03         1.3659461643306808e-03        -1.8395748407556256e-02        -5.2170548764647745e-03         4.5918050982807920e-02
9                                     -2.7918976453822873e-04         4.7288136961972449e-01        -4.9126506316544754e-03         1.4611754079177960e-02        -1.4120456753715421e-01        -3.1947158493505844e-02         5.2621856415014892e-02         1.4931472532312808e-03
10                                     5.2992325064521971e-04        -4.9126506316544754e-03         5.8145672964926021e-01         2.7316440735123487e-02        -3.0845756225757137e-02        -1.0084140018622631e-01         2.6103340398868836e-02        -2.8574201470134598e-03
11                                    -1.2132626150909041e-03         1.4611754079177960e-02         2.7316440735123487e-02         5.6611409976181259e-01         4.9655913550763320e-02         2.6444705576461714e-02        -1.1752260496401404e-01         1.3903398554392203e-03
12                                     1.3659461643306808e-03        -1.4120456753715421e-01        -3.0845756225757137e-02         4.9655913550763320e-02         4.8497937489065107e-01        -3.7279127742212773e-04         3.3278069404275579e-03        -8.4800440658465495e-03
13                                    -1.8395748407556256e-02        -3.1947158493505844e-02        -1.0084140018622631e-01         2.6444705576461714e-02        -3.7279127742212773e-04         5.5804972513280870e-01         3.7631115992304981e-03        -4.1405720887275361e-03
14                                    -5.2170548764647745e-03         5.2621856415014892e-02         2.6103340398868836e-02        -1.1752260496401404e-01         3.3278069404275579e-03         3.7631115992304981e-03         5.2251474920348318e-01        -2.2961794648918184e-02
15                                     4.5918050982807920e-02         1.4931472532312808e-03        -2.8574201470134598e-03         1.3903398554392203e-03        -8.4800440658465495e-03        -4.1405720887275361e-03        -2.2961794648918184e-02        -9.3956273680229990e-02
16                                    -1.5793296564642531e-01         1.7233448923968751e-04        -6.1426543971403874e-04         1.7913098787298446e-03        -6.4699463445092933e-03        -2.4003012377780270e-03        -3.9634950349040233e-03        -9.6226145704094185e-02
17                                    -1.1550203757483507e-01        -1.0407798864910953e-03         9.2921569316186162e-04         4.3497032391715332e-04         1.6739290727318806e-03         1.2192546351180077e-02         2.1611060028238396e-02        -1.3667319504211652e-02
18                                     3.8073731089962047e-05        -2.1284911900000770e-03         3.1121333171176782e-02         1.8007624488538868e-03         2.0910926487807593e-03         1.3219671032082881e-03        -2.0541051152698445e-04         3.8229718809752351e-05
19                                     4.4135194794857162e-05         7.1899052567364619e-04        -1.0713820813411533e-02         3.8416639218000464e-05        -8.9651052305808176e-04         7.6598104321922225e-04        -9.0688970547734421e-05         4.4638679203041522e-05
20                                     2.4279821141697162e-06        -5.9595363870970338e-04         1.3643287506616853e-02        -1.8474007187740081e-04         5.4485189317468510e-04        -5.2832366947056907e-04         2.7272367653977852e-05        -9.3825026366305017e-05
21                                    -2.8420127968256334e-04        -2.0671035458438305e-02        -1.1122057243759764e-02         1.6256721660757988e-02        -4.1300911745065939e-03         3.5531100260213222e-03        -3.7290112324937594e-03         3.8081670823663749e-04
22                                     1.5111391882074413e-04         9.7251020631739238e-03         3.8000707413799553e-03        -7.8487659987856173e-03         1.7581458454725011e-03        -6.1018632782911084e-04         1.0863287497532275e-03         1.8509920797133090e-05
23                                     2.1495355498495723e-05        -1.0985645413051838e-02        -5.9928794240059081e-03         7.1388980446165052e-03        -2.0257994157877888e-03         1.0737687892633744e-03        -5.2660576778397993e-04         1.9552067745727672e-04
24                                     1.0485008498510188e-04        -5.0505205191464075e-03        -9.3375318704155760e-03        -2.9329682368470854e-02         1.9952630797888441e-03        -4.2780489924074919e-04        -1.1923565013215762e-03         1.0041243176307565e-04
25                                     2.7190253995817287e-09         1.7641294145979061e-03         3.2649581315535980e-03         1.2484067038810678e-02        -4.8423999373532430e-04         5.9377805430905779e-05        -8.7540036527367603e-05         2.5717996297166049e-05
26                                     5.7090803178063863e-05        -1.6213947037530090e-03        -2.8351565281026030e-03        -1.1716379187991392e-02         8.7569677066713387e-04         7.6161396586087692e-05         1.1285031583429146e-03         6.8975616088621074e-05
27                                     2.1455226240704259e-02         2.1319241706723390e-03         1.2115450935849159e-03        -8.1849492470764250e-04        -2.0983295707671049e-04         1.6601381057587093e-02        -1.6800920430571353e-02        -1.0913682183529470e-02
28                                     1.1406110236984542e-02        -1.1072624216927280e-03         6.7460076365934152e-04         2.4507873428247610e-04        -5.6222725637602305e-04        -1.6729260035079567e-03         6.1912269360832120e-03         1.7744249457833303e-02
29                                     1.0613613461163338e-03         9.8631475030508094e-04         1.4305003745347655e-04         6.2360293441433845e-04         2.1579236360604465e-03         1.3864758685847172e-02         2.8994426779685792e-03         3.4115512781752955e-02
30                                    -1.0542730192264208e-02        -6.6154856613174270e-04         5.2452394869724299e-04        -5.3145102259381707e-04        -1.2608399505032748e-03        -1.7722588688935626e-03         1.0968716915623084e-03         1.7427025964079620e-02
31                                    -4.3023397347064445e-02         6.0735592763651812e-04        -6.3557145793166799e-04         2.5208911247156379e-04         2.2409534309337543e-04        -9.6492359297259845e-04        -3.5566930336469044e-03        -3.7110208712482884e-02
32                                    -2.7325098646520999e-02        -2.4497845036755073e-04         7.0488944792513415e-04        -1.3073665081892393e-04        -5.6614925657109928e-04         3.5742998715236774e-03         4.0989886973099030e-03         9.2043794515859513e-03
33                                     1.7082140031177476e-04        -4.9472630264891578e-02        -7.7007866400924689e-03        -2.5666017863331187e-02         2.1495973931524512e-04         7.8396646958724028e-03         2.6847352796608805e-02        -5.7939331630531103e-04
34                                     1.3609806289077556e-04        -7.7977102569980828e-03        -7.1840111686238523e-02        -7.1820954036366208e-02         6.2783581652971036e-04         3.3277040428468909e-03         1.3168140709808436e-02        -3.2031136865391359e-04
35                                     2.5451331592650809e-04        -2.5467704161653081e-02        -7.0637187177336969e-02        -2.8536648085578831e-01         1.5669807623671511e-04        -5.1128675943742409e-03        -1.6588971217399766e-02         3.9518786449591124e-04
36                                    -2.7692284921256748e-04        -4.6390774542937240e-02         4.5949529058008209e-03        -1.0564005413542005e-04        -1.9702553895999432e-03        -2.7864413206080040e-02        -2.3063090380257521e-04        -3.7575383605939440e-04
37                                    -2.0799313097334031e-04         4.1659321483246345e-03        -3.0975920099630144e-01        -9.0303618256390873e-03        -9.8033321437437926e-04        -1.2300029239882658e-02         8.4253138520695194e-05        -2.0178202499059657e-05
38                                    -1.2166990969676768e-04        -1.5161400361216049e-05        -1.0372935800151056e-02        -5.0255180911882094e-02         9.3823640114443804e-04         2.0146804577262433e-02        -4.6198955852830292e-04         2.4710954913469363e-04
39                                     2.2952296485941655e-03        -1.0768935364074850e-03        -2.5505991042263913e-02        -1.3560413918946414e-03        -4.7984392056468768e-02         6.5328897577350293e-04         2.4062658831174840e-03         2.1502627089275477e-03
40                                     5.4859595277555661e-04        -2.0818767342876965e-04        -1.0248700970387534e-02        -1.1692458525549773e-05        -2.5400597826667213e-03        -3.0246233980264092e-01        -1.4319735188457316e-03        -4.6271804967041594e-03
41                                     4.2406031362080421e-04         1.0159835620359185e-05         1.8621383578357513e-02         1.7008712374199687e-04         3.7824666760711018e-03        -5.0467305207626753e-06        -4.1729679427447638e-02         3.4115094536890113e-03
42                                    -6.1859515525744578e-03         6.8051057086015825e-04         7.6105324538814833e-03         2.6350368928061533e-02        -4.4925062077078186e-02        -7.9218216937017132e-03        -2.6788794918925142e-02         2.4989410313946397e-03
43                                     1.0432246128514754e-03         3.3487168720429047e-04         3.3136033928585977e-03         1.3161626415364062e-02        -6.8479633032047299e-03        -6.2773960699029338e-02        -7.1317865172157768e-02         1.6237081410723385e-03
44                                    -1.6266730362956491e-03        -2.2046462652949503e-04        -4.3554568045646273e-03        -1.8185905822711082e-02        -2.1149227009260606e-02        -7.3424866628280433e-02        -2.7634505739745158e-01         2.5046183916600214e-03
                                                        16                          17                          18                          19                          20                          21                          22                          23

0                                      5.3152638981793753e-04        -6.2126431461486135e-05        -4.7248104260582083e-02         8.2069582734175268e-03         9.3050022882951730e-04        -2.0305570113032778e-01        -7.6165293222215130e-02         1.1256548937814594e-01
1                                      5.4376308359101991e-04        -6.7056199779552455e-05         7.5021539040724568e-03        -3.1423555389978985e-01        -1.0787403483584462e-02        -7.5403754534009493e-02        -8.4001471961371754e-02         5.3954674145751710e-02
2                                     -3.2724117332004476e-04        -6.3343730569598734e-07         8.0158920391151583e-04        -1.0485881449298799e-02        -4.8245453855384673e-02         1.1152240550022398e-01         5.4020400352423295e-02        -1.2761415005850932e-01
3                                      7.8719605174829982e-02         9.0649588019589000e-03        -2.3275135301330653e-04         1.1162786706239020e-04         7.4600648485973712e-05        -7.9040431473359290e-04         6.1308821625347945e-04        -4.5809243402126490e-04
4                                     -7.0706227397626248e-02        -6.5947701758282962e-04        -6.4229298863024929e-05         3.5195123314971447e-04        -8.9757585367325184e-06        -7.5568679203795279e-04         7.4625370044830407e-04         1.3725022302877405e-04
5                                     -8.3662856295005847e-02        -3.0872564634114960e-02        -3.4674945131784137e-04         6.7111108008691307e-05        -2.2795874736998735e-04         1.4823419784349414e-03        -1.9401348820142247e-04         7.7226275460797952e-04
6                                      2.8577770876635433e-02         3.5020415781828124e-03         1.7172646932476913e-06         7.3997063325035445e-05         4.3665723203775860e-05        -7.6325734684174048e-04         1.4552163846904306e-04        -3.9108317812237402e-04
7                                     -3.5777469587070110e-01        -2.2849301384394780e-01        -1.5018540539074280e-05        -5.0645509139428521e-05         1.0647458147165662e-04        -9.0102817639202653e-04        -9.5337603150325609e-05        -3.6707501548349656e-04
8                                     -1.5793296564642531e-01        -1.1550203757483507e-01         3.8073731089962047e-05         4.4135194794857162e-05         2.4279821141697162e-06        -2.8420127968256334e-04         1.5111391882074413e-04         2.1495355498495723e-05
9                                      1.7233448923968751e-04        -1.0407798864910953e-03        -2.1284911900000770e-03         7.1899052567364619e-04        -5.9595363870970338e-04        -2.0671035458438305e-02         9.7251020631739238e-03        -1.0985645413051838e-02
10                                    -6.1426543971403874e-04         9.2921569316186162e-04         3.1121333171176782e-02        -1.0713820813411533e-02         1.3643287506616853e-02        -1.1122057243759764e-02         3.8000707413799553e-03        -5.9928794240059081e-03
11                                     1.7913098787298446e-03         4.3497032391715332e-04         1.8007624488538868e-03         3.8416639218000464e-05        -1.8474007187740081e-04         1.6256721660757988e-02        -7.8487659987856173e-03         7.1388980446165052e-03
12                                    -6.4699463445092933e-03         1.6739290727318806e-03         2.0910926487807593e-03        -8.9651052305808176e-04         5.4485189317468510e-04        -4.1300911745065939e-03         1.7581458454725011e-03        -2.0257994157877888e-03
13                                    -2.4003012377780270e-03         1.2192546351180077e-02         1.3219671032082881e-03         7.6598104321922225e-04        -5.2832366947056907e-04         3.5531100260213222e-03        -6.1018632782911084e-04         1.0737687892633744e-03
14                                    -3.9634950349040233e-03         2.1611060028238396e-02        -2.0541051152698445e-04        -9.0688970547734421e-05         2.7272367653977852e-05        -3.7290112324937594e-03         1.0863287497532275e-03        -5.2660576778397993e-04
15                                    -9.6226145704094185e-02        -1.3667319504211652e-02         3.8229718809752351e-05         4.4638679203041522e-05        -9.3825026366305017e-05         3.8081670823663749e-04         1.8509920797133090e-05         1.9552067745727672e-04
16                                     4.3585832782618383e-01         2.3233427168002913e-01        -9.5717163509424742e-05         6.2486469003352266e-05        -3.7553923874320706e-05         5.0145090444704641e-04        -1.4267376056347511e-05         3.7608090081287437e-05
17                                     2.3233427168002913e-01         1.5513155551496485e-01        -6.3289594008918283e-06        -6.3073513396474392e-05         3.2219886589899943e-05         7.6691559152320950e-05        -7.9340103721610791e-05        -1.3510317890560981e-04
18                                    -9.5717163509424742e-05        -6.3289594008918283e-06         5.1512409561311909e-02        -1.1486572568842566e-02         1.5743900486529798e-03         1.2785545860683201e-03        -2.4898101758269939e-02        -2.4778563010984982e-03
19                                     6.2486469003352266e-05        -6.3073513396474392e-05        -1.1486572568842566e-02         3.4100105615625265e-01         1.0235669418515531e-02         6.2644357985886315e-04        -1.0612143876341244e-02        -1.0492150800225607e-03
20                                    -3.7553923874320706e-05         3.2219886589899943e-05         1.5743900486529798e-03         1.0235669418515531e-02         4.7716871828137795e-02        -1.5953187544867850e-03         1.8323777377886801e-02         3.9636158458132304e-04
21                                     5.0145090444704641e-04         7.6691559152320950e-05         1.2785545860683201e-03         6.2644357985886315e-04        -1.5953187544867850e-03         2.2198065496173969e-01         8.1117332248060531e-02        -1.2084701633851315e-01
22                                    -1.4267376056347511e-05        -7.9340103721610791e-05        -2.4898101758269939e-02        -1.0612143876341244e-02         1.8323777377886801e-02         8.1117332248060531e-02         8.6900118870508192e-02        -5.9656872151041665e-02
23                                     3.7608090081287437e-05        -1.3510317890560981e-04        -2.4778563010984982e-03        -1.0492150800225607e-03         3.9636158458132304e-04        -1.2084701633851315e-01        -5.9656872151041665e-02         1.3449477405935278e-01
24                                     2.2511804887913035e-05        -3.6451723887231930e-06        -1.0956814279508148e-03        -2.8434306212170128e-05         1.0003503598140259e-03         3.5251053575606319e-03         8.6199407077562854e-03         2.3350628963311412e-02
25                                    -2.4085703743452155e-05        -3.8121712638289698e-05        -3.5697817924112731e-03        -8.2636505149679233e-03        -3.1702434198219213e-02         2.3336866419810367e-03         3.0954339766450095e-03         1.2351185211463349e-02
26                                     7.3616968007385493e-05        -1.9754383982631906e-05         3.6921484664171039e-04         2.2221231945412923e-04         4.5315455884234208e-05        -2.5507809442820301e-03        -5.3272875258716500e-03        -1.5452352357448795e-02
27                                    -7.6238016458066949e-03         5.0678655821712456e-03         1.1850509569100364e-04        -1.7435940914586120e-04        -1.6280052925887095e-06        -1.1540805314069121e-05        -4.3799391309171100e-05         6.2087857269962053e-05
28                                     1.1444055022360339e-02        -1.7733628173689429e-02        -1.4704844927852586e-04         1.2446981407366123e-05         8.4299122851184440e-07         6.2274674188862039e-05        -1.2756402542120782e-05         1.5251468176129789e-05
29                                     1.9213531050415851e-02        -2.1529888262971530e-02         1.8891099838701285e-04        -9.6760774246779958e-05         5.3425134235706004e-05        -1.2519490565938941e-04        -2.6876636313961271e-05        -1.3904604569743573e-05
30                                    -4.1737829112897563e-03        -7.5939953754133784e-03        -1.2183364312013420e-05         2.8226804070193359e-05        -3.8952050128956191e-06        -1.1668836734432964e-04         4.3538579048283364e-05        -3.0172110963754429e-05
31                                    -1.6522503381263289e-02         7.4709751905341348e-04        -7.8327301024274921e-06        -2.5000858794384413e-06        -1.1151697248691118e-05         1.0833319677864542e-04        -8.8503141866536073e-06         4.5900414184092599e-05
32                                    -1.0321495919183406e-02        -8.1682236127160815e-03         2.8945927539243757e-05        -7.9663835585639092e-06         2.7670055396157491e-05        -9.3996404793051508e-05        -1.2670608042558088e-05        -5.6003149055317567e-05
33                                    -4.7055816916159461e-04        -3.5560159717720291e-04         1.3078778040132711e-03         3.7921729400398375e-05         7.5920112801227996e-04         9.5911747787707190e-04        -6.6499930651263157e-04         5.5861663611324276e-04
34                                    -2.3006348897047264e-04         1.2320025111319468e-04        -7.0425886357391239e-04         5.2483163632180115e-04         2.4638428619008464e-04        -5.5564966105242598e-04         1.8952496296054106e-04        -5.0298650334291680e-04
35                                     2.1220945567857223e-04        -6.7811803014637944e-05         2.6623760021318027e-04         3.1707268692067817e-04         2.4926652706311098e-04        -2.4537299841365448e-04        -4.8346263582006374e-05         5.6520156718414642e-04
36                                     2.6582392441921055e-04         2.1652934847575511e-04        -5.2882491255111606e-03         1.8883617621356878e-03        -2.6105137028970245e-03         1.0505714369240591e-03        -4.3886642767536040e-04         7.2534207510767152e-04
37                                     3.3013721021813791e-04         6.1591313845098944e-05         1.7897614212651963e-03         1.0398923654863744e-03         8.3756105350705134e-04         2.9273340444427483e-04         4.1629357398392276e-04        -1.9276161279930832e-04
38                                    -9.9112822830644789e-05        -2.1671946058030088e-04        -2.2140504265559524e-03         1.1708402528015781e-03        -1.2775117406741158e-04         3.9501984582265994e-04        -5.7468420520138594e-04         2.7586450648286109e-04
39                                     1.8770198349519658e-03        -2.2324249442700816e-03        -2.8843811619696093e-04         7.6574472539990015e-04         5.3988799906359180e-05         1.3538865499882705e-04         3.1459711314465690e-04        -1.0161314998803042e-05
40                                    -1.0935639164422720e-03         2.1989439595198699e-03        -7.0807505670217482e-04         2.3182724154689402e-04        -1.6533217291108510e-04        -1.8735131504465929e-05         3.5852705388706666e-04         2.0359956598776496e-05
41                                     1.7555422917052733e-04        -1.7355097678633817e-03         1.0524032114146055e-04        -3.5360958446440847e-04         2.7600436114749407e-04        -1.4838720740617566e-04        -5.8689399284466371e-05        -1.6313823364669486e-04
42                                     4.3723439938782652e-03         5.5050299762581800e-03        -5.4487841801851623e-05         7.3936499390377390e-05        -7.9995748463488353e-05         2.2850941410118694e-04        -1.2970221969170161e-04        -2.2884708088871821e-04
43                                     1.1412042009385464e-03        -1.3880005866291102e-03        -2.9550079308768062e-05        -1.1215842685796500e-04        -1.4395349164616513e-04         1.4653285647365176e-04        -1.5120901833543779e-04         1.3582544526345307e-04
44                                     2.4414638469134045e-03         1.0384403625795905e-03         7.6611774618409810e-05         4.2869315896604948e-05        -4.0931334104413303e-05        -1.1691247862065466e-04         2.3589202404720577e-04         2.9639947759532281e-04
                                                        24                          25                          26                          27                          28                          29                          30                          31

0                                     -5.0553930179699849e-02        -9.6820631875825756e-03        -2.9111959264094042e-02        -9.1937524301286601e-05         9.2666046323274139e-05        -1.9425534276650436e-04        -1.7237434328141142e-04         1.4976588436186634e-04
1                                     -9.3456636223826425e-03        -7.0354455410195513e-02        -7.3713137615918176e-02        -1.6850119260199443e-04         1.1606031758953222e-04        -3.6458743048905498e-04        -1.3499251382396559e-04         1.7613676465154946e-04
2                                     -2.8241979071957048e-02        -7.4145488044345120e-02        -2.8918105161827556e-01         1.5382879509582423e-04        -3.1914872492278239e-04         1.0435373632637461e-06         2.5035442319049951e-04        -1.4365973229379155e-04
3                                      8.9976628841988648e-05        -1.6309748391761937e-04         5.8454116887649184e-05        -4.5536139433613787e-02         3.2255616509397761e-03        -3.2124590362296715e-02         7.6378460411651028e-04         5.7574324945034103e-03
4                                      5.6290867013287875e-04        -1.4789631569376411e-04         3.3341409918211020e-04         8.7011899472776572e-03        -1.9113880348695894e-01         1.6136113111060746e-01         9.6217178259527109e-04        -1.2476648280247873e-02
5                                      9.4128274002239047e-05         1.5179164759796806e-04         3.0405469416158563e-04        -1.0591457170849736e-02         1.6192211310136445e-01        -1.4422252292443055e-01        -7.0797511250872483e-03        -6.6127696897279129e-03
6                                     -6.5144951712237310e-05        -2.1182732986934944e-05        -1.4457420975280862e-04        -3.5620705934857480e-03        -1.0664661802666821e-02        -2.8817561823045248e-03        -2.2981507027296022e-01        -1.3142127967107203e-01
7                                     -2.5966426960644795e-04        -6.4632377501801751e-06        -2.6880987383155774e-04        -9.7511634690507672e-03        -2.7368348434497595e-02        -3.4178324509859394e-02        -1.5748880389285239e-01        -1.4671195729345954e-01
8                                      1.0485008498510188e-04         2.7190253995817287e-09         5.7090803178063863e-05         2.1455226240704259e-02         1.1406110236984542e-02         1.0613613461163338e-03        -1.0542730192264208e-02        -4.3023397347064445e-02
9                                     -5.0505205191464075e-03         1.7641294145979061e-03        -1.6213947037530090e-03         2.1319241706723390e-03        -1.1072624216927280e-03         9.8631475030508094e-04        -6.6154856613174270e-04         6.0735592763651812e-04
10                                    -9.3375318704155760e-03         3.2649581315535980e-03        -2.8351565281026030e-03         1.2115450935849159e-03         6.7460076365934152e-04         1.4305003745347655e-04         5.2452394869724299e-04        -6.3557145793166799e-04
11                                    -2.9329682368470854e-02         1.2484067038810678e-02        -1.1716379187991392e-02        -8.1849492470764250e-04         2.4507873428247610e-04         6.2360293441433845e-04        -5.3145102259381707e-04         2.5208911247156379e-04
12                                     1.9952630797888441e-03        -4.8423999373532430e-04         8.7569677066713387e-04        -2.0983295707671049e-04        -5.6222725637602305e-04         2.1579236360604465e-03        -1.2608399505032748e-03         2.2409534309337543e-04
13                                    -4.2780489924074919e-04         5.9377805430905779e-05         7.6161396586087692e-05         1.6601381057587093e-02        -1.6729260035079567e-03         1.3864758685847172e-02        -1.7722588688935626e-03        -9.6492359297259845e-04
14                                    -1.1923565013215762e-03        -8.7540036527367603e-05         1.1285031583429146e-03        -1.6800920430571353e-02         6.1912269360832120e-03         2.8994426779685792e-03         1.0968716915623084e-03        -3.5566930336469044e-03
15                                     1.0041243176307565e-04         2.5717996297166049e-05         6.8975616088621074e-05        -1.0913682183529470e-02         1.7744249457833303e-02         3.4115512781752955e-02         1.7427025964079620e-02        -3.7110208712482884e-02
16                                     2.2511804887913035e-05        -2.4085703743452155e-05         7.3616968007385493e-05        -7.6238016458066949e-03         1.1444055022360339e-02         1.9213531050415851e-02        -4.1737829112897563e-03        -1.6522503381263289e-02
17                                    -3.6451723887231930e-06        -3.8121712638289698e-05        -1.9754383982631906e-05         5.0678655821712456e-03        -1.7733628173689429e-02        -2.1529888262971530e-02        -7.5939953754133784e-03         7.4709751905341348e-04
18                                    -1.0956814279508148e-03        -3.5697817924112731e-03         3.6921484664171039e-04         1.1850509569100364e-04        -1.4704844927852586e-04         1.8891099838701285e-04        -1.2183364312013420e-05        -7.8327301024274921e-06
19                                    -2.8434306212170128e-05        -8.2636505149679233e-03         2.2221231945412923e-04        -1.7435940914586120e-04         1.2446981407366123e-05        -9.6760774246779958e-05         2.8226804070193359e-05        -2.5000858794384413e-06
20                                     1.0003503598140259e-03        -3.1702434198219213e-02         4.5315455884234208e-05        -1.6280052925887095e-06         8.4299122851184440e-07         5.3425134235706004e-05        -3.8952050128956191e-06        -1.1151697248691118e-05
21                                     3.5251053575606319e-03         2.3336866419810367e-03        -2.5507809442820301e-03        -1.1540805314069121e-05         6.2274674188862039e-05        -1.2519490565938941e-04        -1.1668836734432964e-04         1.0833319677864542e-04
22                                     8.6199407077562854e-03         3.0954339766450095e-03        -5.3272875258716500e-03        -4.3799391309171100e-05        -1.2756402542120782e-05        -2.6876636313961271e-05         4.3538579048283364e-05        -8.8503141866536073e-06
23                                     2.3350628963311412e-02         1.2351185211463349e-02        -1.5452352357448795e-02         6.2087857269962053e-05         1.5251468176129789e-05        -1.3904604569743573e-05        -3.0172110963754429e-05         4.5900414184092599e-05
24                                     5.5211556132485309e-02         8.1512444922044944e-03         3.4690744870449847e-02         1.3148486823425588e-04        -1.4754462502454768e-04         3.9747328746913397e-05         1.3393551863228670e-05         2.1378005658838101e-05
25                                     8.1512444922044944e-03         7.1711994260249573e-02         8.0038879544467284e-02         4.5039090119593862e-05         2.5670255686451168e-05         2.9992229006146898e-06        -7.0769618741711986e-06         1.7702015517966335e-06
26                                     3.4690744870449847e-02         8.0038879544467284e-02         3.1359504948842187e-01         9.3606000625824165e-05        -8.1320605802241014e-05        -3.7893355523446401e-05        -7.2605012522925297e-06         2.8612109242361159e-05
27                                     1.3148486823425588e-04         4.5039090119593862e-05         9.3606000625824165e-05         6.2077828808868765e-02        -1.0038040386753041e-02         2.2622029251840466e-03         1.2576290564060783e-04        -4.6526585098643385e-04
28                                    -1.4754462502454768e-04         2.5670255686451168e-05        -8.1320605802241014e-05        -1.0038040386753041e-02         2.0784517674145281e-01        -1.6091211451630277e-01        -3.0963543647792233e-04         1.6402363872937724e-03
29                                     3.9747328746913397e-05         2.9992229006146898e-06        -3.7893355523446401e-05         2.2622029251840466e-03        -1.6091211451630277e-01         1.6555762306311195e-01        -4.1922014978026598e-04         2.3538314767091164e-03
30                                     1.3393551863228670e-05        -7.0769618741711986e-06        -7.2605012522925297e-06         1.2576290564060783e-04        -3.0963543647792233e-04        -4.1922014978026598e-04         2.1366191554623939e-01         1.6221018220741923e-01
31                                     2.1378005658838101e-05         1.7702015517966335e-06         2.8612109242361159e-05        -4.6526585098643385e-04         1.6402363872937724e-03         2.3538314767091164e-03         1.6221018220741923e-01         1.7557653122984099e-01
32                                    -4.0829646428078849e-05         2.1610081633653916e-06        -3.6378040381916448e-05         1.5049789049288722e-03        -7.5628864209119871e-04        -2.8915574485234817e-03         2.4985100834620882e-02         4.9386361927616917e-02
33                                    -5.2546803955187309e-03         2.5793343833856743e-03        -2.0344501630049855e-03        -4.3347518492505553e-05         5.3558311572693027e-04        -3.3132409152500700e-04         5.4926975829141297e-06        -6.3532288272887699e-05
34                                     2.2303013304195963e-03         1.0919113390722257e-04         1.3885039245943214e-03         1.3972177197127004e-04        -1.7883442218473932e-04        -9.0421800649046445e-05        -1.1031560676327086e-05        -1.6227125746609257e-05
35                                    -1.9694423431983040e-03         1.0559161702275279e-03         7.5002466303254842e-04         5.5854573540459955e-04        -4.0815011335136858e-04        -3.4341706557269522e-05         3.1149080345350445e-05         5.1500554244612341e-05
36                                     1.2833369546765819e-03        -7.8671818202072428e-04         1.4730535680021776e-04        -2.9411519117899859e-04         5.1636112654374631e-04        -5.1494968490266942e-04         1.1253605582555880e-04        -4.9898892755284401e-05
37                                    -1.2742142112955046e-04         4.6520706589679153e-04         3.3466750735289957e-04        -7.1579942460774429e-04         1.6900365112092718e-04        -3.8922920880134389e-04         3.8155296844844498e-05        -3.7343348521998165e-06
38                                     6.9892978604852492e-04         2.8261906378573907e-04         2.9675435242020238e-04        -1.2917861763557157e-04        -1.5392101331160893e-04         1.5785052257863479e-04        -3.9328657986803037e-05         1.7961051701468491e-05
39                                    -5.0285686715213377e-05         2.5206002267184340e-05        -1.1949801873516912e-04        -2.2073465914834818e-03         5.0039747415054790e-04        -2.9314818861673106e-03        -2.1546841079081284e-04         3.4288406617731494e-04
40                                    -5.4511151889216191e-05        -9.6849482734381962e-05         2.7932149128087960e-05         1.1678774482396536e-03        -4.7756852951888712e-04        -1.4228612230862605e-05         1.9356198525944442e-04        -4.5032000467569010e-04
41                                     4.2083574802035718e-05        -1.6581684925463827e-04        -6.8209755999512514e-05        -1.7516455338855892e-03         7.9569715785843460e-04        -1.2102968395219221e-03         5.7502125418918733e-06         2.9338480820643612e-04
42                                    -2.8028584447066204e-04        -2.1798404638915766e-04        -7.2475891481951099e-04        -1.7154930506309153e-03         2.9669532217723739e-04        -2.0597476351782290e-04         1.4426194997597757e-04        -3.1829662694299744e-04
43                                     1.2807751490561284e-04         1.5979783416383261e-04        -2.8638930554647415e-04         1.1166078718674575e-03        -1.0780128413603132e-03        -8.9468759707605431e-04        -8.7890811060614693e-05         3.9856128787746359e-04
44                                     7.6715100313732654e-04        -2.4211934839927108e-04         3.3522608416190411e-04        -1.0868824099583979e-03        -1.8381933447072975e-04        -4.1394407369086880e-04        -6.9384995710687972e-05         2.0673187908902459e-04
                                                        32                          33                          34                          35                          36                          37                          38                          39

0                                     -1.1305942029435085e-04        -4.7699381809946833e-03         1.7209774882367143e-03        -1.8678684011461631e-03        -2.1023147535907298e-03         8.8487298549220182e-04        -6.8716477953155582e-04         1.7346055312129341e-03
1                                     -2.4256523492360274e-04        -8.7790073728015831e-03         3.0342226236256642e-03        -2.9091634175705365e-03         3.1716869445812347e-02        -9.5178596521897883e-03         1.2651891517785056e-02        -1.2780260057582977e-03
2                                      3.0993074663332855e-05        -3.0101807301917048e-02         1.1938801140920170e-02        -1.0299478875965879e-02         8.5224828303577960e-04        -2.7192652139911878e-04        -9.2830104530237240e-05        -6.0557686332159220e-06
3                                      4.8530796814066270e-03         2.0773555551888020e-03         6.9328736753190433e-04        -1.2911491030946523e-03         1.6585053839418174e-03         1.0376742496924763e-03        -9.1460778904883984e-04        -3.2901426115422364e-03
4                                      2.3787814329240584e-02        -7.2176189976706057e-04         1.9699153819681186e-04         8.9913584363539474e-04        -1.7145638202804622e-03         2.2612889020500598e-04        -2.4738631930236167e-04         3.3697653948043485e-02
5                                      9.5843029802197884e-03         8.3641555771715975e-04        -6.2708118210978638e-04         1.0065582712157160e-04         2.0045369890076957e-04         2.4400540821578262e-04         5.8146941843881348e-04         7.0474479488350319e-04
6                                     -3.9193115246215250e-02         2.6213144615877938e-04         1.2724347995832729e-04        -1.0426085824407922e-05         2.9399324446955266e-04        -6.0802444950824441e-05        -1.3048691159468176e-04         9.3698761283992661e-04
7                                     -6.5476477407242523e-02         9.9981873663125727e-04         3.3729458802694563e-04        -6.8577699692991896e-04         7.5647901645188966e-04         8.5082838799698315e-05        -2.5021795071344678e-04        -6.3510911058107687e-03
8                                     -2.7325098646520999e-02         1.7082140031177476e-04         1.3609806289077556e-04         2.5451331592650809e-04        -2.7692284921256748e-04        -2.0799313097334031e-04        -1.2166990969676768e-04         2.2952296485941655e-03
9                                     -2.4497845036755073e-04        -4.9472630264891578e-02        -7.7977102569980828e-03        -2.5467704161653081e-02        -4.6390774542937240e-02         4.1659321483246345e-03        -1.5161400361216049e-05        -1.0768935364074850e-03
10                                     7.0488944792513415e-04        -7.7007866400924689e-03        -7.1840111686238523e-02        -7.0637187177336969e-02         4.5949529058008209e-03        -3.0975920099630144e-01        -1.0372935800151056e-02        -2.5505991042263913e-02
11                                    -1.3073665081892393e-04        -2.5666017863331187e-02        -7.1820954036366208e-02        -2.8536648085578831e-01        -1.0564005413542005e-04        -9.0303618256390873e-03        -5.0255180911882094e-02        -1.3560413918946414e-03
12                                    -5.6614925657109928e-04         2.1495973931524512e-04         6.2783581652971036e-04         1.5669807623671511e-04        -1.9702553895999432e-03        -9.8033321437437926e-04         9.3823640114443804e-04        -4.7984392056468768e-02
13                                     3.5742998715236774e-03         7.8396646958724028e-03         3.3277040428468909e-03        -5.1128675943742409e-03        -2.7864413206080040e-02        -1.2300029239882658e-02         2.0146804577262433e-02         6.5328897577350293e-04
14                                     4.0989886973099030e-03         2.6847352796608805e-02         1.3168140709808436e-02        -1.6588971217399766e-02        -2.3063090380257521e-04         8.4253138520695194e-05        -4.6198955852830292e-04         2.4062658831174840e-03
15                                     9.2043794515859513e-03        -5.7939331630531103e-04        -3.2031136865391359e-04         3.9518786449591124e-04        -3.7575383605939440e-04        -2.0178202499059657e-05         2.4710954913469363e-04         2.1502627089275477e-03
16                                    -1.0321495919183406e-02        -4.7055816916159461e-04        -2.3006348897047264e-04         2.1220945567857223e-04         2.6582392441921055e-04         3.3013721021813791e-04        -9.9112822830644789e-05         1.8770198349519658e-03
17                                    -8.1682236127160815e-03        -3.5560159717720291e-04         1.2320025111319468e-04        -6.7811803014637944e-05         2.1652934847575511e-04         6.1591313845098944e-05        -2.1671946058030088e-04        -2.2324249442700816e-03
18                                     2.8945927539243757e-05         1.3078778040132711e-03        -7.0425886357391239e-04         2.6623760021318027e-04        -5.2882491255111606e-03         1.7897614212651963e-03        -2.2140504265559524e-03        -2.8843811619696093e-04
19                                    -7.9663835585639092e-06         3.7921729400398375e-05         5.2483163632180115e-04         3.1707268692067817e-04         1.8883617621356878e-03         1.0398923654863744e-03         1.1708402528015781e-03         7.6574472539990015e-04
20                                     2.7670055396157491e-05         7.5920112801227996e-04         2.4638428619008464e-04         2.4926652706311098e-04        -2.6105137028970245e-03         8.3756105350705134e-04        -1.2775117406741158e-04         5.3988799906359180e-05
21                                    -9.3996404793051508e-05         9.5911747787707190e-04        -5.5564966105242598e-04        -2.4537299841365448e-04         1.0505714369240591e-03         2.9273340444427483e-04         3.9501984582265994e-04         1.3538865499882705e-04
22                                    -1.2670608042558088e-05        -6.6499930651263157e-04         1.8952496296054106e-04        -4.8346263582006374e-05        -4.3886642767536040e-04         4.1629357398392276e-04        -5.7468420520138594e-04         3.1459711314465690e-04
23                                    -5.6003149055317567e-05         5.5861663611324276e-04        -5.0298650334291680e-04         5.6520156718414642e-04         7.2534207510767152e-04        -1.9276161279930832e-04         2.7586450648286109e-04        -1.0161314998803042e-05
24                                    -4.0829646428078849e-05        -5.2546803955187309e-03         2.2303013304195963e-03        -1.9694423431983040e-03         1.2833369546765819e-03        -1.2742142112955046e-04         6.9892978604852492e-04        -5.0285686715213377e-05
25                                     2.1610081633653916e-06         2.5793343833856743e-03         1.0919113390722257e-04         1.0559161702275279e-03        -7.8671818202072428e-04         4.6520706589679153e-04         2.8261906378573907e-04         2.5206002267184340e-05
26                                    -3.6378040381916448e-05        -2.0344501630049855e-03         1.3885039245943214e-03         7.5002466303254842e-04         1.4730535680021776e-04         3.3466750735289957e-04         2.9675435242020238e-04        -1.1949801873516912e-04
27                                     1.5049789049288722e-03        -4.3347518492505553e-05         1.3972177197127004e-04         5.5854573540459955e-04        -2.9411519117899859e-04        -7.1579942460774429e-04        -1.2917861763557157e-04        -2.2073465914834818e-03
28                                    -7.5628864209119871e-04         5.3558311572693027e-04        -1.7883442218473932e-04        -4.0815011335136858e-04         5.1636112654374631e-04         1.6900365112092718e-04        -1.5392101331160893e-04         5.0039747415054790e-04
29                                    -2.8915574485234817e-03        -3.3132409152500700e-04        -9.0421800649046445e-05        -3.4341706557269522e-05        -5.1494968490266942e-04        -3.8922920880134389e-04         1.5785052257863479e-04        -2.9314818861673106e-03
30                                     2.4985100834620882e-02         5.4926975829141297e-06        -1.1031560676327086e-05         3.1149080345350445e-05         1.1253605582555880e-04         3.8155296844844498e-05        -3.9328657986803037e-05        -2.1546841079081284e-04
31                                     4.9386361927616917e-02        -6.3532288272887699e-05        -1.6227125746609257e-05         5.1500554244612341e-05        -4.9898892755284401e-05        -3.7343348521998165e-06         1.7961051701468491e-05         3.4288406617731494e-04
32                                     2.5364503815963953e-02         9.7535841958902711e-05         3.0484797001903929e-05        -8.1870064428430419e-05         2.4731802486885798e-05        -5.3622491709726236e-05        -6.3857993065102151e-06        -9.4257687559910601e-04
33                                     9.7535841958902711e-05         5.9035586915011297e-02         8.4011792073452225e-03         2.6946325721904391e-02        -6.7151784862628724e-04         5.6290529172496259e-05         5.7998746659046572e-04         1.0688355165525687e-03
34                                     3.0484797001903929e-05         8.4011792073452225e-03         7.2778716566600093e-02         7.5699820796750181e-02        -3.3352145836546255e-03        -8.7812874303284313e-03        -3.1589524251736528e-02         8.4683083781145240e-04
35                                    -8.1870064428430419e-05         2.6946325721904391e-02         7.5699820796750181e-02         3.1121034765465605e-01         1.6360932396079384e-05        -4.9561058380143824e-04        -4.9202406830138254e-04        -2.7374742606503630e-04
36                                     2.4731802486885798e-05        -6.7151784862628724e-04        -3.3352145836546255e-03         1.6360932396079384e-05         5.5584378655088341e-02        -4.9054332662751728e-03        -8.7537614358505615e-04        -3.9716137938992663e-03
37                                    -5.3622491709726236e-05         5.6290529172496259e-05        -8.7812874303284313e-03        -4.9561058380143824e-04        -4.9054332662751728e-03         3.3637422619327356e-01         7.2778593715606653e-03        -1.6076743191229389e-03
38                                    -6.3857993065102151e-06         5.7998746659046572e-04        -3.1589524251736528e-02        -4.9202406830138254e-04        -8.7537614358505615e-04         7.2778593715606653e-03         5.1227561545274553e-02         3.0193865557440612e-03
39                                    -9.4257687559910601e-04         1.0688355165525687e-03         8.4683083781145240e-04        -2.7374742606503630e-04        -3.9716137938992663e-03        -1.6076743191229389e-03         3.0193865557440612e-03         5.3410706293604650e-02
40                                     1.1059783775965509e-04         8.9595785835307239e-05         5.4414362974191310e-04         3.5835299604622395e-04        -1.3370886093874686e-03         7.5591161866612544e-04         1.5550201551218442e-03         1.6241295383350644e-04
41                                    -2.1222408386719380e-04        -9.5554362797935753e-04         5.4245863637620803e-05         3.3285472441238885e-04         2.8560565868204582e-03         1.5568869298923675e-03        -1.3401450233047328e-03        -7.1105204283389029e-04
42                                     4.4391594954554307e-04        -4.1398496268708418e-03        -2.0682248396169558e-03         2.7334543260950557e-03         1.0812727504770974e-03         1.4807887042233591e-04        -8.7552965199778779e-04        -3.5220551463222699e-04
43                                    -7.6132188501692370e-04        -2.1337186723394221e-03         3.9034312408904159e-06         1.7021612920842682e-03         6.9749219426664820e-04         5.0022824590393537e-04         1.9574862961836302e-04        -4.4538169338138268e-03
44                                    -1.9798112793427761e-04         2.6702392780217857e-03         1.8462202926568169e-03        -5.3188568794059442e-04        -4.2277997167568314e-04         2.3371839583868903e-04         5.7519566500266808e-04         1.0822485390892942e-04
                                                        40                          41                          42                          43                          44

0                                      4.7820167999960625e-04        -9.0112121091912131e-04         1.9819177399398721e-03         6.3337329458547234e-04        -1.0689877031398835e-03
1                                      7.4426534976421328e-04        -1.8493449529651817e-04         4.1660388075691281e-04         3.9504633938509210e-05        -1.9492473132289197e-04
2                                     -2.1624392766980607e-04         2.3026179499338568e-04         1.0444408513893282e-03        -2.5670644497542130e-04         1.1462843629598575e-03
3                                      4.5521203343765575e-03        -5.3530371564553822e-03        -1.1182813737928773e-02         1.3788432176732104e-03        -7.9184955476240063e-03
4                                     -1.3815696412415326e-02         1.6106087350371060e-02        -9.6959315248674929e-03         3.8392370231323022e-03        -7.9033434207124303e-05
5                                     -8.1744940906134170e-04        -1.5496207740229844e-03        -2.6659088556801186e-02         1.3205950815325454e-02        -1.0657326563786755e-02
6                                      2.8435732218009390e-03        -9.5463786231283522e-04         1.9226034722308982e-03        -1.3166409177382725e-03         7.3783923229251303e-04
7                                      6.4584364870145629e-03        -3.6899352862575538e-03        -1.3747595079494578e-03        -3.7340737231138081e-03        -3.0700098287854373e-03
8                                      5.4859595277555661e-04         4.2406031362080421e-04        -6.1859515525744578e-03         1.0432246128514754e-03        -1.6266730362956491e-03
9                                     -2.0818767342876965e-04         1.0159835620359185e-05         6.8051057086015825e-04         3.3487168720429047e-04        -2.2046462652949503e-04
10                                    -1.0248700970387534e-02         1.8621383578357513e-02         7.6105324538814833e-03         3.3136033928585977e-03        -4.3554568045646273e-03
11                                    -1.1692458525549773e-05         1.7008712374199687e-04         2.6350368928061533e-02         1.3161626415364062e-02        -1.8185905822711082e-02
12                                    -2.5400597826667213e-03         3.7824666760711018e-03        -4.4925062077078186e-02        -6.8479633032047299e-03        -2.1149227009260606e-02
13                                    -3.0246233980264092e-01        -5.0467305207626753e-06        -7.9218216937017132e-03        -6.2773960699029338e-02        -7.3424866628280433e-02
14                                    -1.4319735188457316e-03        -4.1729679427447638e-02        -2.6788794918925142e-02        -7.1317865172157768e-02        -2.7634505739745158e-01
15                                    -4.6271804967041594e-03         3.4115094536890113e-03         2.4989410313946397e-03         1.6237081410723385e-03         2.5046183916600214e-03
16                                    -1.0935639164422720e-03         1.7555422917052733e-04         4.3723439938782652e-03         1.1412042009385464e-03         2.4414638469134045e-03
17                                     2.1989439595198699e-03        -1.7355097678633817e-03         5.5050299762581800e-03        -1.3880005866291102e-03         1.0384403625795905e-03
18                                    -7.0807505670217482e-04         1.0524032114146055e-04        -5.4487841801851623e-05        -2.9550079308768062e-05         7.6611774618409810e-05
19                                     2.3182724154689402e-04        -3.5360958446440847e-04         7.3936499390377390e-05        -1.1215842685796500e-04         4.2869315896604948e-05
20                                    -1.6533217291108510e-04         2.7600436114749407e-04        -7.9995748463488353e-05        -1.4395349164616513e-04        -4.0931334104413303e-05
21                                    -1.8735131504465929e-05        -1.4838720740617566e-04         2.2850941410118694e-04         1.4653285647365176e-04        -1.1691247862065466e-04
22                                     3.5852705388706666e-04        -5.8689399284466371e-05        -1.2970221969170161e-04        -1.5120901833543779e-04         2.3589202404720577e-04
23                                     2.0359956598776496e-05        -1.6313823364669486e-04        -2.2884708088871821e-04         1.3582544526345307e-04         2.9639947759532281e-04
24                                    -5.4511151889216191e-05         4.2083574802035718e-05        -2.8028584447066204e-04         1.2807751490561284e-04         7.6715100313732654e-04
25                                    -9.6849482734381962e-05        -1.6581684925463827e-04        -2.1798404638915766e-04         1.5979783416383261e-04        -2.4211934839927108e-04
26                                     2.7932149128087960e-05        -6.8209755999512514e-05        -7.2475891481951099e-04        -2.8638930554647415e-04         3.3522608416190411e-04
27                                     1.1678774482396536e-03        -1.7516455338855892e-03        -1.7154930506309153e-03         1.1166078718674575e-03        -1.0868824099583979e-03
28                                    -4.7756852951888712e-04         7.9569715785843460e-04         2.9669532217723739e-04        -1.0780128413603132e-03        -1.8381933447072975e-04
29                                    -1.4228612230862605e-05        -1.2102968395219221e-03        -2.0597476351782290e-04        -8.9468759707605431e-04        -4.1394407369086880e-04
30                                     1.9356198525944442e-04         5.7502125418918733e-06         1.4426194997597757e-04        -8.7890811060614693e-05        -6.9384995710687972e-05
31                                    -4.5032000467569010e-04         2.9338480820643612e-04        -3.1829662694299744e-04         3.9856128787746359e-04         2.0673187908902459e-04
32                                     1.1059783775965509e-04        -2.1222408386719380e-04         4.4391594954554307e-04        -7.6132188501692370e-04        -1.9798112793427761e-04
33                                     8.9595785835307239e-05        -9.5554362797935753e-04        -4.1398496268708418e-03        -2.1337186723394221e-03         2.6702392780217857e-03
34                                     5.4414362974191310e-04         5.4245863637620803e-05        -2.0682248396169558e-03         3.9034312408904159e-06         1.8462202926568169e-03
35                                     3.5835299604622395e-04         3.3285472441238885e-04         2.7334543260950557e-03         1.7021612920842682e-03        -5.3188568794059442e-04
36                                    -1.3370886093874686e-03         2.8560565868204582e-03         1.0812727504770974e-03         6.9749219426664820e-04        -4.2277997167568314e-04
37                                     7.5591161866612544e-04         1.5568869298923675e-03         1.4807887042233591e-04         5.0022824590393537e-04         2.3371839583868903e-04
38                                     1.5550201551218442e-03        -1.3401450233047328e-03        -8.7552965199778779e-04         1.9574862961836302e-04         5.7519566500266808e-04
39                                     1.6241295383350644e-04        -7.1105204283389029e-04        -3.5220551463222699e-04        -4.4538169338138268e-03         1.0822485390892942e-04
40                                     3.3054936139032504e-01        -2.0573673688126220e-03         1.7057968154191808e-05        -1.0997433652130784e-02        -1.1909436904845166e-04
41                                    -2.0573673688126220e-03         4.6613320706926732e-02         5.5735711414878425e-04        -3.1074261373447553e-02        -3.7765119168747287e-05
42                                     1.7057968154191808e-05         5.5735711414878425e-04         5.4112180764433623e-02         8.8007727049578127e-03         2.5151412125685065e-02
43                                    -1.0997433652130784e-02        -3.1074261373447553e-02         8.8007727049578127e-03         6.9450808310773576e-02         7.6670538685312803e-02
44                                    -1.1909436904845166e-04        -3.7765119168747287e-05         2.5151412125685065e-02         7.6670538685312803e-02         3.0464592421078462e-01
   &MODES [&Type "ArrayOfDoubles", &Dim (45,45)] "The modes of vibrations"
                                                         0                           1                           2                           3                           4                           5                           6                           7

0                                      0.0000000000000000e+00         0.0000000000000000e+00         0.0000000000000000e+00         0.0000000000000000e+00         0.0000000000000000e+00         0.0000000000000000e+00        -4.0703593494868318e-03        -8.2773095702470094e-03
1                                      0.0000000000000000e+00         0.0000000000000000e+00         0.0000000000000000e+00         0.0000000000000000e+00         0.0000000000000000e+00         0.0000000000000000e+00        -1.1319982584425084e-03         3.8663880338809055e-02
2                                      0.0000000000000000e+00         0.0000000000000000e+00         0.0000000000000000e+00         0.0000000000000000e+00         0.0000000000000000e+00         0.0000000000000000e+00         2.1089949892554876e-04         2.1991580739920365e-02
3                                      0.0000000000000000e+00         0.0000000000000000e+00         0.0000000000000000e+00         0.0000000000000000e+00         0.0000000000000000e+00         0.0000000000000000e+00        -8.0029935910232303e-02        -2.3020719227649124e-02
4                                      0.0000000000000000e+00         0.0000000000000000e+00         0.0000000000000000e+00         0.0000000000000000e+00         0.0000000000000000e+00         0.0000000000000000e+00         9.0906179698038644e-02        -9.1260749292658067e-02
5                                      0.0000000000000000e+00         0.0000000000000000e+00         0.0000000000000000e+00         0.0000000000000000e+00         0.0000000000000000e+00         0.0000000000000000e+00         7.7507217209965021e-02        -4.1147333977347739e-02
6                                      0.0000000000000000e+00         0.0000000000000000e+00         0.0000000000000000e+00         0.0000000000000000e+00         0.0000000000000000e+00         0.0000000000000000e+00        -4.6959401899129512e-02        -1.2837810829021582e-02
7                                      0.0000000000000000e+00         0.0000000000000000e+00         0.0000000000000000e+00         0.0000000000000000e+00         0.0000000000000000e+00         0.0000000000000000e+00        -1.2690368168769300e-01         1.4326871526022321e-02
8                                      0.0000000000000000e+00         0.0000000000000000e+00         0.0000000000000000e+00         0.0000000000000000e+00         0.0000000000000000e+00         0.0000000000000000e+00        -4.0329291876098756e-04         8.1483863345208962e-02
9                                      0.0000000000000000e+00         0.0000000000000000e+00         0.0000000000000000e+00         0.0000000000000000e+00         0.0000000000000000e+00         0.0000000000000000e+00        -7.7505439940021171e-03        -1.0967635992243187e-02
10                                     0.0000000000000000e+00         0.0000000000000000e+00         0.0000000000000000e+00         0.0000000000000000e+00         0.0000000000000000e+00         0.0000000000000000e+00         5.5313440818052385e-03         5.3538438371228160e-02
11                                     0.0000000000000000e+00         0.0000000000000000e+00         0.0000000000000000e+00         0.0000000000000000e+00         0.0000000000000000e+00         0.0000000000000000e+00         1.8294016556489562e-03         4.3462026021685356e-02
12                                     0.0000000000000000e+00         0.0000000000000000e+00         0.0000000000000000e+00         0.0000000000000000e+00         0.0000000000000000e+00         0.0000000000000000e+00        -1.6352811575170833e-02        -1.6002029710544940e-02
13                                     0.0000000000000000e+00         0.0000000000000000e+00         0.0000000000000000e+00         0.0000000000000000e+00         0.0000000000000000e+00         0.0000000000000000e+00         2.9032388615926791e-02        -9.7446698109102892e-02
14                                     0.0000000000000000e+00         0.0000000000000000e+00         0.0000000000000000e+00         0.0000000000000000e+00         0.0000000000000000e+00         0.0000000000000000e+00         2.2855741848003638e-02        -6.7551314381364816e-02
15                                     0.0000000000000000e+00         0.0000000000000000e+00         0.0000000000000000e+00         0.0000000000000000e+00         0.0000000000000000e+00         0.0000000000000000e+00         1.3454823064283600e-01         6.3791223203343059e-02
16                                     0.0000000000000000e+00         0.0000000000000000e+00         0.0000000000000000e+00         0.0000000000000000e+00         0.0000000000000000e+00         0.0000000000000000e+00         2.5657168365621273e-03         7.0629220249979030e-02
17                                     0.0000000000000000e+00         0.0000000000000000e+00         0.0000000000000000e+00         0.0000000000000000e+00         0.0000000000000000e+00         0.0000000000000000e+00        -4.6693495619796292e-02        -3.4537208872935876e-02
18                                     0.0000000000000000e+00         0.0000000000000000e+00         0.0000000000000000e+00         0.0000000000000000e+00         0.0000000000000000e+00         0.0000000000000000e+00        -3.8550415024216872e-03         4.4166987987746847e-02
19                                     0.0000000000000000e+00         0.0000000000000000e+00         0.0000000000000000e+00         0.0000000000000000e+00         0.0000000000000000e+00         0.0000000000000000e+00        -1.0635554915753400e-03         4.5637647875099774e-02
20                                     0.0000000000000000e+00         0.0000000000000000e+00         0.0000000000000000e+00         0.0000000000000000e+00         0.0000000000000000e+00         0.0000000000000000e+00         1.2111450133708620e-03        -1.3240548218797676e-01
21                                     0.0000000000000000e+00         0.0000000000000000e+00         0.0000000000000000e+00         0.0000000000000000e+00         0.0000000000000000e+00         0.0000000000000000e+00        -7.6690902657441289e-03        -4.0441677341142741e-03
22                                     0.0000000000000000e+00         0.0000000000000000e+00         0.0000000000000000e+00         0.0000000000000000e+00         0.0000000000000000e+00         0.0000000000000000e+00        -1.1450494456851043e-03         1.6103846254271723e-01
23                                     0.0000000000000000e+00         0.0000000000000000e+00         0.0000000000000000e+00         0.0000000000000000e+00         0.0000000000000000e+00         0.0000000000000000e+00        -4.7458315151269722e-03         1.1042556942036244e-01
24                                     0.0000000000000000e+00         0.0000000000000000e+00         0.0000000000000000e+00         0.0000000000000000e+00         0.0000000000000000e+00         0.0000000000000000e+00        -7.6293986343551679e-04        -6.2095222394803765e-02
25                                     0.0000000000000000e+00         0.0000000000000000e+00         0.0000000000000000e+00         0.0000000000000000e+00         0.0000000000000000e+00         0.0000000000000000e+00         7.0376674123862038e-04        -1.0379071008989900e-01
26                                     0.0000000000000000e+00         0.0000000000000000e+00         0.0000000000000000e+00         0.0000000000000000e+00         0.0000000000000000e+00         0.0000000000000000e+00        -1.1963251490417881e-03         7.1337731233694288e-02
27                                     0.0000000000000000e+00         0.0000000000000000e+00         0.0000000000000000e+00         0.0000000000000000e+00         0.0000000000000000e+00         0.0000000000000000e+00        -4.0197579882092820e-02        -3.4917373454744528e-02
28                                     0.0000000000000000e+00         0.0000000000000000e+00         0.0000000000000000e+00         0.0000000000000000e+00         0.0000000000000000e+00         0.0000000000000000e+00        -1.4279292481199815e-01        -1.6212619824558744e-01
29                                     0.0000000000000000e+00         0.0000000000000000e+00         0.0000000000000000e+00         0.0000000000000000e+00         0.0000000000000000e+00         0.0000000000000000e+00        -1.9991552858433326e-01        -1.2199602837701382e-01
30                                     0.0000000000000000e+00         0.0000000000000000e+00         0.0000000000000000e+00         0.0000000000000000e+00         0.0000000000000000e+00         0.0000000000000000e+00        -1.8220332010377627e-01        -4.6090873864291157e-02
31                                     0.0000000000000000e+00         0.0000000000000000e+00         0.0000000000000000e+00         0.0000000000000000e+00         0.0000000000000000e+00         0.0000000000000000e+00         1.1920177411553620e-01         1.9738603185995483e-02
32                                     0.0000000000000000e+00         0.0000000000000000e+00         0.0000000000000000e+00         0.0000000000000000e+00         0.0000000000000000e+00         0.0000000000000000e+00        -2.5818458146305667e-01         2.1330681300781781e-01
33                                     0.0000000000000000e+00         0.0000000000000000e+00         0.0000000000000000e+00         0.0000000000000000e+00         0.0000000000000000e+00         0.0000000000000000e+00        -8.4448667011575770e-03         3.5900285107547274e-02
34                                     0.0000000000000000e+00         0.0000000000000000e+00         0.0000000000000000e+00         0.0000000000000000e+00         0.0000000000000000e+00         0.0000000000000000e+00         1.8528360329135744e-04         1.8903397989655246e-01
35                                     0.0000000000000000e+00         0.0000000000000000e+00         0.0000000000000000e+00         0.0000000000000000e+00         0.0000000000000000e+00         0.0000000000000000e+00         2.9710751461616181e-03        -3.9021959204101819e-05
36                                     0.0000000000000000e+00         0.0000000000000000e+00         0.0000000000000000e+00         0.0000000000000000e+00         0.0000000000000000e+00         0.0000000000000000e+00         8.0374281198262437e-03        -5.7883171892149796e-02
37                                     0.0000000000000000e+00         0.0000000000000000e+00         0.0000000000000000e+00         0.0000000000000000e+00         0.0000000000000000e+00         0.0000000000000000e+00         5.5404161363532588e-03         4.9816673233616993e-02
38                                     0.0000000000000000e+00         0.0000000000000000e+00         0.0000000000000000e+00         0.0000000000000000e+00         0.0000000000000000e+00         0.0000000000000000e+00        -5.4324375666485059e-03         1.8898628923279040e-01
39                                     0.0000000000000000e+00         0.0000000000000000e+00         0.0000000000000000e+00         0.0000000000000000e+00         0.0000000000000000e+00         0.0000000000000000e+00        -6.7832474696456563e-02         2.1910325997368973e-02
40                                     0.0000000000000000e+00         0.0000000000000000e+00         0.0000000000000000e+00         0.0000000000000000e+00         0.0000000000000000e+00         0.0000000000000000e+00         3.2462310921200672e-02        -1.0182865755930462e-01
41                                     0.0000000000000000e+00         0.0000000000000000e+00         0.0000000000000000e+00         0.0000000000000000e+00         0.0000000000000000e+00         0.0000000000000000e+00        -3.4832187555836364e-02        -2.1484761409340750e-01
42                                     0.0000000000000000e+00         0.0000000000000000e+00         0.0000000000000000e+00         0.0000000000000000e+00         0.0000000000000000e+00         0.0000000000000000e+00         1.6247611345192241e-02        -6.2172539271595863e-02
43                                     0.0000000000000000e+00         0.0000000000000000e+00         0.0000000000000000e+00         0.0000000000000000e+00         0.0000000000000000e+00         0.0000000000000000e+00        -2.3242289249239805e-02        -2.3933909445245949e-01
44                                     0.0000000000000000e+00         0.0000000000000000e+00         0.0000000000000000e+00         0.0000000000000000e+00         0.0000000000000000e+00         0.0000000000000000e+00         2.5846526094653505e-02        -2.2234211890509496e-02
                                                         8                           9                          10                          11                          12                          13                          14                          15

0                                     -7.5686774574809882e-03         5.1023778365617604e-02        -4.6596062517151717e-04        -4.5145924170819481e-02        -1.4602433082001676e-01        -4.3000342067522929e-02         2.4277542075735209e-02        -2.5466734565908517e-03
1                                      8.7767341684801492e-02         7.3201120779293333e-02        -1.1761011097361621e-02         4.6200436614881237e-03         6.8810171135710975e-03        -1.2265666581409231e-02        -7.0460544245197617e-03         7.5769747245731387e-03
2                                      8.9488266039515263e-02        -7.9863974123068088e-02        -9.2704055537418950e-03        -1.6363818133749583e-02         1.0187422442372784e-02         1.9379140143301471e-02         6.8966114517242860e-03         4.0434532529344336e-03
3                                     -9.6233717801802402e-03         3.7527507927526307e-02        -1.9320942055694687e-03         1.8005661022282408e-02         8.0187585022603342e-02         3.1163969890878634e-02        -5.5502351107327916e-02         5.0718002105610291e-03
4                                      2.0982255080773823e-02        -2.0614109977093453e-02        -8.8243891187815750e-03        -8.7957686003600058e-02         3.0460623523361086e-02        -1.0407861699942599e-01        -3.6225790300532031e-02        -2.5703074452920509e-02
5                                     -2.4752905904140934e-02         7.2617929005818163e-02        -3.1482428888609127e-03        -1.1864937948372092e-01         6.4622418375928609e-02         4.9328700418084938e-02         8.7002135134091690e-02        -2.8018529858531968e-02
6                                     -1.8655824740430517e-02        -4.4751845715352109e-02         2.3011749235632005e-04        -1.2927754338730902e-02         9.3324422886012046e-02        -6.5695316022566827e-02        -1.2506311305613335e-01        -1.4278011230683878e-02
7                                      3.7723902615219261e-02         4.6398150413581050e-02        -4.4653918514583734e-03         3.4724696998014989e-02        -8.4960546171116320e-03         1.8192865566271740e-02         2.3069221360340786e-02         1.2848702201111869e-02
8                                     -2.7410682298466417e-02        -7.0085570616635839e-02         3.5741515115921669e-03        -5.7777944158898926e-02        -3.7558806183898549e-02         2.6772098978895677e-02        -1.2291396797715512e-01        -1.0059022114707456e-02
9                                     -7.3758662345574152e-03        -4.1554367018439259e-02         4.2576461629777584e-03        -5.2177604902206742e-02        -8.7559198011785438e-02         2.7388212871081778e-02         3.8436715197149980e-02         2.4343244679653018e-03
10                                    -7.9477906381929628e-02        -4.7059849616628659e-02         5.6582830265525651e-02         2.1597864568715305e-02         2.4193380669843004e-02         6.4342838886353504e-02         3.0567789431060522e-02         4.6548391638415343e-02
11                                    -6.8043539017441271e-02         4.6977622607863166e-02         4.3230442332945630e-02         4.4740159086306845e-02        -3.7907387316173477e-02        -7.4607322234388540e-02        -3.6061748395712377e-02         3.6131676963531464e-02
12                                    -2.1071429777816598e-02         8.0022665327560104e-03        -1.1669849588838085e-03        -3.0258428451009421e-02         2.9847803474125488e-02         8.8166909769346199e-02         3.3471856686807418e-02         1.3570845767690678e-02
13                                    -6.1712482990122837e-02        -1.0282485101209619e-01        -2.4833790614778525e-02         3.3352753205331799e-02        -3.6328676962981130e-02         6.7841256410316715e-04         2.1683105402201548e-03         5.0033412152042225e-02
14                                    -7.6747881233113116e-02         8.9107515853409078e-02        -1.9901170673439900e-02         6.2557879742719522e-02         3.1793238521843376e-02        -7.0607925943031516e-03         9.8985755250569248e-04         4.2975659055361791e-02
15                                     5.6816082696279191e-02        -1.3848908821532757e-02        -3.1730550961085524e-04         1.1538395832320927e-01         4.1466309341138034e-02        -2.8487657124910564e-02         3.8889701757938523e-02         3.1082511650741438e-03
16                                    -1.2709826759746261e-02         3.0191577512827288e-02         1.4488005024095648e-03        -3.1901476075153784e-02         3.4772283201502429e-03         8.2571002979816045e-03         6.9784176285457066e-03        -7.7412111185397548e-03
17                                     8.3033312039587984e-02        -3.0749820952964173e-02        -8.2765864910796412e-03         4.9482593075899244e-02        -3.9511612525752991e-02         5.5886234142868063e-03         9.0499960542920425e-03         1.1154677606525772e-02
18                                     6.1793914093003346e-02         1.5972916254450814e-01        -2.5653023453551677e-01        -7.5473235951352038e-02        -2.0571875764106112e-01        -1.4994246531206440e-01        -1.9849470109955664e-02        -1.6361025870161061e-01
19                                     8.5154572911051593e-02         7.8502976368790431e-02        -3.7746042158182030e-02         3.2140428866867929e-03         3.1541779296576380e-03        -1.8110707955332487e-02        -9.3587562308437670e-03         3.2947066098402427e-03
20                                     2.7646054265736947e-01        -8.6748464471958636e-02         4.3313860579857677e-01        -1.3680788499569991e-02         2.7914921073596347e-02         4.1883234829176455e-02         1.3285688294522143e-02        -1.5492921562442299e-01
21                                     2.3550485270346293e-03        -5.0748926407986963e-02        -2.8788851283595814e-02        -6.5327566108796864e-02        -6.9572146076062269e-02         6.2012914383522043e-02         6.6119838693283778e-02        -1.6046098881138927e-03
22                                     4.1320893146196955e-02         1.5834558967406528e-01        -4.4553637903483090e-01        -2.0551826067641638e-02        -4.2781867458567276e-02        -1.0153834651900476e-01        -4.3655838892884755e-02        -6.2355103530211738e-02
23                                     7.2523861619096727e-02        -1.6973489630016939e-01        -3.4158150271011378e-01        -6.2157934616594010e-02         8.9260171364729177e-02         1.1241112261525348e-01         4.2506034290969177e-02        -4.1308105117327222e-02
24                                    -8.7930715984481239e-02         1.3238266352744155e-01         2.7937517225682307e-01         1.6724596659706846e-02        -2.3268015005834483e-01        -1.3532730573633686e-01        -7.8576261129444450e-03         1.3685987307846531e-01
25                                     2.7197290430258203e-01         8.9453366472949158e-02         3.8613010305733247e-01         5.8754943379203976e-03        -4.2714419087987057e-04        -2.1452466052036955e-02        -1.3401486861636771e-02        -1.6190642718601952e-01
26                                     4.5860967898030076e-02        -9.5811024960338886e-02        -1.6531470895769779e-01        -2.5015098073485519e-02         2.4569944645289395e-02         3.4935811131919070e-02         1.3254844607493729e-02         3.3447222310782725e-02
27                                     9.0868987053673769e-03         1.4332653328473186e-01        -4.8921356626789401e-03         5.7224994079427480e-02         1.3117628931020373e-01         3.8775198255607872e-02         9.8187177396321761e-03        -9.4611913411573427e-03
28                                     8.8641533745357437e-02         1.1187601963064108e-02        -1.5998472869401408e-02        -1.1525125335189138e-02         3.9465461494920737e-02        -9.0876650685718041e-02        -2.2435447274125487e-02        -5.6594132758818270e-02
29                                     5.2172084428298397e-02         1.0529393269335482e-01        -1.1141870555054752e-02        -3.4203964025069360e-02         7.3686708538635737e-02         6.4168059750311909e-02         9.6049857735920424e-02        -6.4282855020914631e-02
30                                    -6.0894081623188490e-02        -8.8136254705392186e-02         3.7499875874949474e-03        -6.9675703994126925e-02         1.9544183743707622e-01        -2.5264115899231016e-01         4.3569009495438404e-02        -1.9578592972898157e-02
31                                     9.5670629843688321e-02         1.2581387622617801e-01        -1.2557433520398819e-02         8.9558265806045284e-02        -1.5066694657209506e-01         3.1648206871088047e-01        -2.9192345080549043e-01         9.6080854777660738e-03
32                                    -7.1556932442423171e-02        -1.9755125235746246e-01         2.1534329629333979e-02        -2.5087024815407220e-02         1.0792118303526839e-01        -3.9423353420688206e-01         4.9340730645418296e-01         2.6628398928599702e-02
33                                     8.2636707721197966e-02        -9.6389907853131007e-02        -4.3822634796430596e-03        -9.2173291056790202e-02        -1.2113834482752249e-01         3.5257273544907493e-02         5.3011115982362626e-02        -2.7624844464022465e-02
34                                    -2.1197996804603297e-01        -4.1547161040577943e-02         1.4367455333342119e-01         2.6978266347196325e-02         1.4988435037257037e-02         6.1504813168749478e-02         2.7020880838031600e-02        -4.5210294765837777e-01
35                                    -4.0033879583908714e-02         5.0757389958658007e-02         1.9373807131548609e-02         4.7088004944357997e-02        -3.1316129356632312e-02        -7.3558193698324448e-02        -3.5895372789188910e-02         1.7548299375352083e-01
36                                    -8.4283629421059547e-02        -1.2248134583422751e-01         1.7870275859670545e-02        -5.2194701103618728e-02        -1.2514938244871335e-01         3.3634113137558000e-02         5.3826065204258845e-02        -1.1749654871414347e-02
37                                    -7.8476513881568205e-02        -4.8320014905959205e-02         5.5071989473383307e-02         2.1536848370942462e-02         2.2737009886138856e-02         6.2943612085186007e-02         3.0391529203739023e-02         5.1651106541208240e-02
38                                    -1.9876038859257925e-01         5.2527026483417394e-02         1.3270466093723021e-01         4.9053261247324051e-02        -2.4573014282210315e-02        -5.4192540753853151e-02        -3.3197087101102286e-02        -4.7939660842046999e-01
39                                    -6.4338632027374901e-02        -1.2099177402538802e-02         1.2899441569094805e-02         7.1239303674148005e-02         2.0099292059333626e-02         2.1319411296460555e-01         1.2411673516016827e-01         8.4797608192187540e-02
40                                    -6.1074372058868467e-02        -1.0247415201828707e-01        -2.7891727822708257e-02         3.8482462592244179e-02        -3.7375159636421434e-02         8.8857524428581441e-04         5.9806613568220710e-03         3.7275877932073383e-02
41                                    -1.0491241012697584e-01         3.1284530996223914e-02        -1.4799288135468147e-01         2.9192661303697842e-01        -5.4445160509169956e-02         4.3721962869041509e-02         4.7767901782852021e-02        -3.6938967188791605e-01
42                                     5.9085968524704418e-03         3.2123493312257050e-02        -2.5259989040587835e-02        -1.6200292255571158e-01         1.0952309551077086e-01         1.5411921782195831e-01         6.5424221955898060e-02        -8.8031418952742677e-02
43                                    -9.2450826773737033e-02        -1.4366117077480009e-01        -1.4795612514037368e-01         2.7725491646879369e-01        -1.0339899208650505e-01         5.3870493802672094e-02         5.7275469022924429e-02        -3.3395607310805836e-01
44                                    -6.9121818268673127e-02         9.7956789652555692e-02         1.8049875563823373e-02         5.3960308800614695e-03         4.3093630425422809e-02        -2.8415895370062994e-02        -1.7179750481491902e-02         1.5962250355815849e-01
                                                        16                          17                          18                          19                          20                          21                          22                          23

0                                      2.8923205435108447e-03         3.1953889433186766e-03        -1.0317089919445771e-01        -6.3340539411437469e-02        -8.4397446926160094e-02        -3.5030017144706264e-02         2.0657012669584324e-02        -1.8289747650543594e-03
1                                      3.3937442830547677e-02         2.4039747360733402e-02        -1.8833378196492688e-02         4.2401269349413268e-02         3.7151498764342851e-02         3.9033648827404357e-02         5.4836509897634833e-02        -3.5019471918412662e-02
2                                      3.2653036685053358e-02         5.3593452952563564e-03         2.8841615812746104e-02        -1.8780598486399677e-02        -8.2327744948060444e-02         1.2895542995156465e-02        -5.8526389593497902e-02        -1.1622836624046784e-02
3                                     -9.2545174314070718e-03         8.1871748047899918e-03         1.8681590482662682e-02        -1.5439159596582069e-02        -3.0266401308649538e-02         5.0217320853815577e-02         4.2458878097584384e-02         8.0920675957560265e-02
4                                      1.2592921213516056e-02         2.7460223455599463e-02        -2.7362861601396608e-02         9.2791645219073085e-02        -3.0358253814305419e-03        -5.5151832644259206e-02        -3.6104308103262067e-02         5.1742656550170719e-02
5                                      3.9306792352921185e-02         1.7524390488331255e-02         4.5953348875719370e-02        -1.0281373647629587e-01         1.4998508446821573e-02         2.2546876724066595e-02         5.6256633716250677e-02         5.0570959668360005e-02
6                                      1.6318543827944836e-02         2.2430263115812105e-02        -5.0601002883363918e-03        -5.5595222445099103e-02         1.1382988659147903e-02         8.1864809057868035e-04        -6.8795123816263425e-03         1.7319489401020176e-02
7                                     -2.3167251594118424e-02         2.9715100818372919e-02         8.0010449327090078e-03        -1.1032962397901101e-02        -1.4229362080557610e-02         2.0696517775201522e-02         1.1373846345491266e-02         9.9205031421418927e-03
8                                      2.1878270817250703e-02        -5.3861075477333924e-02        -2.1144279996232876e-02         3.0546241778951697e-02        -1.8065783587713116e-03        -2.1443504904741441e-03        -1.2303561671335695e-02        -4.9703545150472121e-03
9                                     -4.0981068965816839e-04         5.4155587144604266e-03        -5.8209807648741813e-03         5.1965035920871400e-02         1.4475006330722184e-01         7.1714088444932891e-02        -4.6501112347146212e-03         4.6663140287213876e-03
10                                     3.0212841104421455e-02         2.0086193282002076e-03        -5.1091165500146016e-02        -4.6772581692713450e-02        -5.5920015562272744e-03        -1.9253948275603058e-02        -9.1434992956307970e-02         6.0868409530492600e-02
11                                     2.6301931189528199e-02        -2.4235976015624374e-03         6.7267493803130129e-02         2.9171156795056493e-02         4.6268790193443737e-02        -6.3361723688700272e-02         9.4770163681987651e-02         1.1106244441030737e-02
12                                    -2.6181118524341847e-02         1.5370388615178109e-02         5.0741362616489469e-02         1.1667954818030085e-01        -2.2819916036615730e-02        -9.9772475277940545e-02         2.4661123169627840e-02        -4.1461746233632246e-02
13                                    -6.3735753236707063e-02        -4.3975549484331938e-02         6.4756586259526377e-02        -4.2061725865017344e-02        -5.2099113784799589e-02         5.1714246418553177e-02         9.3843241859643226e-02        -4.2119601806955759e-02
14                                    -7.4211096725339487e-02        -4.2127315704379815e-03        -8.6846305657763717e-02         5.3443992186647478e-02         7.4954899542745701e-03         5.4424468475270243e-02        -9.5475979565580182e-02        -4.0416017300325749e-02
15                                     1.0167233917715733e-02        -3.9518243666244970e-02         4.6931470988371504e-04        -1.5189684307453146e-02        -2.0514277210352920e-03         1.0798702638357548e-02         6.7720311819819620e-03        -2.1042511490333635e-02
16                                     1.0026855989789642e-02         1.7108040345211427e-02         4.7332601181359424e-03        -3.3457171104891423e-02         3.1204909170487981e-02        -2.8377318644793429e-02        -1.6416602060966585e-02        -5.7204682612929894e-02
17                                    -3.0200539554048608e-02         6.9144653840691461e-02         7.3073283298874638e-03        -9.9167167542724439e-03         1.0473021013281550e-02        -1.1889605243130466e-02        -1.1997983501453367e-02        -1.8781175691214343e-02
18                                    -2.7269180738466858e-01        -1.6070667803989236e-01         2.1494333631666426e-01        -1.7823750223757753e-01        -1.2712727026487117e-01        -1.2469080684412458e-01        -2.6697816860525325e-01         1.3474015185065763e-01
19                                     2.5447654178986302e-02         1.6856876258257887e-02         1.8027515211058174e-03         3.7964429429262668e-02         3.5628327726193398e-02         3.8916991927146288e-02         3.5969006492202395e-02        -2.7815087939037749e-02
20                                    -2.2253153310813009e-01        -7.5909104208039202e-02        -6.7932106089994018e-02        -7.5631706652455874e-02         2.1502504427487634e-02        -1.2471168595295951e-01         3.1098362590539663e-02         6.9178369952097793e-02
21                                    -3.5386553171985066e-02         4.4002667575727135e-02        -4.3552960313542749e-01        -5.3288934535465807e-02        -4.0196316865344370e-03        -7.8425043659111918e-02         2.2430915696722806e-01        -2.4793963929905457e-02
22                                    -1.2520148835421949e-01        -8.7081609887596709e-02         2.4876136756672987e-01        -2.1848015819607960e-02         3.8698830896215806e-02        -2.0709829923466413e-02        -1.3217181083799906e-01         7.2796565940451363e-02
23                                    -1.3030238572970559e-01        -9.1969077997603402e-03        -2.7306398527880432e-01        -4.2950978375181734e-02         4.0701442753645477e-02        -9.2516425094206364e-02         1.2303300770220614e-01         2.5230702510708344e-02
24                                     3.1269382863048478e-01         6.8647737858347241e-02         1.9036417597564875e-01        -3.4337652311374263e-02        -2.9344931061066831e-01         1.0596214435064918e-01        -2.1931766413678136e-01        -5.7206424898760821e-02
25                                    -2.2585719802118215e-01        -9.0249639240874729e-02         6.9157982976130988e-02        -2.9351943344784272e-02         1.0611781151728611e-01        -5.5364155599960968e-02        -5.7741435545794327e-02         8.3494997169820492e-02
26                                     6.3093942656018046e-02         2.8632681577332952e-02        -3.9687358942076333e-02        -3.3300442612460312e-03        -7.4671647921111792e-02         1.6777969264365596e-02         9.0339733555807027e-03        -3.7231118040646931e-02
27                                     2.4286349710701132e-02        -5.7146958443105522e-02        -3.8206387835323097e-02        -2.5995012998453536e-02        -1.2298197002144436e-02         1.0293847841549253e-01        -1.0341834230105357e-01         1.3560274373021083e-01
28                                     1.9871091109143077e-01        -5.0861202565856845e-01        -1.0879987292971539e-01         1.1594090444436596e-01         2.3413132437379115e-02        -5.5599081420248740e-02        -5.2020563294849970e-02        -1.4257638199568148e-01
29                                     2.5318257473146749e-01        -5.9017745400645027e-01        -4.4520069236028914e-02        -8.2465686821688311e-02         4.6303900647082570e-02         2.5943834911324681e-02         4.7569626598559830e-02        -1.6301258907572724e-01
30                                     8.2809058967728342e-04         1.5726910501166252e-01         1.7894030533216910e-02        -2.3422253181892164e-01         1.3481015839249524e-01        -7.8484218100079037e-02        -9.4308072962192208e-02        -3.7097803682616537e-01
31                                     7.1798523249721356e-03        -9.7356725610048711e-02        -1.2855698981918148e-02         1.1835629348788428e-01        -1.1305934475683227e-01         8.5645790841594224e-02         8.8279331925440171e-02         3.4756127860402269e-01
32                                    -3.8064192357471639e-02        -1.0602815430098810e-01        -2.8655966428239997e-02         2.7788382071162626e-01        -1.5036688105548879e-01         8.9313718154194893e-02         7.4169878857647184e-02         3.9110208160148341e-01
33                                     2.7598378630543036e-01         1.0543360312033789e-01         1.4668032352726612e-01         1.1138450411617767e-01         1.2133187205678220e-01         3.2833971388967015e-01        -1.4807501537898143e-01        -4.3295644034074612e-02
34                                    -1.5299886450473138e-01        -2.6975398363570640e-03        -4.2297523568864556e-02         4.8618656608720364e-04        -1.0154784162438943e-01         1.3205317262464922e-01        -3.3169247802467175e-02        -8.9879961775476663e-02
35                                     4.6257233165217175e-02        -1.2354148807117908e-02         4.8768993301239419e-02         1.1382149780210004e-02         7.5229795129383784e-02        -1.3133199179232849e-01         9.6473786001115072e-02         5.5917367323710492e-02
36                                    -2.4847424679769459e-01        -1.6548643280565811e-01         1.7550059935263176e-01        -6.5401261198947069e-02         3.0864638157810309e-01         1.0067888755629636e-01        -1.9649198099711510e-01         1.0445739441784203e-01
37                                     2.6167706898302886e-02        -2.8281022546450397e-03        -4.7309762709396089e-02        -5.0879250897493560e-02        -3.0767709733954063e-03        -1.8079459594429120e-02        -9.7027864474523107e-02         6.4521870729191647e-02
38                                    -1.4479099694656258e-01         1.5230835392324128e-02         4.8177943285966418e-02         1.0780196872155716e-01        -7.1905572802526740e-02         8.1613391600895119e-02         1.4408455046214097e-01        -1.5707718994355066e-01
39                                     1.3611502204842507e-02        -7.1524211073024119e-02         1.4135974836556750e-01         3.0293260520814411e-02         4.5371103181841829e-02        -5.0780694380734936e-01        -1.6021501937456792e-01        -7.8761457033891241e-03
40                                    -5.1255168444010721e-02        -4.3175597535740143e-02         6.4354886812559631e-02        -4.0413042788690123e-02        -5.1693245637712611e-02         4.3510769517722668e-02         9.3698107505884490e-02        -3.7063932573493497e-02
41                                     2.6587923222140614e-01         1.4409199549425647e-01        -7.9214913678627777e-02         3.7006999499308545e-02         1.0601584451314928e-01        -5.4855975686953981e-02        -8.6866963575679315e-02         1.1300162149124915e-01
42                                    -3.4013259369629296e-02         5.6164444154149944e-02         1.1132976800828402e-01         2.8255001257601975e-01        -3.6292363976716202e-01         1.2370341684351692e-01        -5.1529825770332237e-02        -2.4702480939987734e-01
43                                     2.5972096487404811e-01         7.5937057434034866e-02         4.4348258355734499e-02        -2.0151431055035439e-02         2.0703782448840420e-02        -1.4130900905815116e-01         2.7319391297521849e-02         9.6032530515353764e-02
44                                    -1.6065442799062965e-01        -4.3563096566497567e-02        -8.5843976022988419e-02         2.8186060892220585e-02         2.4124781211003279e-02         8.8203729225478630e-02        -6.6102759994479385e-02        -5.4636295529922663e-02
                                                        24                          25                          26                          27                          28                          29                          30                          31

0                                     -9.4810013139045570e-04        -2.0309701264014435e-02        -3.7999303217706830e-03         1.7927317450572132e-04         7.2228273344301522e-03        -5.5771338353178415e-03        -1.1990310340761229e-01        -7.8953527031922713e-06
1                                     -6.0154496697914277e-02        -4.4151057983146315e-02        -2.3503793217503365e-02        -3.5559902120875293e-02         7.6439455776291881e-04        -2.1866904395533963e-02         3.7909687537070504e-02        -5.5482340028403430e-04
2                                     -6.1837551316920078e-02         2.4467631211835889e-02         8.9344326675085736e-03        -3.9950792583616224e-02        -1.8471366665850787e-03         2.9801774398126445e-02        -3.9072876679857427e-02         5.9665110170010810e-04
3                                     -4.3726391607003213e-03         8.8283522487874778e-03         3.7043753995004529e-02        -1.1424998637779892e-02        -6.5851149897763334e-02        -3.8933723067233833e-02        -3.3851481601040994e-03         1.2595911697701157e-02
4                                     -1.9098560519791821e-02        -1.2918980896432231e-02         9.4443219130182100e-03         1.1439255213647991e-03        -5.1152471826133257e-02        -9.9132071765092346e-03        -4.1134523336408971e-03        -7.1119819356856261e-03
5                                     -1.6144909672373840e-02         7.5661888246063864e-03        -2.6243995548306177e-02         8.3732162465418505e-03        -1.8804224056762367e-02         1.0048995137748462e-02         1.6693766392642520e-03         5.5807430315736161e-03
6                                     -1.7921417428868817e-02         2.8131785543851233e-03        -8.4530383582176030e-02         3.1383890766604861e-02         1.0656454273873155e-01         4.3027129625734524e-02         5.2307032527395790e-03        -1.4781238190069580e-03
7                                      1.4865462160504600e-02         5.5716217706814845e-03        -5.3589845273667523e-02        -7.4113197597517081e-03        -1.2156805482860523e-01         6.6860283784328520e-03        -7.5131503001221733e-03        -6.2003368627569595e-03
8                                      1.0784930794946489e-02        -1.8191995522714024e-02         3.8183104065883010e-02        -1.5996540622772309e-02        -9.6550995776052612e-02        -1.3481758452115926e-02        -4.8430970497900482e-03        -1.5921806038442985e-03
9                                      2.0254441501478073e-03         4.6762295692483927e-02         2.0758858688912946e-02        -1.5374407486551177e-02        -1.7926660788210026e-02         1.4035372602336924e-01         4.7592331351853694e-02         2.2087225870055582e-02
10                                     7.7649430191822882e-02         3.9249298551794674e-02         7.7449781741875390e-03        -1.8740925041651299e-02         5.8467257791763993e-03        -4.4857150867337351e-03        -4.4470653392138541e-03         4.4239982575014795e-03
11                                     8.0304527556582073e-02        -3.2346346925360994e-02        -6.6219041181447350e-03        -6.5237657873634270e-03         1.0035451314930537e-02        -1.1664904312077558e-02         9.9037000910565825e-04        -3.2152870002789950e-03
12                                    -2.5932498133780828e-02         9.7639790204614274e-02         5.5285080483049746e-02        -1.5461162822578412e-02         3.3246508986237835e-02        -8.9430387288126148e-02        -1.3746401965119830e-02        -1.5524370473603907e-02
13                                    -1.0240789926851174e-02        -1.2542371171611857e-02         2.8276846984726864e-02         4.0694640756967854e-02         4.3757335243466639e-03         1.6806124161802050e-02         5.0111487585431909e-03        -4.4058319379656721e-02
14                                    -1.6983439676176531e-02         1.6876891064745707e-02        -3.1058416153101901e-02         3.9768030799077751e-02         6.3063134513918805e-04        -4.5802853680641503e-03        -3.5983774304253926e-03         5.6957768497412804e-02
15                                     1.2482249312025340e-02         6.8870343922515769e-03        -1.2494660193518140e-02        -7.6013615071704715e-03        -3.8773966717155058e-02        -2.1703630558382739e-03        -1.9771204261160831e-03        -2.4783335135826383e-03
16                                    -6.4928732563940637e-03         5.7325702536942429e-03         2.8307514810865408e-02         6.1073253358337118e-03         1.0539228945254471e-01        -3.6735995932531931e-03         5.7157335206445463e-03         5.5771153032854086e-03
17                                    -4.7944325963875899e-03        -4.4609670976764057e-03         2.1143577021201978e-02         4.6360921651436102e-03         6.3379887352469078e-02         1.1695059091222365e-04         3.5380279504496990e-03         3.6435568535981475e-03
18                                     1.4912610415942601e-01         1.1954776844435569e-01         3.9922438458072883e-02         9.7046884263845168e-02        -2.9017717905512511e-02        -6.4434162474479292e-02         4.6456816268494955e-01        -2.0222908758316668e-02
19                                    -5.5140074883077587e-02        -3.1351053316651258e-02        -1.8031931702190217e-02        -3.7737515259711869e-02        -2.6562859011851288e-04        -1.3134941128528253e-02         4.5778530134884740e-02        -9.9092239687495259e-04
20                                     1.7856492399917004e-01        -1.7522932085597565e-02        -2.9964723696453170e-03         9.9199862210463854e-02         1.3629141962943575e-02        -1.3722208343361450e-01         1.6021332635315591e-01         2.1408491533028676e-03
21                                     4.1959199545802350e-02        -1.3407081910414309e-01        -6.4204918466585340e-02         3.3381017912044043e-02         2.3325467537675605e-03        -1.4681860848459369e-01         2.7334638637694098e-01        -2.3682111624829319e-02
22                                     1.2007386558425620e-01         9.3607981746168009e-02         5.0087438805847186e-02         3.4144862796300836e-02         1.4562546317968236e-02         8.1973445213297663e-02        -2.4956864670406970e-01         2.0277417726570539e-02
23                                     1.2240597926239866e-01        -4.9943306055884082e-02        -2.7656464824860210e-02         5.4621791495814878e-02         2.4562520313959296e-03        -9.9834442681475691e-02         3.0726573388044537e-01        -1.9204005607948150e-02
24                                    -1.9373437415076891e-01         4.2798764870004689e-02        -1.0554645394470430e-02        -1.1173290999511824e-01        -1.1599318226191547e-02        -5.6195244250651269e-02         4.5405021292127012e-01        -1.6454602558832025e-02
25                                     1.5079646725382839e-01         8.8058649202940861e-02         4.7215132135998067e-02         6.2779698714810275e-02        -6.0117318364509374e-03         1.3835685184509042e-01        -2.0354711225246030e-01         1.3240048346360792e-03
26                                    -9.0107077231952964e-02        -2.6643125594320704e-02        -1.3810407529038712e-02        -5.3799526124952729e-02         3.6527580061943773e-03        -1.7621208059387772e-02        -3.2223135940384208e-02         2.1140998406800164e-03
27                                    -4.6923606644501759e-03        -5.2744791926899270e-01         6.9453687803081365e-01        -6.1185059079416652e-03         1.2217280198362900e-01         8.9266624566653671e-02         2.8679490440872372e-02        -1.0993794843223623e-03
28                                     9.9250915884893411e-03         3.9018841268190295e-02         1.9251998258403562e-02        -1.1704458663367317e-03         4.9036281905944841e-02        -1.7381193226864763e-02        -1.8407702860585352e-04        -1.3855781850059911e-02
29                                     1.6936059434411291e-02         8.7619129650968033e-02        -5.3618053211697277e-02         6.0801680859352879e-03         7.8859953098306276e-02        -5.7594653886107296e-03         3.1153533670811038e-03        -1.0321238368180949e-03
30                                     8.2135771913512789e-02        -1.1186696838951137e-02         4.9072546684934333e-02        -5.5631641855643565e-02        -2.3250026952347302e-01        -2.5219920881564589e-02        -1.3501987194658447e-02        -3.1968943141362908e-03
31                                    -8.0220255435977772e-02         2.0166673197542659e-02        -2.0354840459580206e-01         8.1181466098888530e-02         2.1294046535607411e-01         8.4378708584753215e-02         1.1155310938070959e-02        -5.0964852709119565e-03
32                                    -7.2038754908199484e-02        -6.6529507287793948e-03        -5.6209191762056306e-02         5.2163663025665365e-02         1.5740717545260166e-01         3.2040367222092504e-02         7.7370196771841260e-03        -2.7490311301771667e-03
33                                     2.1018469403521314e-01        -1.1903384449111315e-01        -5.8865423163276011e-02         6.2676385603784512e-01        -1.2068015407301340e-03        -4.1561502956102064e-01        -1.1448210557539563e-01        -4.7777560689659500e-02
34                                    -1.7795385191104682e-01        -9.3416920219403596e-03        -5.2765200125082382e-03         4.1150972569446498e-02        -1.9158963009241529e-02         1.0683920606445451e-02        -1.6100420102264944e-02        -7.3771077504807728e-02
35                                     1.3062702458884162e-01         4.2324300292079795e-04         4.0745683087094267e-03        -9.2690972071118302e-02         1.6239473071543324e-02         4.1713907986793149e-02         2.4227359625821787e-02         2.8301822816955893e-02
36                                    -1.6166102350626951e-01        -3.4604117962211767e-01        -2.6361096705450104e-01        -4.6258639863285350e-01         8.7370916857784253e-02        -4.3177759571133506e-01        -1.0816130180699410e-01        -2.1531520404049216e-02
37                                     7.9084414686095672e-02         3.0051987378327073e-02         3.6257610128728928e-03        -2.8768564627857426e-02         8.9054320830675333e-03        -1.4357883398571471e-02        -1.0134918031402741e-02         3.6901747036162711e-04
38                                    -1.7603623630690507e-01        -8.1853009018532617e-03         1.8694956382443752e-02         8.8069669456508820e-02        -1.7074691334354887e-02         4.0397021191380021e-02         2.9690275332222238e-02         7.2220444125793856e-02
39                                    -2.9585306717817400e-01        -4.2388651661716209e-01        -2.2806043684383240e-01         3.5045992635192619e-01        -1.7573479519354263e-01         2.7100479621001444e-01         2.1727290970462412e-02        -6.5365958875084146e-02
40                                    -7.2933741579039582e-03        -1.1119112076631084e-02         3.0132124897627885e-02         4.0202880238412314e-02         5.5503371836063357e-03         1.2387213229453405e-02         6.7553675898102544e-03        -3.0839082999274046e-02
41                                     9.3004567361650997e-02         5.1296206348958810e-02        -9.7677383477943296e-03        -1.4495306893335594e-01         1.4979387604290583e-02         3.0139356889043262e-02        -1.1781611807147870e-02        -6.6400436611061586e-01
42                                     5.3623115012127254e-01        -3.2735190017595706e-01        -2.5492080349326174e-01        -2.2346644020002526e-01         9.9865232304727686e-02         2.2513087203856591e-01         2.8593002615644656e-02         2.8084391656996940e-02
43                                     2.7784964535773154e-02        -1.4672442399045322e-02         4.1097483995873388e-03        -5.1911847653608172e-02        -1.1181849558773119e-02        -7.2391717230764208e-02         5.2235851782776888e-03         6.5156883083346429e-01
44                                    -8.1068712645485846e-02         5.9807937854842431e-02         5.9615561730583305e-03         8.8474100552345142e-02        -6.6649584920847656e-03        -6.3418578758745129e-03        -9.9271125411373885e-03        -1.7063214467256999e-01
                                                        32                          33                          34                          35                          36                          37                          38                          39

0                                     -9.7409426352400661e-03         6.8919118796753891e-04         5.1638203693184608e-03        -1.8541460691378669e-02         5.7924351897327691e-04        -2.3609853130762443e-02         3.0173763702000238e-02        -7.0733085330729355e-05
1                                     -1.7217866732800499e-02        -2.1290996527296754e-02         3.3115358689330798e-02        -1.5170623062862144e-02         1.1617188389674587e-05         1.6689325394651039e-02        -1.3614385949136634e-02        -3.7440679794482749e-03
2                                      1.9904513175151989e-02        -2.7434046946338001e-02         1.0784583529224574e-02         2.7267386648194700e-02        -4.0140152593389969e-04        -2.0032673004827660e-02         1.3362693175273256e-02        -1.4180467578009022e-03
3                                     -1.8430192875581633e-02        -1.2193872877686796e-01        -1.1398978470909442e-01        -5.8125078056474440e-02        -1.0383889021453600e-03        -5.1997200693202007e-06         8.8126107084300021e-05        -6.9276866655217052e-04
4                                     -2.6249487290798405e-03        -1.4240356929057675e-02        -1.5647010665828812e-02        -8.4538574883585103e-03        -3.2484512334059105e-05         9.8416835627508463e-04         1.0351299561193661e-03         3.3883187366586935e-04
5                                      4.3724638242672448e-03         2.4153518618754463e-02         2.0930798584904150e-02         1.1097661570480874e-02         1.1758344730651972e-03        -1.0107014349939503e-03        -1.1243626386517791e-03        -1.6678001319221981e-03
6                                      8.8432545801332835e-03         5.7566653304369282e-02         5.4473743710438068e-02         2.6530553860579870e-02         4.2959172734216176e-04        -1.2224228604367312e-04        -9.3158801711219484e-05         4.4742820648353967e-04
7                                      1.2226835168120818e-02         7.8841413805720240e-02         7.1383110775162031e-02         3.5309905201984217e-02        -1.0478338929099922e-03         2.7805186266812679e-05         1.1377835091224378e-04        -2.1428085312561037e-04
8                                      1.5252733171458983e-03         1.0039569471688920e-02         7.6586638523527288e-03         3.8228708107731794e-03        -4.0579343057836994e-04        -4.4098179703225523e-05        -2.8574292118544849e-05         1.4496018282391022e-04
9                                     -2.4370658231877826e-02        -2.2273983972724040e-03        -2.8592352784145744e-04        -1.4882949428436459e-02         2.0459975946787140e-04         6.0050774885558027e-03         3.9656865775814700e-03         6.7501411582968226e-04
10                                     2.9754573428753820e-02        -6.8097629345078110e-03         2.2972830556322599e-02        -3.5959755925733895e-02        -5.5801381908539985e-03        -2.6383080716485385e-02        -2.3996038376769165e-02         2.4991658168677759e-02
11                                    -3.8259528452729515e-02        -1.2928468330856925e-02        -2.5852839787539085e-03         5.3638730844123565e-02         8.4400133396787154e-03         4.0051666177534410e-02         3.6792300130693359e-02         9.3255157397991294e-03
12                                     7.7702113805918479e-03         5.0817134886899928e-02         4.6333582942465500e-02         3.4756777780099404e-02        -4.5982070352850127e-03         6.7566583065091339e-04         3.8272766948574800e-04        -4.6921922973203415e-03
13                                     7.1219949439670846e-03         1.2102636903442356e-03        -1.5044694877792172e-04        -3.9225561541973075e-03         3.4972713144934560e-02        -9.6818216684866742e-03        -8.0236737788953860e-03        -6.8421804003928305e-02
14                                    -8.1376961756643423e-03         2.8090762250077531e-03         1.0735511464279766e-04         4.3228767244748159e-03        -5.5859095664414583e-02         1.6237654936067313e-03         3.1531664938773902e-03        -4.6196871799218497e-02
15                                     1.3362513443964503e-03         6.4093847297488323e-03         5.7277851215812659e-03         2.3931335176559641e-03         1.0154035902360773e-03        -7.5300901438853210e-05        -9.7026326614886018e-05        -1.1753657188249384e-05
16                                    -8.5514092511811881e-03        -5.4170648308770671e-02        -4.8467681989980596e-02        -2.3775009657891553e-02         6.6599123029194925e-04         4.0942150576649133e-05        -2.4064743964337471e-05         2.9805631288439894e-04
17                                    -4.4058298793301261e-03        -2.6357997712198756e-02        -2.3375253797693240e-02        -1.1262776955084016e-02        -1.5608366748018262e-04         4.5711127101830983e-05         2.2865812219962862e-05         1.1564230033653257e-04
18                                     7.2281781210947575e-03        -3.1618487381643778e-01         3.2134166995099445e-01         7.7739270328769733e-02         1.8254078214663117e-03         1.2032141024502570e-02        -1.1295230217382273e-02        -2.6303601024932409e-03
19                                     4.3827163828873937e-03        -3.4785058866217855e-02         3.2167448646721671e-02         1.0009607816415158e-02         4.0303295433670632e-03        -4.2580572939480860e-01         4.3493855342188664e-01         4.2035686514976169e-02
20                                    -3.9907881592490313e-01         2.6018916099861561e-01         3.6654303026588626e-02        -4.4517178474691982e-01        -7.3396360359398734e-05        -2.0250548026477258e-02         1.7559186980182960e-02         9.9639589933639265e-04
21                                     1.4950759786522905e-01        -2.1327574815298202e-02        -7.8363800494848229e-02         1.5388387455081265e-01        -6.0302831427853105e-03         2.0943107394177035e-01        -2.9824373329701415e-01        -1.1827484900777059e-04
22                                    -1.0170937718256386e-01         4.1995616743932224e-01        -3.4196664740107535e-01        -1.8929874519684359e-01        -4.8307132086480896e-03         1.0281314112344767e-01        -1.4956416355053537e-01         4.0651871415429242e-04
23                                     1.6495062740521288e-01         2.4440312513964488e-01        -3.5439019728506338e-01         1.3665099494959004e-01         6.8842017618784999e-03        -1.5182590830594939e-01         2.1986134054498899e-01        -8.3869157004777203e-04
24                                     6.8415843787934527e-02         3.0705294630398727e-01        -3.4001980331526810e-01         2.4959449609683087e-02         2.1810468821775947e-03         4.8837629701659266e-02        -4.5784729028854325e-02         3.5334450333440780e-03
25                                     3.9302745574018710e-01        -4.3172220044977970e-02        -2.4265070999818858e-01         4.0042035534195403e-01        -2.5212502791989547e-04         1.2826333962639866e-01        -1.2251010311887058e-01         4.7754600162419093e-03
26                                    -1.1873354732531437e-01        -4.8034468662398341e-02         1.2953163370247431e-01        -1.1063117233426488e-01        -6.5886677903171525e-04         4.0766855070811786e-01        -3.9689588943523058e-01         2.0386059625914207e-02
27                                     3.7230614349153535e-02         2.1410746847966008e-01         1.9730510702793036e-01         1.0246213904497450e-01        -2.6124602871339210e-04        -1.3193572175071160e-03        -1.9227051538009696e-03         8.4564163113806613e-04
28                                    -4.7458804449602788e-03        -3.1206409178018601e-02        -2.7243293271800084e-02        -1.5031315593274865e-02         1.1419714875428522e-02        -1.5464909550080204e-02        -1.4528772589039942e-02        -1.4367869151486783e-02
29                                    -6.9606285002462610e-04        -1.4650207361640123e-02        -1.0743776034868865e-02        -5.4588458963762080e-03        -1.1178745792691696e-02         1.3490944955839912e-02         1.2956784649397290e-02         6.6878196527382656e-03
30                                     9.9508093876244479e-03         6.4191692784897988e-02         5.7451047155011384e-02         2.8291594785920308e-02        -1.3451591832299268e-02         7.5355437998133256e-04         1.7739433661812583e-03        -2.9440024878176028e-04
31                                     1.6380895469072364e-02         1.0737974655337164e-01         1.0083995182969899e-01         5.0158141435571263e-02        -9.4630625015920244e-03         6.4981632598200148e-04         1.1813640725989723e-03        -5.9586466117683354e-04
32                                    -7.4502665595130952e-04        -4.3890767980540920e-03        -2.1962289589108389e-03        -2.0952815180537553e-03        -3.5249801930569359e-03        -2.8476727677168254e-05         3.2814481982855486e-04        -1.7610001688880001e-03
33                                     6.1348277498866378e-02        -2.5156415572489241e-02         2.2272961479974703e-02         3.6120069767611486e-02        -1.1799540134515146e-02        -5.3477584551575003e-02        -4.7624579299037108e-02        -1.5099259401690868e-02
34                                    -5.0010343292093862e-01        -1.5815814028048415e-02        -1.1972193882361103e-01         4.0144093122810370e-01        -3.2405603370209202e-02        -1.5300373933336711e-01        -1.4240254104706665e-01        -2.8499715901783216e-02
35                                     1.1935053387894828e-01        -9.3574496042371520e-03         4.0013892139170823e-02        -8.6433468595791305e-02        -1.0367676481952089e-01        -4.9542845876937125e-01        -4.5746801844825491e-01        -1.1349841941900689e-01
36                                     9.5336012926684949e-02         2.1866228704002951e-02        -2.0273454901037175e-02         2.1448352356098089e-03        -1.9414820583647907e-03        -7.4180886281155784e-03        -5.3261591700784665e-03         8.0117044200361288e-03
37                                     6.0766594904789464e-03        -8.7418308840490708e-03         2.0935898880510478e-02        -1.5851745998617356e-02         9.6189086609564087e-02         4.6326639548538645e-01         4.2707498530057425e-01        -2.7320232698632690e-01
38                                     5.1281287341232262e-01         4.2252161332998847e-02         9.0677648564199465e-02        -4.1921879073013513e-01         5.0886908742645322e-03         2.1428859753487833e-02         2.0820561910099535e-02        -5.7334403104062504e-03
39                                    -1.0873712372224167e-02        -9.0342470646747663e-02        -1.1455140669386624e-01        -7.3100313589876648e-02        -2.9308901255519827e-03        -1.4967714376319971e-03         1.0635661118590376e-03        -2.3640638393206707e-03
40                                     6.8094681145391880e-03        -9.0915861938094299e-04         6.4765038571791480e-04        -1.8178377107824903e-03        -6.3271641868214534e-01         1.2685010143635730e-01         1.1000402025542685e-01         6.6730837869694315e-01
41                                     3.1688214534372650e-02        -2.0387949646133365e-02        -3.0140189391541857e-03        -6.8087457814488134e-02        -1.0392511826437989e-02         4.0539781215104427e-04         6.7374001120767483e-05        -1.3907756297201904e-02
42                                    -1.1242371831927500e-02        -7.6091870594854255e-02        -3.7119412877790546e-02        -2.9890781836444218e-02         6.8997015037064097e-02        -2.9070982010411350e-03        -2.3954402281162811e-03         5.9935739234782862e-02
43                                    -3.3049979655406368e-02         1.7745622129425188e-02         1.5602674490843193e-02         7.3313063467493098e-02         2.1996010014383699e-01        -9.4035272826107647e-03        -1.3740340265117423e-02         1.5803744790806262e-01
44                                     5.7836526312669799e-03         8.3703204732001220e-03         4.8372031037428346e-03        -1.4140299925420338e-02         6.8064750325906320e-01        -2.1505310300385112e-02        -3.9057076302044490e-02         5.8022328526927602e-01
                                                        40                          41                          42                          43                          44

0                                     -2.1250939053958423e-03        -6.5823752497816933e-03        -4.5002865074434704e-02         1.3645318762791837e-02         5.0165131382114692e-05
1                                     -2.4442418124280288e-02        -6.7101823239536784e-02        -3.8101521998960400e-02         1.2399942133823184e-02         6.0475233018614135e-05
2                                     -1.8446989826127341e-02        -4.7693811207043857e-02         5.9947410231186583e-02        -1.7452183586079910e-02         4.2544944473291010e-05
3                                      1.6408149842570287e-04        -7.3847665999738865e-05        -1.4218154502641867e-03        -4.8852867952411880e-03        -9.0520835408610840e-03
4                                     -1.0280850215353902e-03         1.2584189682340967e-03         1.7724474856241321e-02         5.7848997945134754e-02        -1.5393807936726134e-03
5                                      1.0159271196257110e-03        -9.2731994595919196e-04        -1.5633113017926182e-02        -5.0980139834729328e-02         6.8192468645033718e-03
6                                     -2.5326400674928495e-04         1.7437273545824498e-04         4.8162942314810880e-04         1.5239328691483568e-03         6.3287966355202688e-02
7                                      2.6457027200236757e-05         4.1006057669370717e-05         9.5186408245850800e-05         4.0821786032098708e-04         5.3604162504343231e-02
8                                     -7.7906089110678887e-05         5.3561663927810656e-05        -1.3491966356926578e-05         6.0488285083311329e-05         8.5655800348371450e-03
9                                      3.9378998183757126e-03        -1.5738943093397562e-03         4.4096749228256422e-04        -1.7248625494407731e-04         4.3185829486659909e-05
10                                     6.3785994855834971e-02        -2.5293736857457672e-02        -2.1965711476989043e-03         2.8091778851394369e-03         2.4228377356498422e-04
11                                     4.6881903220140617e-02        -1.8817264941377199e-02         5.1568244207160947e-03        -2.1546636632883793e-03         1.4492318592365829e-04
12                                     1.4350859483758306e-03        -2.5669458280545588e-04         9.3174973938553538e-04         1.9074220586088378e-03         3.4135055900357068e-04
13                                     2.1646451464676402e-02        -4.3790680768596452e-03         9.3704862659563031e-04         2.7976781520527736e-03        -9.5764844404281035e-05
14                                     1.4560273445910370e-02        -2.8340183714150218e-03         1.6226816009724517e-04         6.4677743809539716e-04         1.8067615081490934e-03
15                                    -4.7081129396413532e-05         3.2987117913097100e-05         2.5930834429147703e-04         8.1995163811833299e-04         3.4490318144498387e-03
16                                    -1.3219285259323264e-04         5.1788085080206897e-05         2.4727692556886823e-04         6.3804621751850708e-04        -1.0447595538802883e-03
17                                    -2.9133353657653656e-05        -4.7852957355138263e-06         8.0749868164056997e-05         1.9098085438448370e-04        -1.1652131572464765e-03
18                                    -5.8041138469253004e-03        -2.5419175133507915e-02        -1.8938374693959564e-02         7.0664799579013057e-03         2.6217333081464665e-05
19                                     2.3198116662105484e-01         6.3628264437789972e-01         2.7937599818758863e-01        -9.4497847525178397e-02        -5.8877330413390015e-04
20                                     4.8894967725676445e-03         1.2965213905744207e-02         2.3624704013143899e-02        -7.1839174220123831e-03         3.4548117035914553e-06
21                                     6.3777322980681722e-03         2.8831936650109236e-02         6.0248408255729657e-01        -1.8437422800247369e-01        -7.4589176355408285e-04
22                                    -3.8644911577514489e-03         2.2768558276822760e-04         2.8533095012175808e-01        -8.6591505303625541e-02        -3.2168879285806337e-04
23                                    -1.0147134525763973e-02        -3.1550954647603650e-02        -4.2235003773369562e-01         1.2856799529501592e-01         3.1818794099110003e-04
24                                     2.5642676805671449e-02         7.4637740958523963e-02        -5.0396949589644455e-02         1.4876276969854585e-02        -2.7176487860107413e-04
25                                     6.4695262082692939e-02         1.6584964198602573e-01        -1.0860301172028973e-01         3.0723713716066390e-02        -2.6178826222858747e-04
26                                     2.2637250680230087e-01         5.8869503567305470e-01        -3.1851347743453556e-01         8.9329699841140128e-02        -9.8647198088986157e-04
27                                     1.9303224413727518e-05         2.5260482470201845e-04         8.6636872525071504e-03         3.0365114619879330e-02        -1.5549878363427727e-03
28                                     1.3208652495465120e-02        -1.3713938261290116e-02        -2.1051753159129277e-01        -6.8598589731186244e-01         1.5985629277246890e-02
29                                    -8.3245507120763129e-03         1.0797670459860064e-02         1.8436833652502940e-01         6.0098594248526738e-01        -2.6586456600335862e-02
30                                     1.9403391038098033e-03        -1.9277826458365928e-03        -7.2955190479745699e-03        -2.2625857612311232e-02        -7.0234652885140103e-01
31                                     1.8290498093204385e-03        -1.7608030364222708e-03        -6.9275082150043500e-03        -2.1742704140293487e-02        -6.2548734674997797e-01
32                                     1.2677406657971423e-03        -6.8908366577141408e-04        -1.8541835839420951e-03        -5.7481254216341744e-03        -1.4713008173998121e-01
33                                    -5.7019986430276164e-02         2.5375901700558263e-02        -7.5822417224112133e-03         7.8400944412237007e-04         1.8097153978699872e-04
34                                    -1.5223327916740584e-01         6.0592832153992540e-02        -1.5423286247042031e-02         7.3921247926802590e-03        -4.2842754663722414e-04
35                                    -5.5381774079658663e-01         2.1734573621786385e-01        -5.4853105751225539e-02         2.4091062866851212e-02        -2.2163362608474632e-03
36                                     9.8609879428759994e-03        -6.8633223132588293e-03        -2.3089357636346414e-03        -1.6825553911103506e-03         3.0086690393650550e-05
37                                    -6.1389168887099332e-01         2.3693867028576626e-01         3.6651480777613939e-02        -3.9426557035671710e-02        -1.3418729072209839e-03
38                                    -7.4983505207104444e-03         3.6600868147531845e-03         9.4394562762374341e-04        -6.0928063783719573e-04         3.6868189476086669e-05
39                                    -1.5448673379980990e-03         2.5857173511786790e-03         8.8827987607599784e-04        -1.4254747328765209e-03        -3.0402164483363410e-04
40                                    -2.0531611686824702e-01         4.3138466771238282e-02        -5.9284527899524262e-03        -2.8634338786496349e-02         1.0308431964953898e-02
41                                     4.3284559223142529e-03        -1.8994375530294201e-03        -2.4006830818001722e-04        -7.4269322216812493e-04        -8.8238649075177416e-04
42                                    -1.6362951769615389e-02         1.0511254328548333e-03         1.4558182655157030e-03         7.8863370568054195e-04        -1.1940889591915329e-03
43                                    -4.9112643611132635e-02         9.2742718035496163e-03        -1.2033103978311005e-03        -1.0124763723915259e-04        -4.1351873956815737e-03
44                                    -1.8010182758271392e-01         3.7456686118245770e-02        -3.6623335421775505e-03         9.4208464464195683e-04        -1.1145669510008461e-02
$End
$Geometry
   &GeometryIndex 5
   &NAtoms [&Type "Integer"] 15
   &NCorelessECP [&Type "Integer"] 0
   &NGhostAtoms [&Type "Integer"] 0
   &CartesianCoordinates [&Type "Coordinates", &Dim(15,4), &Units "Bohr"] 
              C     -4.324375085575    0.387322489675   -0.026815737028
              C      2.932766028419   -0.439680504446    0.376017761933
              C      5.264491347795    0.445601539617   -0.582949859452
              C     -1.801343809606   -0.559269980927    0.981116565332
              C      0.424045073977    0.455061824368   -0.542851880293
              O      5.340447841145   -1.768327488764   -1.608226089203
              H     -4.417819795451    2.445685221618    0.040442973474
              H     -5.899567902251   -0.353813605560    1.071300948105
              H     -4.590836222667   -0.187607353739   -1.988516125736
              H      2.966431136386   -1.978655959050    1.733523155143
              H      6.769351301886    1.785550397938   -0.256892873874
              H     -1.584086805494   -0.005826822354    2.958369719860
              H     -1.754931012636   -2.622784960483    0.939493429980
              H      0.432727503824    2.525293517347   -0.572330671995
              H      0.242700400248   -0.128548315239   -2.521681316246
$End
$SCF_Energy
   &GeometryIndex 5
   &Method [&Type "String"] "SCF"
   &totalEnergy [&Type "ArrayOfDoubles", &Dim (1,1)] "Total energy of each state"
                                                         0

0                                     -2.7101222715114557e+02
   &Mult [&Type "ArrayOfIntegers", &Dim (1,1)] "Multiplicity of each state"
                                                         0

0                                                        2
$End
$DFT_Energy
   &GeometryIndex 5
   &nAlphaEl [&Type "Integer"] 24
   &nBetaEl [&Type "Integer"] 23
   &nTotalEl [&Type "Integer"] 47
   &finalEn [&Type "Double"]      -2.7101222715114557e+02  "No Van der Waals correction"
   &eExchange [&Type "Double"]       0.0000000000000000e+00
   &eCorr [&Type "Double"]       0.0000000000000000e+00
   &eXC [&Type "Double"]      -1.8790080586432126e+01
   &eCNL [&Type "Double"]       0.0000000000000000e+00
$End
$SCF_Timings
   &GeometryIndex 5
   &TOTAL [&Type "Double"]       3.0092623000000000e+01
   &PREP [&Type "Double"]       3.0518280000000000e+00
   &FOCK [&Type "Double"]       2.7443244000000007e+01
   &DENS [&Type "Double"]       1.3026700000000346e-01
   &ETOT [&Type "Double"]       5.6894000000006884e-02
   &POP [&Type "Double"]       1.7449999999996635e-03
   &TRAFO [&Type "Double"]       1.1312499999999481e-01
   &DIIS [&Type "Double"]       3.1652300000000011e-01
   &SOSCF [&Type "Double"]       3.3430699999999725e-01
   &XC [&Type "Double"]       1.0349018000000001e+01
   &FOCKSTART [&Type "Double"]       2.0864000000002658e-02
   &INT_PREP [&Type "Double"]       4.0000000023354687e-06
   &INT_BF [&Type "Double"]       9.0563300000022107e-01
   &INT_DENS [&Type "Double"]       4.0708089999998078e+00
   &INT_DENSIO [&Type "Double"]       6.8976388490000114e+04
   &INT_FUNC [&Type "Double"]       2.1874499999999397e-01
   &INT_POT [&Type "Double"]       3.7501119999999837e+00
   &INT_POTIO [&Type "Double"]       3.9777000000007057e-02
   &INT_SUM [&Type "Double"]       7.3899999999760269e-04
   &SPLITRIJ [&Type "Double"]       9.4532999999999712e-01
   &COSX [&Type "Double"]       1.7386724000000001e+01
$End
$Single_Point_Data
   &GeometryIndex 5
   &FinalEnergy [&Type "Double"]      -2.7101222715114557e+02  "Final single point energy"
   &Converged [&Type "Boolean"] true
$End
$SCF_Nuc_Gradient
   &GeometryIndex 5
   &NAtoms [&Type "Integer"] 15
   &gradNorm [&Type "Double"]       1.6653883109641615e-05
   &grad [&Type "ArrayOfDoubles", &Dim (45,1)] 
                                                         0

0                                     -1.1733104589434218e-06
1                                      1.1337605582834032e-06
2                                     -4.9199655010670473e-06
3                                      3.2056296835475395e-06
4                                     -6.1446955924096547e-06
5                                      4.2144513425768082e-06
6                                     -3.2613276764433333e-06
7                                     -3.0557587521184981e-06
8                                      1.0563644357681687e-06
9                                      7.2161969556089334e-07
10                                    -1.1125829304931001e-06
11                                    -1.0897140546931028e-06
12                                    -2.6241221840334061e-06
13                                     4.6473162320023742e-06
14                                     5.4622167521695131e-07
15                                     4.9310428331256206e-06
16                                     4.3432408488863761e-06
17                                     3.9553614148146732e-06
18                                    -7.8515746693326449e-07
19                                    -1.4433652068823744e-06
20                                    -1.4282810434371532e-06
21                                     1.0696438809548736e-06
22                                    -1.7084746678705520e-06
23                                    -2.5318070166618911e-06
24                                     8.0344416734240420e-07
25                                     2.3754115228702410e-06
26                                    -5.1025729302933698e-07
27                                    -5.4245096347410593e-07
28                                     2.1870569343745982e-06
29                                     9.7613552060837883e-08
30                                    -2.6716168512047611e-06
31                                     9.4238641208665985e-07
32                                     1.9498555322884636e-06
33                                    -1.9922419261225038e-06
34                                    -1.8011536345452495e-06
35                                    -1.4784348802143743e-06
36                                    -1.1027311695374631e-06
37                                     2.7462750596951579e-06
38                                     1.3647411382889871e-07
39                                     1.3566825247126289e-06
40                                    -2.6421653664399081e-06
41                                     1.2035325448831596e-06
42                                     2.0648961074985067e-06
43                                    -4.6726193503668356e-07
44                                    -1.2014192125042733e-06
   &Method [&Type "String"] "SCF"
   &Level [&Type "String"] "Relaxed density"
   &Mult [&Type "Integer"] 2
   &State [&Type "Integer"] 0
   &Irrep [&Type "Integer"] 0
$End
$THERMOCHEMISTRY_Energies
   &GeometryIndex 5
   &temperature [&Type "Double"]       2.9814999999999998e+02
   &pressure [&Type "Double"]       1.0000000000000000e+00
   &totalMass [&Type "Double"]       8.5125999999999976e+01
   &spinDegeneracy [&Type "Integer"] 2
   &elEnergy [&Type "Double"]      -2.7101222715114557e+02
   &transEnergy [&Type "Double"]       1.4162714244859817e-03
   &rotEnergy [&Type "Double"]       1.4162714244859817e-03
   &vibEnergy [&Type "Double"]       4.3301526838023848e-03
   &numOfFreqs [&Type "Integer"] 45
   &freqScalingFactor [&Type "Double"]       1.0000000000000000e+00
   &FREQ [&Type "ArrayOfDoubles", &Units "cm^-1", &Dim (45,1)] 
                                                         0

0                                      0.0000000000000000e+00
1                                      0.0000000000000000e+00
2                                      0.0000000000000000e+00
3                                      0.0000000000000000e+00
4                                      0.0000000000000000e+00
5                                      0.0000000000000000e+00
6                                     -1.0106803664038470e+03
7                                      6.6927168538833925e+01
8                                      9.4934439637104731e+01
9                                      1.7673595665734328e+02
10                                     2.4712607652872973e+02
11                                     3.2985625324908841e+02
12                                     3.8338305736138699e+02
13                                     4.1081097655959638e+02
14                                     5.4199589305694712e+02
15                                     7.3281511323081349e+02
16                                     8.5390906085795757e+02
17                                     9.0894879178038082e+02
18                                     9.1720656543065775e+02
19                                     1.0047171140707567e+03
20                                     1.0716305847627327e+03
21                                     1.0948038225849527e+03
22                                     1.1350995243339892e+03
23                                     1.1469546000816390e+03
24                                     1.2525654136273049e+03
25                                     1.2818952454335440e+03
26                                     1.3076578581345946e+03
27                                     1.3260859736753530e+03
28                                     1.3882334700027845e+03
29                                     1.3903081182775945e+03
30                                     1.4189194701938657e+03
31                                     1.4559224222820037e+03
32                                     1.4970790987737976e+03
33                                     1.5038092086649883e+03
34                                     1.5057288543760055e+03
35                                     1.5131860706217844e+03
36                                     3.0336150717726036e+03
37                                     3.0589220308349982e+03
38                                     3.0626477066796806e+03
39                                     3.0649647369956074e+03
40                                     3.1002052888011035e+03
41                                     3.1338038303928843e+03
42                                     3.1436499709001423e+03
43                                     3.1447277599000022e+03
44                                     3.2226813675421267e+03
   &zpe [&Type "Double"]       1.2740530350795498e-01
   &innerEnergyU [&Type "Double"]      -2.7087765915210485e+02
   &enthalpyH [&Type "Double"]      -2.7087671494306261e+02
   &qEl [&Type "Double"]       6.5445636319338377e-04
   &qRot [&Type "Double"]       1.2747199911607146e-02
   &qVib [&Type "Double"]       7.4927180749302163e-03
   &qTrans [&Type "Double"]       1.8643169063384660e-02
   &entropyS [&Type "Double"]       3.9537543413115404e-02
   &freeEnergyG [&Type "Double"]      -2.7091625248647574e+02
   &isLinear [&Type "Boolean"] false
$End
$Hessian
   &GeometryIndex 5
   &HESSIAN [&Type "ArrayOfDoubles", &Dim (45,45)] "The Hessian"
                                                         0                           1                           2                           3                           4                           5                           6                           7

0                                      5.1357633019735138e-01         2.9640549806508841e-02        -3.3979421534724233e-02        -2.4884736364081984e-03        -1.8387609000266132e-03         2.9246776965246805e-03        -9.8944712771914609e-04        -8.7710595380707281e-04
1                                      2.9640549806508841e-02         5.6536878893691211e-01         8.8929286749711203e-03        -1.5893003615448970e-03        -4.3601698716409657e-04         2.4177634637089921e-03        -1.4531282095797617e-03        -1.2994067510705052e-03
2                                     -3.3979421534724233e-02         8.8929286749711203e-03         5.6642980973130641e-01         3.0156907584542375e-03         2.0172900223298308e-03        -2.5593874960073105e-03         1.3278437680071715e-03         7.2493324814910107e-04
3                                     -2.4884736364081984e-03        -1.5893003615448970e-03         3.0156907584542375e-03         5.3707879107369738e-01         1.0933674750050137e-01         3.0334569000697299e-02        -3.3794589042191492e-01        -2.4782464144621202e-01
4                                     -1.8387609000266132e-03        -4.3601698716409657e-04         2.0172900223298308e-03         1.0933674750050137e-01         3.1347734079457507e-01        -2.7358526867928867e-01        -6.4800801649881112e-02         7.2005519272877516e-02
5                                      2.9246776965246805e-03         2.4177634637089921e-03        -2.5593874960073105e-03         3.0334569000697299e-02        -2.7358526867928867e-01         3.0479809493470911e-01         1.1054902394099003e-01         1.7354233145490644e-01
6                                     -9.8944712771914609e-04        -1.4531282095797617e-03         1.3278437680071715e-03        -3.3794589042191492e-01        -6.4800801649881112e-02         1.1054902394099003e-01         5.8260235436410246e-01         1.7614166207322521e-01
7                                     -8.7710595380707281e-04        -1.2994067510705052e-03         7.2493324814910107e-04        -2.4782464144621202e-01         7.2005519272877516e-02         1.7354233145490644e-01         1.7614166207322521e-01         4.3172217336101087e-01
8                                     -5.3861004739850496e-04        -2.4823018829925911e-04         4.8413217328161342e-04         4.6382928510664001e-02         7.4601003633805882e-02        -3.1684195879969998e-02        -9.8586388372906578e-02         1.2949637529429953e-01
9                                     -1.7531664342377815e-01         3.8948545283112937e-02        -4.2732435158367742e-02        -3.1048130035118020e-02        -8.4282688323456013e-03         1.5084908502383275e-02        -4.4239583600690323e-03        -1.9650114311915295e-03
10                                     3.7263519056288615e-02        -9.4893807692943311e-02         1.6091720542179770e-02         5.1988812679181207e-03         1.6157983197408014e-03        -9.8806355904543439e-03         4.8723112424899767e-03         5.3708340616801260e-03
11                                    -3.9484802162056819e-02         1.5471764345469836e-02        -9.7110627584806958e-02        -8.9403543836894528e-03        -5.7474393076097450e-03         7.3183033063689354e-03        -3.6377435812456243e-03        -2.8263589023102362e-03
12                                    -3.1479015040233371e-02        -1.0769028186139850e-02         1.6662645783709303e-02        -1.8271983381184603e-01         4.3481611353976400e-02        -5.7617946761465859e-02        -2.4574909004626253e-02         1.4452186277205872e-02
13                                     9.0508764045018029e-03         4.7129568133618474e-03        -7.6574606751666999e-03         3.8736251277507530e-02        -1.0469861933721304e-01         2.3879207520075645e-02        -3.3126765748629390e-03         2.2242753825727130e-02
14                                    -8.0537296899249600e-03        -4.7597005157079091e-03         7.0741655011069896e-03        -3.6524887608145859e-02         6.1034358893429473e-04        -1.0099700989639721e-01         3.0094478352084078e-02         3.4020409020495940e-02
15                                     7.0475907524087788e-04         7.5660873065749835e-04        -2.0452832444661827e-04         7.3476902452618870e-02        -1.0834207530571169e-01        -6.0385672968454401e-02         1.6665696059737833e-02         2.3441945908361206e-01
16                                     5.3127512721868513e-04         5.4117560782750997e-04        -3.3138630332843325e-04         7.9302536480859859e-02        -7.1361221978246264e-02        -8.3707769546700589e-02         2.8682411594230975e-02        -3.5896645847801367e-01
17                                    -5.9887621491509519e-05        -6.5028685724244654e-05        -1.2713881236724785e-06         8.7576570815696142e-03        -6.0139568792259845e-04        -3.0255258841340435e-02         3.2873023193198611e-03        -2.2706133148499694e-01
18                                    -4.7249751971097355e-02         7.6431295668243047e-03         8.2130155229095166e-04        -2.3404200989566974e-04        -6.6028889065646474e-05        -3.4950970745110542e-04         3.8606215919602906e-06        -1.3865799905440073e-05
19                                     8.3456469323335732e-03        -3.1419138942074126e-01        -1.1083752438475092e-02         1.1259332373394701e-04         3.5322831079008781e-04         6.9046166879644343e-05         7.1029803573052080e-05        -5.4264243008897341e-05
20                                     9.5207803728968336e-04        -1.1385514870255724e-02        -4.8295682023786229e-02         7.6221510299543494e-05        -9.0891560103454781e-06        -2.2631235729808798e-04         4.4472006788152834e-05         1.0639789096772479e-04
21                                    -2.0265715496840558e-01        -7.5640152175583952e-02         1.1143792834215042e-01        -7.9698748590316783e-04        -7.5742670773469101e-04         1.4873292474282438e-03        -7.6002192245395919e-04        -9.0206150694799704e-04
22                                    -7.6399196323041457e-02        -8.4320163041090468e-02         5.4282343831107006e-02         6.1393070372841685e-04         7.4731661214716503e-04        -1.9379392240538259e-04         1.4276029710779748e-04        -9.8841216853816816e-05
23                                     1.1248046742739684e-01         5.4220271655794988e-02        -1.2768751417110374e-01        -4.5768290524971400e-04         1.3727267119669232e-04         7.6619296866225844e-04        -3.8881230949353192e-04        -3.6216842007294188e-04
24                                    -5.0624140769559109e-02        -9.3782546558796101e-03        -2.8562227657271809e-02         8.9544923414987916e-05         5.6450369354445055e-04         9.0615710537575106e-05        -6.6635919606244617e-05        -2.5899494734916729e-04
25                                    -9.7086313743177995e-03        -7.0051041669944331e-02        -7.3678137798734694e-02        -1.6316333365992632e-04        -1.4930097197495213e-04         1.5181421023413501e-04        -2.1109352748744227e-05        -5.8342325518938917e-06
26                                    -2.9415484033719890e-02        -7.3254168950784349e-02        -2.8943104550755466e-01         5.5468753270861842e-05         3.3150232657017803e-04         3.0268099181250110e-04        -1.4458712342322114e-04        -2.6861670098395443e-04
27                                    -9.1723441336465856e-05        -1.6738163877519019e-04         1.5661341612528186e-04        -4.5433263726116987e-02         8.3066681258417534e-03        -1.0343222224216884e-02        -3.6431859519644788e-03        -9.6387352506592441e-03
28                                     9.1535761980695782e-05         1.1414450754062026e-04        -3.2225345964201910e-04         2.8230937717235657e-03        -1.8956304176409916e-01         1.6192265761202154e-01        -1.0708749795418936e-02        -2.7363393855304396e-02
29                                    -1.9228828204245676e-04        -3.6215337615228471e-04         4.5656008453719317e-06        -3.1899053594672822e-02         1.6148667363433938e-01        -1.4556392892753417e-01        -2.8880672355234352e-03        -3.4135746850029597e-02
30                                    -1.7225984893515147e-04        -1.3512778581966072e-04         2.5020362015060714e-04         7.9910119567414700e-04         8.1166172528135405e-04        -7.1256952128485353e-03        -2.3019340799093002e-01        -1.5714821514378702e-01
31                                     1.4832096407462001e-04         1.7536215323016259e-04        -1.4290663170638982e-04         5.7936255481134055e-03        -1.2441839800693712e-02        -6.5524990480801074e-03        -1.3128669049263192e-01        -1.4664465815407757e-01
32                                    -1.1285697455716017e-04        -2.4239767596111737e-04         3.0129153140298290e-05         4.7942632925407000e-03         2.3948756525945289e-02         9.6040793279692765e-03        -3.9327250986855175e-02        -6.5403928818966922e-02
33                                    -4.8097419890385110e-03        -8.7208785719672111e-03        -3.0137216000136864e-02         2.0689701762034969e-03        -7.2402546271047204e-04         8.5264503072404426e-04         2.6443866680594247e-04         1.0054404622906153e-03
34                                     1.7373478089710648e-03         3.0102706054583850e-03         1.1949151794642985e-02         7.0028827194821815e-04         1.9611988913812101e-04        -6.3048947078722184e-04         1.2718416877298947e-04         3.3856857136772183e-04
35                                    -1.8705030763380651e-03        -2.8718324628328479e-03        -1.0242954790006659e-02        -1.2950291357282347e-03         9.0667346444703138e-04         9.6690907325168961e-05        -1.1835703683441348e-05        -6.8254117519251636e-04
36                                    -2.1174967281341155e-03         3.1729385180337397e-02         9.2382363131184595e-04         1.6618020362208093e-03        -1.7131053192922714e-03         2.1052591234977064e-04         2.9500649691759778e-04         7.5169839257019713e-04
37                                     8.8601512691993678e-04        -9.5144308096709058e-03        -2.9276003394384121e-04         1.0429324997014344e-03         2.2500272741002476e-04         2.4848836246855847e-04        -6.2142344105853460e-05         8.4631737875812910e-05
38                                    -6.8917480160278976e-04         1.2592661703089644e-02        -6.6818979961582974e-05        -9.2022744918623500e-04        -2.4303470461870482e-04         5.7634664004765413e-04        -1.2973641594001781e-04        -2.4889229871593910e-04
39                                     1.7354968485099815e-03        -1.2760242966987560e-03        -1.5975132104746950e-05        -3.3547994099939766e-03         3.3774121683130279e-02         7.8037913085681181e-04         8.5114180057665155e-04        -6.5605803988751585e-03
40                                     4.8874534094980882e-04         7.4598482974247340e-04        -2.1955398099992793e-04         4.6025047402286738e-03        -1.3789408873190159e-02        -7.7513923774826139e-04         2.8600603063314144e-03         6.4327634443280858e-03
41                                    -9.0250448062435720e-04        -1.8382767511350542e-04         2.3415309224357483e-04        -5.3748241310145224e-03         1.6090498850859693e-02        -1.5531933643874634e-03        -9.5536247090741372e-04        -3.7012744086548956e-03
42                                     1.9792628235428831e-03         4.1641611846525949e-04         1.0357621507645126e-03        -1.1153691320632580e-02        -9.6350973783555539e-03        -2.6625460970790837e-02         1.9149586895516402e-03        -1.4967779992433182e-03
43                                     6.3450341752794757e-04         3.7572918552031351e-05        -2.5805640919704734e-04         1.3439961183003305e-03         3.8191237859025039e-03         1.3198754375099778e-02        -1.3365774774281032e-03        -3.7643873439864644e-03
44                                    -1.0579696726427733e-03        -1.9463582438900961e-04         1.1383466894266878e-03        -7.8719060270735323e-03        -4.8254852908222526e-05        -1.0623102313960181e-02         7.4801104015812924e-04        -3.0803035319123899e-03
                                                         8                           9                          10                          11                          12                          13                          14                          15

0                                     -5.3861004739850496e-04        -1.7531664342377815e-01         3.7263519056288615e-02        -3.9484802162056819e-02        -3.1479015040233371e-02         9.0508764045018029e-03        -8.0537296899249600e-03         7.0475907524087788e-04
1                                     -2.4823018829925911e-04         3.8948545283112937e-02        -9.4893807692943311e-02         1.5471764345469836e-02        -1.0769028186139850e-02         4.7129568133618474e-03        -4.7597005157079091e-03         7.5660873065749835e-04
2                                      4.8413217328161342e-04        -4.2732435158367742e-02         1.6091720542179770e-02        -9.7110627584806958e-02         1.6662645783709303e-02        -7.6574606751666999e-03         7.0741655011069896e-03        -2.0452832444661827e-04
3                                      4.6382928510664001e-02        -3.1048130035118020e-02         5.1988812679181207e-03        -8.9403543836894528e-03        -1.8271983381184603e-01         3.8736251277507530e-02        -3.6524887608145859e-02         7.3476902452618870e-02
4                                      7.4601003633805882e-02        -8.4282688323456013e-03         1.6157983197408014e-03        -5.7474393076097450e-03         4.3481611353976400e-02        -1.0469861933721304e-01         6.1034358893429473e-04        -1.0834207530571169e-01
5                                     -3.1684195879969998e-02         1.5084908502383275e-02        -9.8806355904543439e-03         7.3183033063689354e-03        -5.7617946761465859e-02         2.3879207520075645e-02        -1.0099700989639721e-01        -6.0385672968454401e-02
6                                     -9.8586388372906578e-02        -4.4239583600690323e-03         4.8723112424899767e-03        -3.6377435812456243e-03        -2.4574909004626253e-02        -3.3126765748629390e-03         3.0094478352084078e-02         1.6665696059737833e-02
7                                      1.2949637529429953e-01        -1.9650114311915295e-03         5.3708340616801260e-03        -2.8263589023102362e-03         1.4452186277205872e-02         2.2242753825727130e-02         3.4020409020495940e-02         2.3441945908361206e-01
8                                      1.7817676621124437e-01        -2.8522386709214052e-04         5.3389051595674041e-04        -1.2167254684327189e-03         1.2400041360033434e-03        -1.8579940150372901e-02        -5.3384138768624145e-03         4.4792361731965297e-02
9                                     -2.8522386709214052e-04         4.7302538091532170e-01        -5.0617521041315941e-03         1.4807029330466388e-02        -1.4096857980998034e-01        -3.2013244152739893e-02         5.2412847729478018e-02         1.4477402565260724e-03
10                                     5.3389051595674041e-04        -5.0617521041315941e-03         5.8140550953292869e-01         2.7408329882366658e-02        -3.0940477925424141e-02        -1.0090446883673899e-01         2.6154192259656230e-02        -2.8769772893921905e-03
11                                    -1.2167254684327189e-03         1.4807029330466388e-02         2.7408329882366658e-02         5.6612149880076923e-01         4.9550507770059787e-02         2.6486270953828502e-02        -1.1753144014629997e-01         1.3878663585660817e-03
12                                     1.2400041360033434e-03        -1.4096857980998034e-01        -3.0940477925424141e-02         4.9550507770059787e-02         4.8439092680446649e-01        -4.6189920495655085e-04         3.6799311038754456e-03        -8.4618283616305461e-03
13                                    -1.8579940150372901e-02        -3.2013244152739893e-02        -1.0090446883673899e-01         2.6486270953828502e-02        -4.6189920495655085e-04         5.5751863459190310e-01         4.0610134802903097e-03        -4.4436084875004254e-03
14                                    -5.3384138768624145e-03         5.2412847729478018e-02         2.6154192259656230e-02        -1.1753144014629997e-01         3.6799311038754456e-03         4.0610134802903097e-03         5.2329143026559466e-01        -2.2895940072942059e-02
15                                     4.4792361731965297e-02         1.4477402565260724e-03        -2.8769772893921905e-03         1.3878663585660817e-03        -8.4618283616305461e-03        -4.4436084875004254e-03        -2.2895940072942059e-02        -9.4651231894619436e-02
16                                    -1.5645977323349355e-01         1.5448844377939077e-04        -6.2219729849016759e-04         1.8016191865711326e-03        -6.4746121174789305e-03        -2.4403707082027567e-03        -3.8642585083679460e-03        -9.6903670054637250e-02
17                                    -1.1370910794603137e-01        -1.0204469880289412e-03         9.1374692482407626e-04         4.3527672574641767e-04         1.7413092790121917e-03         1.2314933885384818e-02         2.1502606766956856e-02        -1.3272406744537227e-02
18                                     3.7094032924846674e-05        -2.1441927434697134e-03         3.1142459653272236e-02         1.8703700486870458e-03         2.0933997657979833e-03         1.3238462794161702e-03        -2.0383859819151197e-04         3.6959996597250244e-05
19                                     4.5336533238177559e-05         7.2351943281646555e-04        -1.0728209799516279e-02         1.6874261961347635e-05        -8.9753585324886878e-04         7.6905354476995182e-04        -8.8372903873337044e-05         4.6983631351853183e-05
20                                     2.4739759028217714e-06        -5.9850661843924822e-04         1.3581688883209415e-02        -1.5683097274642090e-04         5.3926697991545666e-04        -5.3003309344066348e-04         2.5544196236465836e-05        -9.3833714987044106e-05
21                                    -2.8417398443527937e-04        -2.0674733647353415e-02        -1.1183050319456884e-02         1.6276774730637874e-02        -4.1324694915300195e-03         3.5564706253928711e-03        -3.7259184815294551e-03         3.8178879429082374e-04
22                                     1.5251497769560131e-04         9.7242955420648192e-03         3.8287902463533972e-03        -7.8596076195842166e-03         1.7588350151024924e-03        -6.0980918596603587e-04         1.0861836894355201e-03         2.0354518410977437e-05
23                                     2.2590061410980751e-05        -1.0925724844872860e-02        -5.9920810125262489e-03         7.1054273023122283e-03        -2.0166836970256325e-03         1.0661592597240787e-03        -5.1497848422674825e-04         1.9438114784768969e-04
24                                     1.0767400296775497e-04        -5.0721193766377149e-03        -9.2880745433279576e-03        -2.9367079921748921e-02         1.9958808421162459e-03        -4.2227020336023456e-04        -1.1888960858243240e-03         9.8674665845115763e-05
25                                    -9.8864474951446384e-07         1.7708775013095014e-03         3.2408289025574280e-03         1.2496898355058237e-02        -4.8427961505628195e-04         5.9962578505112513e-05        -9.1005306268475764e-05         2.6047226522209481e-05
26                                     5.8212942966318505e-05        -1.6230006567934732e-03        -2.7902142999297616e-03        -1.1646152418887504e-02         8.6897676196872990e-04         7.8711681089118669e-05         1.1271716867363776e-03         6.8870315444989096e-05
27                                     2.1511482424508645e-02         2.1058146302918332e-03         1.2237558309901985e-03        -8.4181362517493511e-04        -2.5455501448598452e-04         1.6520175850823368e-02        -1.6897696274084453e-02        -1.0960226025658829e-02
28                                     1.1557316178031412e-02        -1.1123845059194800e-03         6.7792178218233946e-04         2.5200001232391321e-04        -5.4634905987581417e-04        -1.6085897189753789e-03         6.2492090499287924e-03         1.7884424457717884e-02
29                                     1.2387141532570999e-03         1.0225534014642336e-03         1.3506112029966835e-04         6.3198888319848830e-04         2.1501481179116225e-03         1.3947577838061834e-02         2.7997280970085033e-03         3.4126933307681365e-02
30                                    -1.0405399108540717e-02        -6.6424811897173143e-04         5.2272489578215377e-04        -5.2944289496708805e-04        -1.2640498247383667e-03        -1.7804957574925435e-03         1.0917506310791133e-03         1.7358128531446176e-02
31                                    -4.2711958502889502e-02         6.0221227900541098e-04        -6.3329133940054870e-04         2.4977351494898537e-04         2.2574563792124433e-04        -9.8980885398950065e-04        -3.5264561045927952e-03        -3.7226123927626503e-02
32                                    -2.7032739251007284e-02        -2.3756351227568443e-04         7.0537004971938841e-04        -1.2883117697212731e-04        -5.5769718585134138e-04         3.6412047596182098e-03         4.0974273245377758e-03         9.6115185682073608e-03
33                                     1.6425852201654070e-04        -4.9512205243657417e-02        -7.7143854299452416e-03        -2.5907141932675768e-02         2.2345018813675274e-04         7.7744634803652759e-03         2.6830002987408529e-02        -5.7520529214505692e-04
34                                     1.3624676385651572e-04        -7.8129288468784079e-03        -7.1553633587614185e-02        -7.1366583972354777e-02         6.3482373256885244e-04         3.3154148588770936e-03         1.3224449891055876e-02        -3.2220313259745598e-04
35                                     2.6301613104822395e-04        -2.5693109730910602e-02        -7.0199750528239901e-02        -2.8555851501898399e-01         1.4082410907210671e-04        -5.0848674395373101e-03        -1.6613512433555785e-02         3.8961484127441248e-04
36                                    -2.7779926090165782e-04        -4.6386504613636567e-02         4.7665404482639361e-03        -1.0167300149526901e-04        -1.9631135367850789e-03        -2.7832221272368510e-02        -2.7450035917054747e-04        -3.7373494806350609e-04
37                                    -2.0663767764544320e-04         4.3334257678106780e-03        -3.0978520788664465e-01        -9.5848778010122690e-03        -9.7935288445909555e-04        -1.2349180931720476e-02         6.2259529722501379e-05        -2.2884768025316880e-05
38                                    -1.2445224587884164e-04        -1.2684604036617385e-05        -1.0930223946653349e-02        -5.0283452239313881e-02         9.4344552052425207e-04         2.0147072900414249e-02        -4.2503523114577856e-04         2.4856044819341456e-04
39                                     2.3351715984981569e-03        -1.0540511511629739e-03        -2.5513779370523498e-02        -1.3770210652454358e-03        -4.7954739974526150e-02         1.1882465116230317e-03         2.4075431211366613e-03         2.3028405277014884e-03
40                                     5.1745424033936786e-04        -2.0613685662892664e-04        -1.0335719864392072e-02        -2.2464434231395450e-05        -2.1636731646756981e-03        -3.0233819815017338e-01        -1.8321134733893987e-03        -4.6318327636251481e-03
41                                     4.4766815250746632e-04        -9.1680757958487007e-06         1.8616967666632515e-02         1.9604927924797306e-04         3.7736147938477998e-03        -3.6749916559255819e-04        -4.1720510447516887e-02         3.4041959567181444e-03
42                                    -6.1747275456427008e-03         6.8643072169543261e-04         7.5897336835895500e-03         2.6333599400437280e-02        -4.4930563730135389e-02        -7.8883321825346502e-03        -2.6727864079820387e-02         2.5487361621128399e-03
43                                     1.0481059432445412e-03         3.4093338354295333e-04         3.3168534602974449e-03         1.3213504044343006e-02        -6.8315765992739488e-03        -6.2679730490164703e-02        -7.1315222669914080e-02         1.6422933855901266e-03
44                                    -1.5879391334363089e-03        -2.2854997773390229e-04        -4.3377649868098500e-03        -1.8175969271199664e-02        -2.1121629386985492e-02        -7.3393282781782157e-02        -2.7677717332217278e-01         2.4818095908503406e-03
                                                        16                          17                          18                          19                          20                          21                          22                          23

0                                      5.3127512721868513e-04        -5.9887621491509519e-05        -4.7249751971097355e-02         8.3456469323335732e-03         9.5207803728968336e-04        -2.0265715496840558e-01        -7.6399196323041457e-02         1.1248046742739684e-01
1                                      5.4117560782750997e-04        -6.5028685724244654e-05         7.6431295668243047e-03        -3.1419138942074126e-01        -1.1385514870255724e-02        -7.5640152175583952e-02        -8.4320163041090468e-02         5.4220271655794988e-02
2                                     -3.3138630332843325e-04        -1.2713881236724785e-06         8.2130155229095166e-04        -1.1083752438475092e-02        -4.8295682023786229e-02         1.1143792834215042e-01         5.4282343831107006e-02        -1.2768751417110374e-01
3                                      7.9302536480859859e-02         8.7576570815696142e-03        -2.3404200989566974e-04         1.1259332373394701e-04         7.6221510299543494e-05        -7.9698748590316783e-04         6.1393070372841685e-04        -4.5768290524971400e-04
4                                     -7.1361221978246264e-02        -6.0139568792259845e-04        -6.6028889065646474e-05         3.5322831079008781e-04        -9.0891560103454781e-06        -7.5742670773469101e-04         7.4731661214716503e-04         1.3727267119669232e-04
5                                     -8.3707769546700589e-02        -3.0255258841340435e-02        -3.4950970745110542e-04         6.9046166879644343e-05        -2.2631235729808798e-04         1.4873292474282438e-03        -1.9379392240538259e-04         7.6619296866225844e-04
6                                      2.8682411594230975e-02         3.2873023193198611e-03         3.8606215919602906e-06         7.1029803573052080e-05         4.4472006788152834e-05        -7.6002192245395919e-04         1.4276029710779748e-04        -3.8881230949353192e-04
7                                     -3.5896645847801367e-01        -2.2706133148499694e-01        -1.3865799905440073e-05        -5.4264243008897341e-05         1.0639789096772479e-04        -9.0206150694799704e-04        -9.8841216853816816e-05        -3.6216842007294188e-04
8                                     -1.5645977323349355e-01        -1.1370910794603137e-01         3.7094032924846674e-05         4.5336533238177559e-05         2.4739759028217714e-06        -2.8417398443527937e-04         1.5251497769560131e-04         2.2590061410980751e-05
9                                      1.5448844377939077e-04        -1.0204469880289412e-03        -2.1441927434697134e-03         7.2351943281646555e-04        -5.9850661843924822e-04        -2.0674733647353415e-02         9.7242955420648192e-03        -1.0925724844872860e-02
10                                    -6.2219729849016759e-04         9.1374692482407626e-04         3.1142459653272236e-02        -1.0728209799516279e-02         1.3581688883209415e-02        -1.1183050319456884e-02         3.8287902463533972e-03        -5.9920810125262489e-03
11                                     1.8016191865711326e-03         4.3527672574641767e-04         1.8703700486870458e-03         1.6874261961347635e-05        -1.5683097274642090e-04         1.6276774730637874e-02        -7.8596076195842166e-03         7.1054273023122283e-03
12                                    -6.4746121174789305e-03         1.7413092790121917e-03         2.0933997657979833e-03        -8.9753585324886878e-04         5.3926697991545666e-04        -4.1324694915300195e-03         1.7588350151024924e-03        -2.0166836970256325e-03
13                                    -2.4403707082027567e-03         1.2314933885384818e-02         1.3238462794161702e-03         7.6905354476995182e-04        -5.3003309344066348e-04         3.5564706253928711e-03        -6.0980918596603587e-04         1.0661592597240787e-03
14                                    -3.8642585083679460e-03         2.1502606766956856e-02        -2.0383859819151197e-04        -8.8372903873337044e-05         2.5544196236465836e-05        -3.7259184815294551e-03         1.0861836894355201e-03        -5.1497848422674825e-04
15                                    -9.6903670054637250e-02        -1.3272406744537227e-02         3.6959996597250244e-05         4.6983631351853183e-05        -9.3833714987044106e-05         3.8178879429082374e-04         2.0354518410977437e-05         1.9438114784768969e-04
16                                     4.3784104328640000e-01         2.3089141225065024e-01        -9.5156854578405336e-05         6.3550533348512381e-05        -3.7453970035118110e-05         5.0423575968787100e-04        -1.3932085737054529e-05         3.6041089691992226e-05
17                                     2.3089141225065024e-01         1.5277854176423336e-01        -5.7163789916111865e-06        -6.3418844697275432e-05         3.1976415466192571e-05         7.6582510535968488e-05        -8.0178037024604442e-05        -1.3498334636116276e-04
18                                    -9.5156854578405336e-05        -5.7163789916111865e-06         5.1525321428893614e-02        -1.1643232326010753e-02         1.5385560470771245e-03         1.2860540359219755e-03        -2.4861759064587693e-02        -2.5322427152713167e-03
19                                     6.3550533348512381e-05        -6.3418844697275432e-05        -1.1643232326010753e-02         3.4095553845581761e-01         1.0895114733216322e-02         6.3377947203078350e-04        -1.0666801715250390e-02        -1.0741348650127880e-03
20                                    -3.7453970035118110e-05         3.1976415466192571e-05         1.5385560470771245e-03         1.0895114733216322e-02         4.7759477514926416e-02        -1.6039992663708490e-03         1.8332636502221378e-02         4.3869759730164135e-04
21                                     5.0423575968787100e-04         7.6582510535968488e-05         1.2860540359219755e-03         6.3377947203078350e-04        -1.6039992663708490e-03         2.2155984612872792e-01         8.1378834725874954e-02        -1.2076020942797508e-01
22                                    -1.3932085737054529e-05        -8.0178037024604442e-05        -2.4861759064587693e-02        -1.0666801715250390e-02         1.8332636502221378e-02         8.1378834725874954e-02         8.7251457901417140e-02        -5.9942121766972736e-02
23                                     3.6041089691992226e-05        -1.3498334636116276e-04        -2.5322427152713167e-03        -1.0741348650127880e-03         4.3869759730164135e-04        -1.2076020942797508e-01        -5.9942121766972736e-02         1.3457101831412668e-01
24                                     2.1029124296615309e-05        -2.8421875439756810e-06        -1.0930579121530290e-03        -2.6145677925586315e-05         1.0201023475448932e-03         3.5483404770417664e-03         8.5637211253737876e-03         2.3337593656114299e-02
25                                    -2.4597090618475297e-05        -3.8494353984176960e-05        -3.6104968005755160e-03        -8.1964010060383598e-03        -3.1712549503481458e-02         2.3564657795829193e-03         3.0864599500156605e-03         1.2399929066427937e-02
26                                     7.4184096775047753e-05        -1.9834647957227194e-05         3.6377075484987653e-04         2.0476964219849625e-04        -2.4252777161924872e-05        -2.5700090995481595e-03        -5.3015205979285978e-03        -1.5467893242507805e-02
27                                    -7.6080740478420769e-03         5.1008900874156046e-03         1.1785863778324493e-04        -1.7359034255137653e-04        -2.8524143689106566e-06        -1.1259412740334743e-05        -4.3443401025241644e-05         6.1590016215806785e-05
28                                     1.1382456302194963e-02        -1.7866348750497009e-02        -1.4605356483879780e-04         1.1725332100624535e-05         1.8903286808730972e-06         6.2284943492858617e-05        -1.2860238799256365e-05         1.5635734955593734e-05
29                                     1.9016099622303537e-02        -2.1502611796146535e-02         1.8968267229441457e-04        -9.8083750273934671e-05         5.2899391702483921e-05        -1.2483948477737391e-04        -2.6657913462599858e-05        -1.3364971967854810e-05
30                                    -4.2708653898391388e-03        -7.4983402426976146e-03        -1.2203406244871881e-05         2.8347517517812205e-05        -3.9118160903789194e-06        -1.1645902480206683e-04         4.3397035891257771e-05        -2.9852756005413136e-05
31                                    -1.6593674914389567e-02         7.2609773014438092e-04        -8.0637111450598256e-06        -2.1789623987421118e-06        -1.1119561501360693e-05         1.0805290619633496e-04        -8.5661971064216781e-06         4.5296468151440582e-05
32                                    -1.0231901867194830e-02        -8.1305554806654998e-03         2.9484315323582733e-05        -8.6335450212266874e-06         2.7771375263666819e-05        -9.4566733096082241e-05        -1.3307222659834309e-05        -5.5685913193396423e-05
33                                    -4.7297706951222824e-04        -3.5380103075558812e-04         1.3081287318904644e-03         3.6953592865623507e-05         7.5775386294679508e-04         9.5973583827202880e-04        -6.6615105158364548e-04         5.5558449211054180e-04
34                                    -2.3018741791759525e-04         1.2407288414873028e-04        -7.0399686347402571e-04         5.2261208714482759e-04         2.4809788915607588e-04        -5.5546732604889798e-04         1.8991417668416940e-04        -5.0279044295145907e-04
35                                     2.0834115112664626e-04        -6.6448313358292857e-05         2.6295478568957907e-04         3.1874629067526680e-04         2.4832120789897822e-04        -2.4544127920791275e-04        -4.8820600459430208e-05         5.6460729099133081e-04
36                                     2.6746352857459665e-04         2.1691898032318545e-04        -5.2954384907433327e-03         1.8912635647935433e-03        -2.6017576967239248e-03         1.0512170627855993e-03        -4.4092026683930350e-04         7.2238397688108844e-04
37                                     3.3077231705356657e-04         6.4457449617715424e-05         1.7899314452133998e-03         1.0393937455059682e-03         8.3536641558690228e-04         2.9167397720706451e-04         4.1832691506497963e-04        -1.9258519527286331e-04
38                                    -9.9434087484692475e-05        -2.1545687835285762e-04        -2.2048929001025467e-03         1.1699234679812078e-03        -1.1752972395350316e-04         3.9494595847195182e-04        -5.7362049806407246e-04         2.7324606562789352e-04
39                                     1.9171211966274181e-03        -2.2920236896187816e-03        -2.8834800798120588e-04         7.6674105482555234e-04         5.7346397229148937e-05         1.3605518714678808e-04         3.1233923608739472e-04        -9.8099999154164716e-06
40                                    -1.0716499271497546e-03         2.2042292491181881e-03        -7.0958156549012265e-04         2.3482252638716214e-04        -1.6378885503828480e-04        -1.6972321622595390e-05         3.5938423716411335e-04         2.1157970109144872e-05
41                                     1.9033543880724060e-04        -1.7285858520508530e-03         1.0575909275251747e-04        -3.5513533064992033e-04         2.7373540323366379e-04        -1.5032092049082989e-04        -5.8037100039092854e-05        -1.6358682327461424e-04
42                                     4.4179989738659846e-03         5.4710741841070745e-03        -5.4548676891316320e-05         7.2064122438678059e-05        -7.9180732421153590e-05         2.2604842900160856e-04        -1.2998489522033800e-04        -2.3084442524237038e-04
43                                     1.1652918519406811e-03        -1.3931266322449441e-03        -2.9549753598942117e-05        -1.1067938891086123e-04        -1.4359589497935549e-04         1.4631897058513471e-04        -1.5067635804318427e-04         1.3423358576479158e-04
44                                     2.4443167838828963e-03         1.0157128179850692e-03         7.5472068428864664e-05         4.3672843556729485e-05        -4.0289222986161450e-05        -1.1421974730833635e-04         2.3387047913344099e-04         2.9622735220230902e-04
                                                        24                          25                          26                          27                          28                          29                          30                          31

0                                     -5.0624140769559109e-02        -9.7086313743177995e-03        -2.9415484033719890e-02        -9.1723441336465856e-05         9.1535761980695782e-05        -1.9228828204245676e-04        -1.7225984893515147e-04         1.4832096407462001e-04
1                                     -9.3782546558796101e-03        -7.0051041669944331e-02        -7.3254168950784349e-02        -1.6738163877519019e-04         1.1414450754062026e-04        -3.6215337615228471e-04        -1.3512778581966072e-04         1.7536215323016259e-04
2                                     -2.8562227657271809e-02        -7.3678137798734694e-02        -2.8943104550755466e-01         1.5661341612528186e-04        -3.2225345964201910e-04         4.5656008453719317e-06         2.5020362015060714e-04        -1.4290663170638982e-04
3                                      8.9544923414987916e-05        -1.6316333365992632e-04         5.5468753270861842e-05        -4.5433263726116987e-02         2.8230937717235657e-03        -3.1899053594672822e-02         7.9910119567414700e-04         5.7936255481134055e-03
4                                      5.6450369354445055e-04        -1.4930097197495213e-04         3.3150232657017803e-04         8.3066681258417534e-03        -1.8956304176409916e-01         1.6148667363433938e-01         8.1166172528135405e-04        -1.2441839800693712e-02
5                                      9.0615710537575106e-05         1.5181421023413501e-04         3.0268099181250110e-04        -1.0343222224216884e-02         1.6192265761202154e-01        -1.4556392892753417e-01        -7.1256952128485353e-03        -6.5524990480801074e-03
6                                     -6.6635919606244617e-05        -2.1109352748744227e-05        -1.4458712342322114e-04        -3.6431859519644788e-03        -1.0708749795418936e-02        -2.8880672355234352e-03        -2.3019340799093002e-01        -1.3128669049263192e-01
7                                     -2.5899494734916729e-04        -5.8342325518938917e-06        -2.6861670098395443e-04        -9.6387352506592441e-03        -2.7363393855304396e-02        -3.4135746850029597e-02        -1.5714821514378702e-01        -1.4664465815407757e-01
8                                      1.0767400296775497e-04        -9.8864474951446384e-07         5.8212942966318505e-05         2.1511482424508645e-02         1.1557316178031412e-02         1.2387141532570999e-03        -1.0405399108540717e-02        -4.2711958502889502e-02
9                                     -5.0721193766377149e-03         1.7708775013095014e-03        -1.6230006567934732e-03         2.1058146302918332e-03        -1.1123845059194800e-03         1.0225534014642336e-03        -6.6424811897173143e-04         6.0221227900541098e-04
10                                    -9.2880745433279576e-03         3.2408289025574280e-03        -2.7902142999297616e-03         1.2237558309901985e-03         6.7792178218233946e-04         1.3506112029966835e-04         5.2272489578215377e-04        -6.3329133940054870e-04
11                                    -2.9367079921748921e-02         1.2496898355058237e-02        -1.1646152418887504e-02        -8.4181362517493511e-04         2.5200001232391321e-04         6.3198888319848830e-04        -5.2944289496708805e-04         2.4977351494898537e-04
12                                     1.9958808421162459e-03        -4.8427961505628195e-04         8.6897676196872990e-04        -2.5455501448598452e-04        -5.4634905987581417e-04         2.1501481179116225e-03        -1.2640498247383667e-03         2.2574563792124433e-04
13                                    -4.2227020336023456e-04         5.9962578505112513e-05         7.8711681089118669e-05         1.6520175850823368e-02        -1.6085897189753789e-03         1.3947577838061834e-02        -1.7804957574925435e-03        -9.8980885398950065e-04
14                                    -1.1888960858243240e-03        -9.1005306268475764e-05         1.1271716867363776e-03        -1.6897696274084453e-02         6.2492090499287924e-03         2.7997280970085033e-03         1.0917506310791133e-03        -3.5264561045927952e-03
15                                     9.8674665845115763e-05         2.6047226522209481e-05         6.8870315444989096e-05        -1.0960226025658829e-02         1.7884424457717884e-02         3.4126933307681365e-02         1.7358128531446176e-02        -3.7226123927626503e-02
16                                     2.1029124296615309e-05        -2.4597090618475297e-05         7.4184096775047753e-05        -7.6080740478420769e-03         1.1382456302194963e-02         1.9016099622303537e-02        -4.2708653898391388e-03        -1.6593674914389567e-02
17                                    -2.8421875439756810e-06        -3.8494353984176960e-05        -1.9834647957227194e-05         5.1008900874156046e-03        -1.7866348750497009e-02        -2.1502611796146535e-02        -7.4983402426976146e-03         7.2609773014438092e-04
18                                    -1.0930579121530290e-03        -3.6104968005755160e-03         3.6377075484987653e-04         1.1785863778324493e-04        -1.4605356483879780e-04         1.8968267229441457e-04        -1.2203406244871881e-05        -8.0637111450598256e-06
19                                    -2.6145677925586315e-05        -8.1964010060383598e-03         2.0476964219849625e-04        -1.7359034255137653e-04         1.1725332100624535e-05        -9.8083750273934671e-05         2.8347517517812205e-05        -2.1789623987421118e-06
20                                     1.0201023475448932e-03        -3.1712549503481458e-02        -2.4252777161924872e-05        -2.8524143689106566e-06         1.8903286808730972e-06         5.2899391702483921e-05        -3.9118160903789194e-06        -1.1119561501360693e-05
21                                     3.5483404770417664e-03         2.3564657795829193e-03        -2.5700090995481595e-03        -1.1259412740334743e-05         6.2284943492858617e-05        -1.2483948477737391e-04        -1.1645902480206683e-04         1.0805290619633496e-04
22                                     8.5637211253737876e-03         3.0864599500156605e-03        -5.3015205979285978e-03        -4.3443401025241644e-05        -1.2860238799256365e-05        -2.6657913462599858e-05         4.3397035891257771e-05        -8.5661971064216781e-06
23                                     2.3337593656114299e-02         1.2399929066427937e-02        -1.5467893242507805e-02         6.1590016215806785e-05         1.5635734955593734e-05        -1.3364971967854810e-05        -2.9852756005413136e-05         4.5296468151440582e-05
24                                     5.5287654124813519e-02         8.1808669781583340e-03         3.5026458146139333e-02         1.3159311998761305e-04        -1.4857804875434221e-04         4.2558796580380266e-05         1.3324655124645392e-05         2.1120248714503705e-05
25                                     8.1808669781583340e-03         7.1378679045484672e-02         7.9530337095900516e-02         4.5027718412523496e-05         2.5952673531915663e-05         2.6416167370317285e-06        -7.0056307901740326e-06         1.7024048667704447e-06
26                                     3.5026458146139333e-02         7.9530337095900516e-02         3.1385483253408358e-01         9.5321281649054818e-05        -8.1875883884618625e-05        -3.7513414674146886e-05        -7.5087144655737632e-06         2.8398482130609099e-05
27                                     1.3159311998761305e-04         4.5027718412523496e-05         9.5321281649054818e-05         6.2174604393997579e-02        -9.7291296126574035e-03         2.0274154181292806e-03         1.1664260123811715e-04        -4.5976838349743687e-04
28                                    -1.4857804875434221e-04         2.5952673531915663e-05        -8.1875883884618625e-05        -9.7291296126574035e-03         2.0627262092800264e-01        -1.6095048306912585e-01        -3.1323918153526933e-04         1.6481318289912773e-03
29                                     4.2558796580380266e-05         2.6416167370317285e-06        -3.7513414674146886e-05         2.0274154181292806e-03        -1.6095048306912585e-01         1.6683488553172968e-01        -4.0620776317190632e-04         2.3443110590787132e-03
30                                     1.3324655124645392e-05        -7.0056307901740326e-06        -7.5087144655737632e-06         1.1664260123811715e-04        -3.1323918153526933e-04        -4.0620776317190632e-04         2.1408262299423120e-01         1.6213412852790876e-01
31                                     2.1120248714503705e-05         1.7024048667704447e-06         2.8398482130609099e-05        -4.5976838349743687e-04         1.6481318289912773e-03         2.3443110590787132e-03         1.6213412852790876e-01         1.7556018733133852e-01
32                                    -4.0873479469638248e-05         2.2153178799839642e-06        -3.6371508994575432e-05         1.5114456310141191e-03        -7.8081876356646241e-04        -2.9247848758136470e-03         2.4783901109697089e-02         4.9022207111889440e-02
33                                    -5.2626971478051243e-03         2.5828696777315907e-03        -2.0224514353503545e-03        -4.3122428326945999e-05         5.3833647492681634e-04        -3.3571509854228750e-04         6.2830182301595091e-06        -6.3682137374564108e-05
34                                     2.2332142457101400e-03         1.0734923935794413e-04         1.3829985107120277e-03         1.4465716859803090e-04        -1.7941346075972878e-04        -9.1235891848575734e-05        -1.1253524410556777e-05        -1.6157750832577903e-05
35                                    -1.9586280033505200e-03         1.0511531676444784e-03         7.6042896762877014e-04         5.6150417612998570e-04        -4.1315935425647547e-04        -2.5860990877708823e-05         3.0655547795532118e-05         5.1060719369831406e-05
36                                     1.2850013664039758e-03        -7.8679140952068213e-04         1.4333264851613308e-04        -2.8973112593961675e-04         5.1204595151735377e-04        -5.1859994922689556e-04         1.1175914642126954e-04        -4.9442107646770396e-05
37                                    -1.2551480821264629e-04         4.6090366206128506e-04         3.3531903894478722e-04        -7.1259494576520399e-04         1.6672223313744967e-04        -3.9239277882650164e-04         3.8320451998028089e-05        -3.6342229341188373e-06
38                                     6.9776412954172546e-04         2.8406620794230869e-04         2.9649031611027029e-04        -1.3279624177703488e-04        -1.5414106432453070e-04         1.5542887315242804e-04        -3.9146168735007731e-05         1.7574152371548868e-05
39                                    -5.0875414208970810e-05         2.7998868202752799e-05        -1.2122735576511578e-04        -2.1877419980772914e-03         4.9267852840161703e-04        -2.9508285557353930e-03        -2.0936676401536042e-04         3.5337026608777219e-04
40                                    -5.5844104960195255e-05        -9.4919001024883036e-05         2.7975093941466980e-05         1.1664764880389947e-03        -4.8696703245226444e-04        -1.5920298414114596e-05         1.8934734090769127e-04        -4.4819263729326420e-04
41                                     4.1874904349923445e-05        -1.6696885639860769e-04        -6.9206966355229874e-05        -1.7414429490921366e-03         7.8479294668080458e-04        -1.2312814197013842e-03         5.8261278436858005e-06         2.9292152032905878e-04
42                                    -2.8048763477767059e-04        -2.1640451919196623e-04        -7.2702577886273501e-04        -1.7317042586514468e-03         2.9684356698543005e-04        -2.2085237572674692e-04         1.4413283627185872e-04        -3.0885579612045501e-04
43                                     1.2694985991316686e-04         1.6025551577209126e-04        -2.8750162056532039e-04         1.1291967523221215e-03        -1.0854095172916508e-03        -8.8452190260329168e-04        -8.5674903592035823e-05         3.9661911468927822e-04
44                                     7.6500117752285380e-04        -2.4120848839335714e-04         3.3245304475521681e-04        -1.0892780971154020e-03        -1.8959057740938843e-04        -4.1886413417861063e-04        -6.6957605762604441e-05         2.0336252588831847e-04
                                                        32                          33                          34                          35                          36                          37                          38                          39

0                                     -1.1285697455716017e-04        -4.8097419890385110e-03         1.7373478089710648e-03        -1.8705030763380651e-03        -2.1174967281341155e-03         8.8601512691993678e-04        -6.8917480160278976e-04         1.7354968485099815e-03
1                                     -2.4239767596111737e-04        -8.7208785719672111e-03         3.0102706054583850e-03        -2.8718324628328479e-03         3.1729385180337397e-02        -9.5144308096709058e-03         1.2592661703089644e-02        -1.2760242966987560e-03
2                                      3.0129153140298290e-05        -3.0137216000136864e-02         1.1949151794642985e-02        -1.0242954790006659e-02         9.2382363131184595e-04        -2.9276003394384121e-04        -6.6818979961582974e-05        -1.5975132104746950e-05
3                                      4.7942632925407000e-03         2.0689701762034969e-03         7.0028827194821815e-04        -1.2950291357282347e-03         1.6618020362208093e-03         1.0429324997014344e-03        -9.2022744918623500e-04        -3.3547994099939766e-03
4                                      2.3948756525945289e-02        -7.2402546271047204e-04         1.9611988913812101e-04         9.0667346444703138e-04        -1.7131053192922714e-03         2.2500272741002476e-04        -2.4303470461870482e-04         3.3774121683130279e-02
5                                      9.6040793279692765e-03         8.5264503072404426e-04        -6.3048947078722184e-04         9.6690907325168961e-05         2.1052591234977064e-04         2.4848836246855847e-04         5.7634664004765413e-04         7.8037913085681181e-04
6                                     -3.9327250986855175e-02         2.6443866680594247e-04         1.2718416877298947e-04        -1.1835703683441348e-05         2.9500649691759778e-04        -6.2142344105853460e-05        -1.2973641594001781e-04         8.5114180057665155e-04
7                                     -6.5403928818966922e-02         1.0054404622906153e-03         3.3856857136772183e-04        -6.8254117519251636e-04         7.5169839257019713e-04         8.4631737875812910e-05        -2.4889229871593910e-04        -6.5605803988751585e-03
8                                     -2.7032739251007284e-02         1.6425852201654070e-04         1.3624676385651572e-04         2.6301613104822395e-04        -2.7779926090165782e-04        -2.0663767764544320e-04        -1.2445224587884164e-04         2.3351715984981569e-03
9                                     -2.3756351227568443e-04        -4.9512205243657417e-02        -7.8129288468784079e-03        -2.5693109730910602e-02        -4.6386504613636567e-02         4.3334257678106780e-03        -1.2684604036617385e-05        -1.0540511511629739e-03
10                                     7.0537004971938841e-04        -7.7143854299452416e-03        -7.1553633587614185e-02        -7.0199750528239901e-02         4.7665404482639361e-03        -3.0978520788664465e-01        -1.0930223946653349e-02        -2.5513779370523498e-02
11                                    -1.2883117697212731e-04        -2.5907141932675768e-02        -7.1366583972354777e-02        -2.8555851501898399e-01        -1.0167300149526901e-04        -9.5848778010122690e-03        -5.0283452239313881e-02        -1.3770210652454358e-03
12                                    -5.5769718585134138e-04         2.2345018813675274e-04         6.3482373256885244e-04         1.4082410907210671e-04        -1.9631135367850789e-03        -9.7935288445909555e-04         9.4344552052425207e-04        -4.7954739974526150e-02
13                                     3.6412047596182098e-03         7.7744634803652759e-03         3.3154148588770936e-03        -5.0848674395373101e-03        -2.7832221272368510e-02        -1.2349180931720476e-02         2.0147072900414249e-02         1.1882465116230317e-03
14                                     4.0974273245377758e-03         2.6830002987408529e-02         1.3224449891055876e-02        -1.6613512433555785e-02        -2.7450035917054747e-04         6.2259529722501379e-05        -4.2503523114577856e-04         2.4075431211366613e-03
15                                     9.6115185682073608e-03        -5.7520529214505692e-04        -3.2220313259745598e-04         3.8961484127441248e-04        -3.7373494806350609e-04        -2.2884768025316880e-05         2.4856044819341456e-04         2.3028405277014884e-03
16                                    -1.0231901867194830e-02        -4.7297706951222824e-04        -2.3018741791759525e-04         2.0834115112664626e-04         2.6746352857459665e-04         3.3077231705356657e-04        -9.9434087484692475e-05         1.9171211966274181e-03
17                                    -8.1305554806654998e-03        -3.5380103075558812e-04         1.2407288414873028e-04        -6.6448313358292857e-05         2.1691898032318545e-04         6.4457449617715424e-05        -2.1545687835285762e-04        -2.2920236896187816e-03
18                                     2.9484315323582733e-05         1.3081287318904644e-03        -7.0399686347402571e-04         2.6295478568957907e-04        -5.2954384907433327e-03         1.7899314452133998e-03        -2.2048929001025467e-03        -2.8834800798120588e-04
19                                    -8.6335450212266874e-06         3.6953592865623507e-05         5.2261208714482759e-04         3.1874629067526680e-04         1.8912635647935433e-03         1.0393937455059682e-03         1.1699234679812078e-03         7.6674105482555234e-04
20                                     2.7771375263666819e-05         7.5775386294679508e-04         2.4809788915607588e-04         2.4832120789897822e-04        -2.6017576967239248e-03         8.3536641558690228e-04        -1.1752972395350316e-04         5.7346397229148937e-05
21                                    -9.4566733096082241e-05         9.5973583827202880e-04        -5.5546732604889798e-04        -2.4544127920791275e-04         1.0512170627855993e-03         2.9167397720706451e-04         3.9494595847195182e-04         1.3605518714678808e-04
22                                    -1.3307222659834309e-05        -6.6615105158364548e-04         1.8991417668416940e-04        -4.8820600459430208e-05        -4.4092026683930350e-04         4.1832691506497963e-04        -5.7362049806407246e-04         3.1233923608739472e-04
23                                    -5.5685913193396423e-05         5.5558449211054180e-04        -5.0279044295145907e-04         5.6460729099133081e-04         7.2238397688108844e-04        -1.9258519527286331e-04         2.7324606562789352e-04        -9.8099999154164716e-06
24                                    -4.0873479469638248e-05        -5.2626971478051243e-03         2.2332142457101400e-03        -1.9586280033505200e-03         1.2850013664039758e-03        -1.2551480821264629e-04         6.9776412954172546e-04        -5.0875414208970810e-05
25                                     2.2153178799839642e-06         2.5828696777315907e-03         1.0734923935794413e-04         1.0511531676444784e-03        -7.8679140952068213e-04         4.6090366206128506e-04         2.8406620794230869e-04         2.7998868202752799e-05
26                                    -3.6371508994575432e-05        -2.0224514353503545e-03         1.3829985107120277e-03         7.6042896762877014e-04         1.4333264851613308e-04         3.3531903894478722e-04         2.9649031611027029e-04        -1.2122735576511578e-04
27                                     1.5114456310141191e-03        -4.3122428326945999e-05         1.4465716859803090e-04         5.6150417612998570e-04        -2.8973112593961675e-04        -7.1259494576520399e-04        -1.3279624177703488e-04        -2.1877419980772914e-03
28                                    -7.8081876356646241e-04         5.3833647492681634e-04        -1.7941346075972878e-04        -4.1315935425647547e-04         5.1204595151735377e-04         1.6672223313744967e-04        -1.5414106432453070e-04         4.9267852840161703e-04
29                                    -2.9247848758136470e-03        -3.3571509854228750e-04        -9.1235891848575734e-05        -2.5860990877708823e-05        -5.1859994922689556e-04        -3.9239277882650164e-04         1.5542887315242804e-04        -2.9508285557353930e-03
30                                     2.4783901109697089e-02         6.2830182301595091e-06        -1.1253524410556777e-05         3.0655547795532118e-05         1.1175914642126954e-04         3.8320451998028089e-05        -3.9146168735007731e-05        -2.0936676401536042e-04
31                                     4.9022207111889440e-02        -6.3682137374564108e-05        -1.6157750832577903e-05         5.1060719369831406e-05        -4.9442107646770396e-05        -3.6342229341188373e-06         1.7574152371548868e-05         3.5337026608777219e-04
32                                     2.5050979389937732e-02         9.7800352006979872e-05         3.1021034132618281e-05        -8.2012376343006252e-05         2.4801305135241806e-05        -5.3961097278099794e-05        -6.2906854867906339e-06        -9.6518339891536905e-04
33                                     9.7800352006979872e-05         5.9107867481845142e-02         8.4138448868712242e-03         2.7204848945990533e-02        -6.7002311551486206e-04         6.0896385499407089e-05         5.9757800777036668e-04         1.0674970165072627e-03
34                                     3.1021034132618281e-05         8.4138448868712242e-03         7.2476669948844691e-02         7.5200404063617013e-02        -3.3662618485474959e-03        -8.7144690554603679e-03        -3.1600980593818453e-02         8.4844156093675713e-04
35                                    -8.2012376343006252e-05         2.7204848945990533e-02         7.5200404063617013e-02         3.1141893819887828e-01         1.0218928114876717e-05        -5.1047823183360957e-04        -5.6293452452892828e-04        -2.7315781065158189e-04
36                                     2.4801305135241806e-05        -6.7002311551486206e-04        -3.3662618485474959e-03         1.0218928114876717e-05         5.5578506915659874e-02        -5.0767883324990670e-03        -9.0010190644334122e-04        -3.9697543860010556e-03
37                                    -5.3961097278099794e-05         6.0896385499407089e-05        -8.7144690554603679e-03        -5.1047823183360957e-04        -5.0767883324990670e-03         3.3639356270195209e-01         7.8841065337842998e-03        -1.6185074602735744e-03
38                                    -6.2906854867906339e-06         5.9757800777036668e-04        -3.1600980593818453e-02        -5.6293452452892828e-04        -9.0010190644334122e-04         7.8841065337842998e-03         5.1260219951563872e-02         3.0233356475587920e-03
39                                    -9.6518339891536905e-04         1.0674970165072627e-03         8.4844156093675713e-04        -2.7315781065158189e-04        -3.9697543860010556e-03        -1.6185074602735744e-03         3.0233356475587920e-03         5.3327116233990661e-02
40                                     1.1380920493504537e-04         9.4575419025804894e-05         5.4320744600424567e-04         3.5869432108135389e-04        -1.3476772676298005e-03         7.4411237087217445e-04         1.5680299614789946e-03        -2.9116170799552555e-04
41                                    -2.1524600028745771e-04        -9.5457059195305078e-04         5.3458029546972550e-05         3.3324850586649297e-04         2.8511669327764312e-03         1.5627953537627770e-03        -1.3391636580004896e-03        -7.0226995547978226e-04
42                                     4.3290294381417849e-04        -4.1333759014033390e-03        -2.0725760114164143e-03         2.7306854183158772e-03         1.0825039204090028e-03         1.4985306577264997e-04        -8.7858076111193748e-04        -3.5047050846584004e-04
43                                    -7.6569844900366681e-04        -2.1403949474870197e-03        -6.2655502927543797e-06         1.7114208360940113e-03         6.9954758150503858e-04         5.0349449549712093e-04         1.9534475143290035e-04        -4.4296435841096986e-03
44                                    -1.9786930208496450e-04         2.6668218759270390e-03         1.8471352891881528e-03        -5.3301276198285965e-04        -4.2702860457191215e-04         2.3244764710967855e-04         5.7940232012053156e-04         1.0655372508825037e-04
                                                        40                          41                          42                          43                          44

0                                      4.8874534094980882e-04        -9.0250448062435720e-04         1.9792628235428831e-03         6.3450341752794757e-04        -1.0579696726427733e-03
1                                      7.4598482974247340e-04        -1.8382767511350542e-04         4.1641611846525949e-04         3.7572918552031351e-05        -1.9463582438900961e-04
2                                     -2.1955398099992793e-04         2.3415309224357483e-04         1.0357621507645126e-03        -2.5805640919704734e-04         1.1383466894266878e-03
3                                      4.6025047402286738e-03        -5.3748241310145224e-03        -1.1153691320632580e-02         1.3439961183003305e-03        -7.8719060270735323e-03
4                                     -1.3789408873190159e-02         1.6090498850859693e-02        -9.6350973783555539e-03         3.8191237859025039e-03        -4.8254852908222526e-05
5                                     -7.7513923774826139e-04        -1.5531933643874634e-03        -2.6625460970790837e-02         1.3198754375099778e-02        -1.0623102313960181e-02
6                                      2.8600603063314144e-03        -9.5536247090741372e-04         1.9149586895516402e-03        -1.3365774774281032e-03         7.4801104015812924e-04
7                                      6.4327634443280858e-03        -3.7012744086548956e-03        -1.4967779992433182e-03        -3.7643873439864644e-03        -3.0803035319123899e-03
8                                      5.1745424033936786e-04         4.4766815250746632e-04        -6.1747275456427008e-03         1.0481059432445412e-03        -1.5879391334363089e-03
9                                     -2.0613685662892664e-04        -9.1680757958487007e-06         6.8643072169543261e-04         3.4093338354295333e-04        -2.2854997773390229e-04
10                                    -1.0335719864392072e-02         1.8616967666632515e-02         7.5897336835895500e-03         3.3168534602974449e-03        -4.3377649868098500e-03
11                                    -2.2464434231395450e-05         1.9604927924797306e-04         2.6333599400437280e-02         1.3213504044343006e-02        -1.8175969271199664e-02
12                                    -2.1636731646756981e-03         3.7736147938477998e-03        -4.4930563730135389e-02        -6.8315765992739488e-03        -2.1121629386985492e-02
13                                    -3.0233819815017338e-01        -3.6749916559255819e-04        -7.8883321825346502e-03        -6.2679730490164703e-02        -7.3393282781782157e-02
14                                    -1.8321134733893987e-03        -4.1720510447516887e-02        -2.6727864079820387e-02        -7.1315222669914080e-02        -2.7677717332217278e-01
15                                    -4.6318327636251481e-03         3.4041959567181444e-03         2.5487361621128399e-03         1.6422933855901266e-03         2.4818095908503406e-03
16                                    -1.0716499271497546e-03         1.9033543880724060e-04         4.4179989738659846e-03         1.1652918519406811e-03         2.4443167838828963e-03
17                                     2.2042292491181881e-03        -1.7285858520508530e-03         5.4710741841070745e-03        -1.3931266322449441e-03         1.0157128179850692e-03
18                                    -7.0958156549012265e-04         1.0575909275251747e-04        -5.4548676891316320e-05        -2.9549753598942117e-05         7.5472068428864664e-05
19                                     2.3482252638716214e-04        -3.5513533064992033e-04         7.2064122438678059e-05        -1.1067938891086123e-04         4.3672843556729485e-05
20                                    -1.6378885503828480e-04         2.7373540323366379e-04        -7.9180732421153590e-05        -1.4359589497935549e-04        -4.0289222986161450e-05
21                                    -1.6972321622595390e-05        -1.5032092049082989e-04         2.2604842900160856e-04         1.4631897058513471e-04        -1.1421974730833635e-04
22                                     3.5938423716411335e-04        -5.8037100039092854e-05        -1.2998489522033800e-04        -1.5067635804318427e-04         2.3387047913344099e-04
23                                     2.1157970109144872e-05        -1.6358682327461424e-04        -2.3084442524237038e-04         1.3423358576479158e-04         2.9622735220230902e-04
24                                    -5.5844104960195255e-05         4.1874904349923445e-05        -2.8048763477767059e-04         1.2694985991316686e-04         7.6500117752285380e-04
25                                    -9.4919001024883036e-05        -1.6696885639860769e-04        -2.1640451919196623e-04         1.6025551577209126e-04        -2.4120848839335714e-04
26                                     2.7975093941466980e-05        -6.9206966355229874e-05        -7.2702577886273501e-04        -2.8750162056532039e-04         3.3245304475521681e-04
27                                     1.1664764880389947e-03        -1.7414429490921366e-03        -1.7317042586514468e-03         1.1291967523221215e-03        -1.0892780971154020e-03
28                                    -4.8696703245226444e-04         7.8479294668080458e-04         2.9684356698543005e-04        -1.0854095172916508e-03        -1.8959057740938843e-04
29                                    -1.5920298414114596e-05        -1.2312814197013842e-03        -2.2085237572674692e-04        -8.8452190260329168e-04        -4.1886413417861063e-04
30                                     1.8934734090769127e-04         5.8261278436858005e-06         1.4413283627185872e-04        -8.5674903592035823e-05        -6.6957605762604441e-05
31                                    -4.4819263729326420e-04         2.9292152032905878e-04        -3.0885579612045501e-04         3.9661911468927822e-04         2.0336252588831847e-04
32                                     1.1380920493504537e-04        -2.1524600028745771e-04         4.3290294381417849e-04        -7.6569844900366681e-04        -1.9786930208496450e-04
33                                     9.4575419025804894e-05        -9.5457059195305078e-04        -4.1333759014033390e-03        -2.1403949474870197e-03         2.6668218759270390e-03
34                                     5.4320744600424567e-04         5.3458029546972550e-05        -2.0725760114164143e-03        -6.2655502927543797e-06         1.8471352891881528e-03
35                                     3.5869432108135389e-04         3.3324850586649297e-04         2.7306854183158772e-03         1.7114208360940113e-03        -5.3301276198285965e-04
36                                    -1.3476772676298005e-03         2.8511669327764312e-03         1.0825039204090028e-03         6.9954758150503858e-04        -4.2702860457191215e-04
37                                     7.4411237087217445e-04         1.5627953537627770e-03         1.4985306577264997e-04         5.0349449549712093e-04         2.3244764710967855e-04
38                                     1.5680299614789946e-03        -1.3391636580004896e-03        -8.7858076111193748e-04         1.9534475143290035e-04         5.7940232012053156e-04
39                                    -2.9116170799552555e-04        -7.0226995547978226e-04        -3.5047050846584004e-04        -4.4296435841096986e-03         1.0655372508825037e-04
40                                     3.3045466838874776e-01        -1.6701613366214250e-03         2.9808029699260503e-05        -1.0949887757570291e-02        -1.2140325705874144e-04
41                                    -1.6701613366214250e-03         4.6594214445214367e-02         6.0519311013324201e-04        -3.1079671101051073e-02        -5.8294346739156885e-05
42                                     2.9808029699260503e-05         6.0519311013324201e-04         5.4052768448372313e-02         8.7824945087344054e-03         2.5094594551632588e-02
43                                    -1.0949887757570291e-02        -3.1079671101051073e-02         8.7824945087344054e-03         6.9347825263608748e-02         7.6613834937741820e-02
44                                    -1.2140325705874144e-04        -5.8294346739156885e-05         2.5094594551632588e-02         7.6613834937741820e-02         3.0505037158425091e-01
   &MODES [&Type "ArrayOfDoubles", &Dim (45,45)] "The modes of vibrations"
                                                         0                           1                           2                           3                           4                           5                           6                           7

0                                      0.0000000000000000e+00         0.0000000000000000e+00         0.0000000000000000e+00         0.0000000000000000e+00         0.0000000000000000e+00         0.0000000000000000e+00        -4.0296585564845418e-03         8.2200200285922898e-03
1                                      0.0000000000000000e+00         0.0000000000000000e+00         0.0000000000000000e+00         0.0000000000000000e+00         0.0000000000000000e+00         0.0000000000000000e+00        -1.1420111005548252e-03        -4.0151140286874595e-02
2                                      0.0000000000000000e+00         0.0000000000000000e+00         0.0000000000000000e+00         0.0000000000000000e+00         0.0000000000000000e+00         0.0000000000000000e+00         2.1939761832252987e-04        -2.2353213271620598e-02
3                                      0.0000000000000000e+00         0.0000000000000000e+00         0.0000000000000000e+00         0.0000000000000000e+00         0.0000000000000000e+00         0.0000000000000000e+00        -8.0084452328585687e-02         2.3018483026978728e-02
4                                      0.0000000000000000e+00         0.0000000000000000e+00         0.0000000000000000e+00         0.0000000000000000e+00         0.0000000000000000e+00         0.0000000000000000e+00         9.1387464357738729e-02         9.1532375838239352e-02
5                                      0.0000000000000000e+00         0.0000000000000000e+00         0.0000000000000000e+00         0.0000000000000000e+00         0.0000000000000000e+00         0.0000000000000000e+00         7.7008115328946733e-02         4.0810896705369616e-02
6                                      0.0000000000000000e+00         0.0000000000000000e+00         0.0000000000000000e+00         0.0000000000000000e+00         0.0000000000000000e+00         0.0000000000000000e+00        -4.7015867050037005e-02         1.3184490527915694e-02
7                                      0.0000000000000000e+00         0.0000000000000000e+00         0.0000000000000000e+00         0.0000000000000000e+00         0.0000000000000000e+00         0.0000000000000000e+00        -1.2714995463375628e-01        -1.5242608757899402e-02
8                                      0.0000000000000000e+00         0.0000000000000000e+00         0.0000000000000000e+00         0.0000000000000000e+00         0.0000000000000000e+00         0.0000000000000000e+00         1.5580696776317749e-04        -8.0895783780256789e-02
9                                      0.0000000000000000e+00         0.0000000000000000e+00         0.0000000000000000e+00         0.0000000000000000e+00         0.0000000000000000e+00         0.0000000000000000e+00        -7.6435299930351216e-03         1.1512092872877753e-02
10                                     0.0000000000000000e+00         0.0000000000000000e+00         0.0000000000000000e+00         0.0000000000000000e+00         0.0000000000000000e+00         0.0000000000000000e+00         5.4978580805721969e-03        -5.2421753602282989e-02
11                                     0.0000000000000000e+00         0.0000000000000000e+00         0.0000000000000000e+00         0.0000000000000000e+00         0.0000000000000000e+00         0.0000000000000000e+00         1.7978012344223512e-03        -4.3022534000342533e-02
12                                     0.0000000000000000e+00         0.0000000000000000e+00         0.0000000000000000e+00         0.0000000000000000e+00         0.0000000000000000e+00         0.0000000000000000e+00        -1.6377961875403361e-02         1.6042397133682246e-02
13                                     0.0000000000000000e+00         0.0000000000000000e+00         0.0000000000000000e+00         0.0000000000000000e+00         0.0000000000000000e+00         0.0000000000000000e+00         2.9170161352824731e-02         9.8454656726596063e-02
14                                     0.0000000000000000e+00         0.0000000000000000e+00         0.0000000000000000e+00         0.0000000000000000e+00         0.0000000000000000e+00         0.0000000000000000e+00         2.2566335315557576e-02         6.7548197485138017e-02
15                                     0.0000000000000000e+00         0.0000000000000000e+00         0.0000000000000000e+00         0.0000000000000000e+00         0.0000000000000000e+00         0.0000000000000000e+00         1.3451548106134259e-01        -6.4532455786878801e-02
16                                     0.0000000000000000e+00         0.0000000000000000e+00         0.0000000000000000e+00         0.0000000000000000e+00         0.0000000000000000e+00         0.0000000000000000e+00         2.4272981945147520e-03        -7.0462889065479928e-02
17                                     0.0000000000000000e+00         0.0000000000000000e+00         0.0000000000000000e+00         0.0000000000000000e+00         0.0000000000000000e+00         0.0000000000000000e+00        -4.6468222946261017e-02         3.4250516231800379e-02
18                                     0.0000000000000000e+00         0.0000000000000000e+00         0.0000000000000000e+00         0.0000000000000000e+00         0.0000000000000000e+00         0.0000000000000000e+00        -3.8173835037843187e-03        -4.5265291075734029e-02
19                                     0.0000000000000000e+00         0.0000000000000000e+00         0.0000000000000000e+00         0.0000000000000000e+00         0.0000000000000000e+00         0.0000000000000000e+00        -1.0794574787997507e-03        -4.7477563494288361e-02
20                                     0.0000000000000000e+00         0.0000000000000000e+00         0.0000000000000000e+00         0.0000000000000000e+00         0.0000000000000000e+00         0.0000000000000000e+00         1.2383620708796687e-03         1.2982406373467106e-01
21                                     0.0000000000000000e+00         0.0000000000000000e+00         0.0000000000000000e+00         0.0000000000000000e+00         0.0000000000000000e+00         0.0000000000000000e+00        -7.6120413678577659e-03         4.4806734515899505e-03
22                                     0.0000000000000000e+00         0.0000000000000000e+00         0.0000000000000000e+00         0.0000000000000000e+00         0.0000000000000000e+00         0.0000000000000000e+00        -1.1705081684517886e-03        -1.6208132219720336e-01
23                                     0.0000000000000000e+00         0.0000000000000000e+00         0.0000000000000000e+00         0.0000000000000000e+00         0.0000000000000000e+00         0.0000000000000000e+00        -4.7082951418148328e-03        -1.1008356630762940e-01
24                                     0.0000000000000000e+00         0.0000000000000000e+00         0.0000000000000000e+00         0.0000000000000000e+00         0.0000000000000000e+00         0.0000000000000000e+00        -7.5283917938286397e-04         6.2070234802844897e-02
25                                     0.0000000000000000e+00         0.0000000000000000e+00         0.0000000000000000e+00         0.0000000000000000e+00         0.0000000000000000e+00         0.0000000000000000e+00         7.1205735837544660e-04         1.0008395593148899e-01
26                                     0.0000000000000000e+00         0.0000000000000000e+00         0.0000000000000000e+00         0.0000000000000000e+00         0.0000000000000000e+00         0.0000000000000000e+00        -1.1904396936909202e-03        -7.0800385690794290e-02
27                                     0.0000000000000000e+00         0.0000000000000000e+00         0.0000000000000000e+00         0.0000000000000000e+00         0.0000000000000000e+00         0.0000000000000000e+00        -4.0050100592195610e-02         3.4358441530995147e-02
28                                     0.0000000000000000e+00         0.0000000000000000e+00         0.0000000000000000e+00         0.0000000000000000e+00         0.0000000000000000e+00         0.0000000000000000e+00        -1.4311891263846266e-01         1.6218757081645524e-01
29                                     0.0000000000000000e+00         0.0000000000000000e+00         0.0000000000000000e+00         0.0000000000000000e+00         0.0000000000000000e+00         0.0000000000000000e+00        -1.9899556198805918e-01         1.2074773926444109e-01
30                                     0.0000000000000000e+00         0.0000000000000000e+00         0.0000000000000000e+00         0.0000000000000000e+00         0.0000000000000000e+00         0.0000000000000000e+00        -1.8082128592363284e-01         4.7285828985614113e-02
31                                     0.0000000000000000e+00         0.0000000000000000e+00         0.0000000000000000e+00         0.0000000000000000e+00         0.0000000000000000e+00         0.0000000000000000e+00         1.1777415854288339e-01        -2.2064752178245623e-02
32                                     0.0000000000000000e+00         0.0000000000000000e+00         0.0000000000000000e+00         0.0000000000000000e+00         0.0000000000000000e+00         0.0000000000000000e+00        -2.5921167957864805e-01        -2.1202736379244325e-01
33                                     0.0000000000000000e+00         0.0000000000000000e+00         0.0000000000000000e+00         0.0000000000000000e+00         0.0000000000000000e+00         0.0000000000000000e+00        -8.2849413829235528e-03        -3.5587241517920844e-02
34                                     0.0000000000000000e+00         0.0000000000000000e+00         0.0000000000000000e+00         0.0000000000000000e+00         0.0000000000000000e+00         0.0000000000000000e+00         1.7491746909866992e-04        -1.8621891327494436e-01
35                                     0.0000000000000000e+00         0.0000000000000000e+00         0.0000000000000000e+00         0.0000000000000000e+00         0.0000000000000000e+00         0.0000000000000000e+00         2.9198627022535019e-03        -2.2248101992397855e-04
36                                     0.0000000000000000e+00         0.0000000000000000e+00         0.0000000000000000e+00         0.0000000000000000e+00         0.0000000000000000e+00         0.0000000000000000e+00         8.0835702073288138e-03         5.9575329144564898e-02
37                                     0.0000000000000000e+00         0.0000000000000000e+00         0.0000000000000000e+00         0.0000000000000000e+00         0.0000000000000000e+00         0.0000000000000000e+00         5.5327769960374284e-03        -4.8373928763083017e-02
38                                     0.0000000000000000e+00         0.0000000000000000e+00         0.0000000000000000e+00         0.0000000000000000e+00         0.0000000000000000e+00         0.0000000000000000e+00        -5.4726056326175219e-03        -1.8685728594918802e-01
39                                     0.0000000000000000e+00         0.0000000000000000e+00         0.0000000000000000e+00         0.0000000000000000e+00         0.0000000000000000e+00         0.0000000000000000e+00        -6.8778979765368717e-02        -2.1827038919078310e-02
40                                     0.0000000000000000e+00         0.0000000000000000e+00         0.0000000000000000e+00         0.0000000000000000e+00         0.0000000000000000e+00         0.0000000000000000e+00         3.2550043897347981e-02         1.0255178444929998e-01
41                                     0.0000000000000000e+00         0.0000000000000000e+00         0.0000000000000000e+00         0.0000000000000000e+00         0.0000000000000000e+00         0.0000000000000000e+00        -3.5059575710485624e-02         2.1521528963466457e-01
42                                     0.0000000000000000e+00         0.0000000000000000e+00         0.0000000000000000e+00         0.0000000000000000e+00         0.0000000000000000e+00         0.0000000000000000e+00         1.5735511735958722e-02         6.1509465119170749e-02
43                                     0.0000000000000000e+00         0.0000000000000000e+00         0.0000000000000000e+00         0.0000000000000000e+00         0.0000000000000000e+00         0.0000000000000000e+00        -2.3252019623427017e-02         2.4065260950037809e-01
44                                     0.0000000000000000e+00         0.0000000000000000e+00         0.0000000000000000e+00         0.0000000000000000e+00         0.0000000000000000e+00         0.0000000000000000e+00         2.5635091023737053e-02         2.2331242064149902e-02
                                                         8                           9                          10                          11                          12                          13                          14                          15

0                                     -7.5524718073093104e-03        -5.0811421535511159e-02        -5.9025273674441947e-04        -4.4871034578330034e-02        -1.4673876707175906e-01         4.0931660297515715e-02         2.4289487997801437e-02        -2.4526492697139577e-03
1                                      8.7059381256764878e-02        -7.3385398698004117e-02        -1.1890807311425671e-02         4.5830712854688293e-03         6.6806063747316515e-03         1.2519298748657292e-02        -6.8826374519565144e-03         7.4722672515105150e-03
2                                      8.9725965431386751e-02         7.9627430380843911e-02        -9.0200520597546827e-03        -1.6421848069794888e-02         1.0385504045912633e-02        -1.9389441461804383e-02         6.7441457078498334e-03         4.1009708736833433e-03
3                                     -9.6397510955308387e-03        -3.7390805009114077e-02        -2.0738002190187465e-03         1.7843770523354504e-02         8.0641213279831189e-02        -2.9527676201553069e-02        -5.5790240548599185e-02         4.9805818901854076e-03
4                                      2.1784870241676142e-02         1.9780719577800386e-02        -8.6727966973334548e-03        -8.8485473230367206e-02         2.9401881028666140e-02         1.0433080533883383e-01        -3.5172231971947805e-02        -2.5581217372826145e-02
5                                     -2.4959975896547491e-02        -7.2899108440086444e-02        -3.3730999913902785e-03        -1.1863078802358122e-01         6.4551870861398644e-02        -5.0113127169663742e-02         8.6476670887281656e-02        -2.8000228735665732e-02
6                                     -1.8088533457888026e-02         4.4682266740791655e-02         3.3016896888226970e-04        -1.2961878336515683e-02         9.2835623630294073e-02         6.7896766619177040e-02        -1.2402917564541494e-01        -1.4171713851984628e-02
7                                      3.7061483401661391e-02        -4.6281535041170191e-02        -4.5233533643548188e-03         3.4437645822646003e-02        -8.3861322329725901e-03        -1.8574332845969356e-02         2.2373824836274262e-02         1.2833020008704087e-02
8                                     -2.7636921641588156e-02         7.0821868337901522e-02         3.6890752575645925e-03        -5.7474861873240669e-02        -3.7252226256035269e-02        -2.6114121080574700e-02        -1.2362324567693136e-01        -1.0277424273097212e-02
9                                     -7.1792008532180285e-03         4.1548241105435174e-02         4.3839830333902811e-03        -5.1776314110825540e-02        -8.7551269779724841e-02        -2.8747874355040601e-02         3.7798294141526842e-02         2.3909725246917929e-03
10                                    -7.9907122980156009e-02         4.7735257490218605e-02         5.6580902107939070e-02         2.1672875574316332e-02         2.4951585932535714e-02        -6.4289136096572372e-02         3.0159069897737090e-02         4.6323074666840144e-02
11                                    -6.8909279572670831e-02        -4.6570796459776909e-02         4.3169170338391509e-02         4.4469799489141849e-02        -3.8482482071453952e-02         7.4571668498389740e-02        -3.5477665821257512e-02         3.6210021650058155e-02
12                                    -2.0922318812068238e-02        -7.9355129056343024e-03        -1.1837517645399503e-03        -3.0235682326137062e-02         3.0674901917525064e-02        -8.8237006653817993e-02         3.2616916317578661e-02         1.3412179165442769e-02
13                                    -6.0232196479386414e-02         1.0253620276203308e-01        -2.4568706637426618e-02         3.3727771166632461e-02        -3.6094811731780307e-02        -1.1058338686906445e-03         2.0759562057663292e-03         5.0195781215591283e-02
14                                    -7.6394955735527917e-02        -8.9098213236922519e-02        -2.0213522795791163e-02         6.2447413928822006e-02         3.1776400875858084e-02         7.5850200751962334e-03         1.2789892331028364e-03         4.3007637461089286e-02
15                                     5.6033559818480426e-02         1.3541505074952168e-02        -2.6594183716794869e-04         1.1500934981873789e-01         4.1585062698056924e-02         2.8803890875230959e-02         3.9666892714097596e-02         3.0906739803645078e-03
16                                    -1.3119442382237207e-02        -2.9731756760531851e-02         1.3072424109309378e-03        -3.1753098395223188e-02         3.2152200930438729e-03        -8.3232734461150520e-03         6.8243101892899250e-03        -7.7503958039749441e-03
17                                     8.3608480240756497e-02         3.0168212840942146e-02        -8.1262157383285190e-03         4.9867414007266311e-02        -3.9214925586565683e-02        -5.9600414854064495e-03         9.0491503754436230e-03         1.1282647732878319e-02
18                                     6.1485390875516500e-02        -1.5879431117351775e-01        -2.5634526185419571e-01        -7.5518449330428200e-02        -2.0770184761953389e-01         1.4732695021992251e-01        -1.9077950820995299e-02        -1.6308528582425283e-01
19                                     8.4000972056275602e-02        -7.8638374038753525e-02        -3.9014177278646776e-02         3.1260119435151837e-03         2.8053411398140824e-03         1.8448247651555418e-02        -9.1984145970894944e-03         3.4711787181758171e-03
20                                     2.7819010201215488e-01         8.3793100367756931e-02         4.3374553324431236e-01        -1.3378885984800101e-02         2.8573122948581602e-02        -4.2003954995147426e-02         1.3194037214639204e-02        -1.5451266524707441e-01
21                                     2.6264592177870764e-03         5.1320718441702072e-02        -2.8837247264011108e-02        -6.4989532059442814e-02        -6.9149170543446797e-02        -6.3779349236491784e-02         6.5483104936281553e-02        -1.7720264129564554e-03
22                                     3.9374920532144440e-02        -1.5657970836411980e-01        -4.4525761282160548e-01        -2.0929034663355512e-02        -4.4247508185581687e-02         1.0157570404749854e-01        -4.3004285231105617e-02        -6.1903338696990939e-02
23                                     7.2149473300699943e-02         1.7084861461131978e-01        -3.4201291765140740e-01        -6.2377470801707857e-02         8.9935167798120344e-02        -1.1160277670366217e-01         4.1535394295702487e-02        -4.1445314469589420e-02
24                                    -8.8007507485234213e-02        -1.3309967775060361e-01         2.7861251715962726e-01         1.7094217077807533e-02        -2.3403604339856707e-01         1.3276481426841161e-01        -7.2045429999337170e-03         1.3700077613678216e-01
25                                     2.7273736157107065e-01        -9.2403866746786606e-02         3.8648682981288962e-01         6.1602004573067222e-03        -6.6514070293519285e-04         2.1620382083994319e-02        -1.3074115038340774e-02        -1.6170873002107933e-01
26                                     4.6184588329208062e-02         9.6575738480583442e-02        -1.6457481755262768e-01        -2.5252595827806420e-02         2.4961504726330734e-02        -3.4941441652423327e-02         1.2990994982560908e-02         3.2874986088374594e-02
27                                     8.3820415359177874e-03        -1.4316630165892502e-01        -5.3119099638129080e-03         5.6488777577267758e-02         1.3164291481159415e-01        -3.6604466979906325e-02         9.8316028447077083e-03        -9.3549346304293082e-03
28                                     9.0027699992324836e-02        -1.2824421087027452e-02        -1.5889025849717422e-02        -1.2038264966227548e-02         3.9322279324242912e-02         9.1825842692761797e-02        -2.0075419763863490e-02        -5.7133317037102845e-02
29                                     5.2004453587514037e-02        -1.0642103804850046e-01        -1.1342024248872869e-02        -3.4788955370422245e-02         7.4688249070343979e-02        -6.4025920117468479e-02         9.7033302529687115e-02        -6.4745626175117463e-02
30                                    -5.9636791379437788e-02         8.7984719377453877e-02         3.9171122651831406e-03        -7.1219110404856317e-02         1.9151886440885274e-01         2.5295427354629285e-01         4.3786664596521301e-02        -1.9291492414628221e-02
31                                     9.4436043530834693e-02        -1.2583058483876947e-01        -1.2749450621050143e-02         9.1905756568858840e-02        -1.4549202182723603e-01        -3.1403248725983074e-01        -2.9218199611251600e-01         9.3502671630776094e-03
32                                    -7.2755751245208000e-02         1.9993118279645378e-01         2.2011417916879893e-02        -2.8716010731130330e-02         1.0272885772163004e-01         3.9335174319977151e-01         4.9848913730197775e-01         2.6923376883707353e-02
33                                     8.2589759399278886e-02         9.6414922435712910e-02        -4.1322681280759862e-03        -9.1620238486713163e-02        -1.2124804709540131e-01        -3.7142802190912892e-02         5.2159071416820434e-02        -2.7361491680483945e-02
34                                    -2.1405008999715003e-01         4.3605928799424112e-02         1.4350499933089481e-01         2.6669078069682911e-02         1.5454018996095036e-02        -6.1173786593111970e-02         2.6566730573482810e-02        -4.5245355991805386e-01
35                                    -4.0785068914387185e-02        -5.0807467058538294e-02         1.9544802624770125e-02         4.6963631282347089e-02        -3.1773363188831609e-02         7.3513149886389448e-02        -3.5303042485754312e-02         1.7452769790337400e-01
36                                    -8.3590982667811453e-02         1.2235267868512174e-01         1.8290656642237828e-02        -5.1468617977795388e-02        -1.2505857775057780e-01        -3.5668869531426027e-02         5.3059426983511293e-02        -1.1993833488631176e-02
37                                    -7.8631708802469238e-02         4.9029024995153651e-02         5.4900189042705064e-02         2.1610098872990220e-02         2.3438668377093123e-02        -6.2875593406996166e-02         2.9999806392515621e-02         5.2511581733008496e-02
38                                    -2.0129692805545812e-01        -5.0790868079416567e-02         1.3243729981345215e-01         4.8382207931448949e-02        -2.5150886937700276e-02         5.4668436574623350e-02        -3.2835932850724968e-02        -4.7921323877364180e-01
39                                    -6.4397515245983999e-02         1.2614623488697994e-02         1.2909234880372419e-02         7.1767046022747777e-02         2.2443111296999427e-02        -2.1374873154409554e-01         1.2246114417356577e-01         8.4735702848125288e-02
40                                    -5.9578644937507676e-02         1.0211049506991807e-01        -2.7426376289573843e-02         3.8705627679326657e-02        -3.7017399727688381e-02        -1.4500618615629637e-03         6.0042157248027623e-03         3.8119552801219182e-02
41                                    -1.0230170504814802e-01        -3.1633680606222361e-02        -1.4831553199043740e-01         2.9243551127963041e-01        -5.3332254834747607e-02        -4.2672553085969012e-02         4.7786462225163577e-02        -3.6967623345720058e-01
42                                     6.4257269132519798e-03        -3.2507114800129695e-02        -2.5204910871139120e-02        -1.6223935956286284e-01         1.1066784297147947e-01        -1.5424602604679713e-01         6.4106893757960776e-02        -8.7494370476336403e-02
43                                    -8.8795182103412057e-02         1.4306046019331786e-01        -1.4782284171511959e-01         2.7804631870061397e-01        -1.0187199051469575e-01        -5.3627981743940345e-02         5.7058705526712751e-02        -3.3446018132311861e-01
44                                    -6.9444857965310691e-02        -9.7801234459615638e-02         1.7668647894564869e-02         5.3400791466638843e-03         4.2653347983267455e-02         2.8696230980218358e-02        -1.6752929259777862e-02         1.5949493834054945e-01
                                                        16                          17                          18                          19                          20                          21                          22                          23

0                                     -3.0771591345312146e-03         3.5201496189000395e-03        -1.0309461325378454e-01        -6.3007565576961910e-02        -8.4427902249338604e-02        -3.5781679335825621e-02         2.0663468982850160e-02        -1.8458810193592238e-03
1                                     -3.3978298326862881e-02         2.4137000396114952e-02        -1.8723814716550401e-02         4.2132385301411827e-02         3.6901616822107762e-02         3.9834264045397257e-02         5.4684854191734258e-02        -3.5077079176355705e-02
2                                     -3.2685699508908352e-02         5.2113344968084162e-03         2.9101669206364190e-02        -1.8761721655341502e-02        -8.2025520759726980e-02         1.1954984758023634e-02        -5.8715161444417699e-02        -1.1473314634419082e-02
3                                      9.3063367791502254e-03         8.1130927094540117e-03         1.8535516971517566e-02        -1.5560597159373551e-02        -3.0480930282739634e-02         5.0037378736468498e-02         4.2013067527464226e-02         8.0973499434331048e-02
4                                     -1.2702649401773737e-02         2.7887842712109180e-02        -2.6946225316310950e-02         9.2791877345391932e-02        -2.6116231130526163e-03        -5.4876036471470081e-02        -3.5614423936673197e-02         5.1855022723450599e-02
5                                     -3.8955198876270226e-02         1.7330199137258209e-02         4.5985801477299998e-02        -1.0333760658984503e-01         1.4779202137392851e-02         2.2615674330921813e-02         5.6148881909329783e-02         5.0690681912242977e-02
6                                     -1.6191706275343328e-02         2.2227629265738336e-02        -5.0596848871730642e-03        -5.5799114039676141e-02         1.1289791510965120e-02         6.8222415625754981e-04        -6.9555441565411352e-03         1.7298799454565587e-02
7                                      2.3093535760366293e-02         2.9459035960143796e-02         8.0171001644366285e-03        -1.1067601691923570e-02        -1.4440710775954482e-02         2.0704683169059657e-02         1.1231314162841113e-02         1.0117660008348971e-02
8                                     -2.2171206241748006e-02        -5.4045957348888528e-02        -2.1399866935011228e-02         3.0769541080740277e-02        -1.7284043503191676e-03        -2.2448119339746613e-03        -1.2321949039404215e-02        -4.9413312582399635e-03
9                                      3.0019398128333408e-04         5.4675905125107583e-03        -5.7886728476491131e-03         5.1506227069320912e-02         1.4436044254449718e-01         7.2962142936915983e-02        -4.7372240000860431e-03         4.5856627889793063e-03
10                                    -3.0365484725695117e-02         2.1276573607478260e-03        -5.1258349881589796e-02        -4.6591626939597189e-02        -5.3448695967492727e-03        -1.9922622682216260e-02        -9.1324330118970051e-02         6.0901764451453892e-02
11                                    -2.6195270269323497e-02        -2.6674943866016902e-03         6.7189317197774129e-02         2.9315650552523099e-02         4.6358021606578322e-02        -6.2289253691391586e-02         9.5217186834815379e-02         1.0924017868539429e-02
12                                     2.5921164207694230e-02         1.5526042817263039e-02         5.0917112155862976e-02         1.1716154924427338e-01        -2.1970500913155461e-02        -9.9208985573719932e-02         2.5283947290412171e-02        -4.1441922231158654e-02
13                                     6.3957872374690097e-02        -4.4295382286502989e-02         6.4522373676595149e-02        -4.2222051123094365e-02        -5.2612333434804467e-02         5.1565652176484338e-02         9.3451353168515022e-02        -4.2197633220830963e-02
14                                     7.3991944167600326e-02        -3.7070701252282876e-03        -8.6969657280107360e-02         5.3423904354321337e-02         7.1816598301806785e-03         5.3989394344866715e-02        -9.5900244176718552e-02        -4.0320592042430471e-02
15                                    -1.0071182097908263e-02        -3.9535305031156903e-02         3.9787356461205083e-04        -1.5195532421479540e-02        -2.2597580738518940e-03         1.0823608168502735e-02         6.7618576799922140e-03        -2.0836142261780689e-02
16                                    -9.9276301803631044e-03         1.7328407486271135e-02         4.7446414413320499e-03        -3.3383867484958300e-02         3.1503454954366766e-02        -2.8555845523634018e-02        -1.6323356495235471e-02        -5.7475497495545633e-02
17                                     3.0125258969503851e-02         6.8900594187907574e-02         7.5007914821636212e-03        -9.8788575924249195e-03         1.0508250845655636e-02        -1.1822614986609711e-02        -1.1830981205801998e-02        -1.8782566214798100e-02
18                                     2.7406722628422991e-01        -1.6176157910136668e-01         2.1328466537402721e-01        -1.7746625726976056e-01        -1.2565045040055842e-01        -1.2865484399366153e-01        -2.6611921243702158e-01         1.3528871583196500e-01
19                                    -2.5823426621443987e-02         1.6944848553119157e-02         2.2466554375268036e-03         3.7744403752726287e-02         3.5185955761062912e-02         3.9800254475977570e-02         3.5460728017077614e-02        -2.7938999789499062e-02
20                                     2.2222536485024949e-01        -7.5194898270163846e-02        -6.9202043449508324e-02        -7.4208987663323817e-02         2.2273023873933578e-02        -1.2456251187162268e-01         3.2583872770795240e-02         6.8687194409767172e-02
21                                     3.4406421989874120e-02         4.5917365181872151e-02        -4.3596691391485054e-01        -5.2242875805533273e-02        -4.4847084698018368e-03        -7.7237507183349138e-02         2.2504119790372923e-01        -2.5319088095929122e-02
22                                     1.2572727517114277e-01        -8.8021554967630616e-02         2.4829157291768736e-01        -2.1802185990008691e-02         3.9253057498150959e-02        -2.1343419864344428e-02        -1.3190513532226392e-01         7.2849628561372212e-02
23                                     1.2981876896003486e-01        -8.1328566468743761e-03        -2.7239281088903444e-01        -4.1888235831387892e-02         4.0704597622231220e-02        -9.1525150596525343e-02         1.2319514532737683e-01         2.5037114118895448e-02
24                                    -3.1255533082012699e-01         6.7463692768599162e-02         1.9165144935720685e-01        -3.5532443094105873e-02        -2.9355324009621697e-01         1.0246149596952710e-01        -2.2073945098071071e-01        -5.6513423106737633e-02
25                                     2.2628682807011938e-01        -9.0370486520238019e-02         6.8244794004540296e-02        -2.8831450632238846e-02         1.0660425935387306e-01        -5.5243201363393557e-02        -5.7137985078031112e-02         8.3473698600398133e-02
26                                    -6.2378402134285561e-02         2.8444714240054129e-02        -3.9462622427527551e-02        -3.4794455944566530e-03        -7.4160073939505231e-02         1.6047772544031485e-02         8.8851357358243118e-03        -3.6880112714289710e-02
27                                    -2.3741897857620091e-02        -5.6969464692165704e-02        -3.8626133254089326e-02        -2.5342630372217373e-02        -1.2764600627898907e-02         1.0168069280269684e-01        -1.0366699868500402e-01         1.3301784586360743e-01
28                                    -1.9966102654568385e-01        -5.1077252649597016e-01        -1.1032409747895429e-01         1.1665217251432959e-01         2.3667000410197196e-02        -5.5068881593831311e-02        -5.1065299933682154e-02        -1.4343843953718663e-01
29                                    -2.5196719577603927e-01        -5.8804356421838055e-01        -4.6013147284505881e-02        -8.2406567638829101e-02         4.5619351452782543e-02         2.6389492932883566e-02         4.7689116869327641e-02        -1.6176538959204131e-01
30                                    -6.5808688747080312e-04         1.5684912883388888e-01         1.8226093876534837e-02        -2.3470531857067806e-01         1.3526504155433633e-01        -7.9275797621500471e-02        -9.3685361211760493e-02        -3.7142052229673694e-01
31                                    -7.4078440831039294e-03        -9.8369339450759999e-02        -1.3407069517390641e-02         1.1969380376452221e-01        -1.1446281730380509e-01         8.6583379814857989e-02         8.7914969520244440e-02         3.5023180937847159e-01
32                                     3.8572744890937802e-02        -1.0346309062203123e-01        -2.8201541624418330e-02         2.7669903806302765e-01        -1.4974497539432352e-01         8.9443832334868703e-02         7.3048536387794127e-02         3.8844545254312651e-01
33                                    -2.7566267464866162e-01         1.0441346800749370e-01         1.4804625397045706e-01         1.0854702081123715e-01         1.1961139804429373e-01         3.2865148014068779e-01        -1.4987920168528446e-01        -4.2871806409084418e-02
34                                     1.5326601670395901e-01        -2.2157675820588672e-03        -4.2239849453749589e-02        -2.1647575280434587e-04        -1.0264110607833071e-01         1.3129852478942608e-01        -3.4829432630813749e-02        -8.9680928667015158e-02
35                                    -4.5651778213831172e-02        -1.2680640588071902e-02         4.8357781719606259e-02         1.2059790974305606e-02         7.5630021109131973e-02        -1.3002671246757611e-01         9.7834656265807146e-02         5.5352721064125025e-02
36                                     2.4934919028349392e-01        -1.6633242707594867e-01         1.7384982269868116e-01        -6.5304405660439810e-02         3.0873907025525160e-01         1.0058697779143121e-01        -1.9637288410423318e-01         1.0401091964840607e-01
37                                    -2.6501863047510937e-02        -2.8887440399496143e-03        -4.7366389481892084e-02        -5.0922603369883371e-02        -2.4712709316929322e-03        -1.9101096787424703e-02        -9.7138768205675949e-02         6.4962173296063921e-02
38                                     1.4507780950695709e-01         1.5594374887694497e-02         4.8130701116517932e-02         1.0703472415795473e-01        -7.3170683406228204e-02         8.2384266253514762e-02         1.4299583381243006e-01        -1.5696813710086779e-01
39                                    -1.3740557173119354e-02        -7.1836114646056354e-02         1.4096296354223634e-01         3.2764760824481903e-02         4.9227358250235671e-02        -5.0883916259908668e-01        -1.5743360706277304e-01        -7.5528880247686453e-03
40                                     5.1886231211625604e-02        -4.3839298332776951e-02         6.4270488723611560e-02        -4.0614714015827419e-02        -5.2160982390496186e-02         4.2810865330843044e-02         9.2994230704102065e-02        -3.7320493730769538e-02
41                                    -2.6569218191271643e-01         1.4432119180866698e-01        -7.7813449508272306e-02         3.7197640730166077e-02         1.0631072826794795e-01        -5.4472030734595660e-02        -8.6086541513104617e-02         1.1251984968388755e-01
42                                     3.4650828432828455e-02         5.6132802303964079e-02         1.1238917626146147e-01         2.8175241031295317e-01        -3.6419087823771684e-01         1.2358749800758576e-01        -5.3250130172926062e-02        -2.4774663121307097e-01
43                                    -2.5941664288842431e-01         7.6017473221410045e-02         4.5587220779144524e-02        -1.9394191963502935e-02         2.1083892260014513e-02        -1.4102280938251496e-01         2.8380754948651075e-02         9.5762414899857207e-02
44                                     1.6015094148416839e-01        -4.3083404025435187e-02        -8.6483529179942106e-02         2.8147918067683828e-02         2.3669735223534459e-02         8.7684015418042119e-02        -6.6821764134970971e-02        -5.4453433839252101e-02
                                                        24                          25                          26                          27                          28                          29                          30                          31

0                                     -1.0359142942338176e-03        -2.0332524683217532e-02        -3.1517429069766369e-03         6.8733280250201876e-06         7.5939365093357211e-03        -5.0749778669523455e-03        -1.1999156273482305e-01        -1.2145728479248873e-05
1                                     -6.0102778308819445e-02        -4.4693119845873854e-02        -2.2270225041023346e-02        -3.5666342490433163e-02         2.0797016332140361e-03        -2.1844305861570056e-02         3.7926524603441272e-02        -5.5001655574411421e-04
2                                     -6.1910884400067909e-02         2.4778792925157705e-02         8.2686926429003556e-03        -3.9984146952983537e-02        -3.6377384378096307e-03         2.9736937744077686e-02        -3.8825924488400866e-02         6.0691993701092830e-04
3                                     -4.5748716387133091e-03         9.5683695970051746e-03         3.7197327044742851e-02        -1.1258319459343113e-02        -6.3098109822693288e-02        -4.2350448298368266e-02        -3.3289134978861309e-03         1.2407531736719907e-02
4                                     -1.9041800708243451e-02        -1.2825743534849209e-02         9.4229960989799747e-03         1.2423638653798318e-03        -5.0469050499883428e-02        -1.2611745740463280e-02        -4.1099089858406606e-03        -7.1778156798726596e-03
5                                     -1.6129135031826544e-02         6.5623751401811736e-03        -2.6457560513058160e-02         8.3738847247266275e-03        -1.9220741599798599e-02         8.9032400984586993e-03         1.6631632079624481e-03         5.5994411571541093e-03
6                                     -1.7814606868689374e-02         4.2079730904220908e-04        -8.4546711837066912e-02         3.1174820922325604e-02         1.0418562415399511e-01         4.8786436729656747e-02         5.2167609362571187e-03        -1.4434602040798712e-03
7                                      1.4833298957593843e-02         3.9198009800570166e-03        -5.3669361879139690e-02        -7.4225200611546006e-03        -1.2228528200499104e-01        -7.5257963846291651e-04        -7.6013096140788603e-03        -6.1801665767849982e-03
8                                      1.0649443338914429e-02        -1.7135000766946726e-02         3.8525680981933735e-02        -1.5792605996111916e-02        -9.4926318867684878e-02        -1.8831944008994253e-02        -4.8119010827868663e-03        -1.5658944271127180e-03
9                                      2.1948196786608309e-03         4.7107915884889134e-02         1.8970202816836704e-02        -1.4772591853792314e-02        -2.6129282333891387e-02         1.3921563140498655e-01         4.7683654991284408e-02         2.2032687893443068e-02
10                                     7.7714965079309181e-02         3.9510944638735099e-02         6.8366444644843132e-03        -1.8663611860261872e-02         5.9639631824935820e-03        -3.9980937592037254e-03        -4.4265248383610501e-03         4.4156136966713808e-03
11                                     8.0502448095121484e-02        -3.2455216962096134e-02        -5.8521126928921911e-03        -6.5354857150481194e-03         1.0729285099941005e-02        -1.1245791656418163e-02         9.4872667892077452e-04        -3.1710555468319602e-03
12                                    -2.5861271965470393e-02         9.9604411114080055e-02         5.2561836571574712e-02        -1.5429556576430451e-02         3.7911059566779960e-02        -8.7148821851915581e-02        -1.3791388882994669e-02        -1.5279728149973710e-02
13                                    -1.0452143626536908e-02        -1.1646489287516094e-02         2.8479515120110835e-02         4.0636568869535782e-02         3.4581863744583170e-03         1.6904840209848192e-02         5.0049031743214650e-03        -4.4106279437542827e-02
14                                    -1.7148868162316994e-02         1.6012388768587526e-02        -3.1565539670007789e-02         3.9852832935261435e-02         9.1924062270093063e-04        -4.7153954297131815e-03        -3.6308167020606924e-03         5.6932801364007392e-02
15                                     1.2427184700754983e-02         6.4941894142622253e-03        -1.2840499262969813e-02        -7.5188900670681005e-03        -3.8823523131310149e-02        -4.4473172490909815e-03        -1.9988802417575590e-03        -2.4623837493704067e-03
16                                    -6.4445106600315074e-03         6.6649264664970648e-03         2.8457939036048242e-02         6.0408555064166963e-03         1.0572345459821739e-01         2.5544547427583512e-03         5.7753417063712825e-03         5.5820957189187661e-03
17                                    -4.6851107718478800e-03        -3.7610517394311991e-03         2.1269165234471608e-02         4.5052432627445413e-03         6.2742364934837105e-02         3.8095918878958495e-03         3.5323275722970930e-03         3.5904228568874753e-03
18                                     1.4967214907793017e-01         1.2028553839660255e-01         3.6958425288277780e-02         9.7500292137430306e-02        -2.5273513841762647e-02        -6.6549832922308233e-02         4.6467036922851063e-01        -2.0071094334007392e-02
19                                    -5.5487165637660110e-02        -3.1572594640061617e-02        -1.7113250003690430e-02        -3.8041218378348271e-02         4.4786292314153288e-04        -1.2838721868895370e-02         4.5703436469265321e-02        -1.0022477372480705e-03
20                                     1.7815968004471261e-01        -1.8106971339010711e-02        -2.4286797728117183e-03         9.8838624045766266e-02         2.1609376769725592e-02        -1.3650048100347531e-01         1.5949033544842126e-01         2.1419655120138107e-03
21                                     4.1732642109305343e-02        -1.3586342345862087e-01        -6.0411528574985267e-02         3.2758356896513810e-02         1.1119244565865218e-02        -1.4709432017980983e-01         2.7391992604088777e-01        -2.3735385800223326e-02
22                                     1.2003177564405623e-01         9.4730006095182326e-02         4.7366788997461079e-02         3.4519433185900061e-02         9.5645595356345856e-03         8.2970470027738177e-02        -2.5007902442334329e-01         2.0143798298412167e-02
23                                     1.2242728603019751e-01        -5.0378338314871089e-02        -2.6055909216389565e-02         5.4378256149063844e-02         8.3253537399227608e-03        -9.9606331155139297e-02         3.0636326872676745e-01        -1.9238398753072088e-02
24                                    -1.9393879693138630e-01         4.2904072167351696e-02        -1.1355477201545243e-02        -1.1201847661134838e-01        -8.5343527242266685e-03        -5.6947680500811539e-02         4.5399874414421254e-01        -1.6572280069210448e-02
25                                     1.5115326538658583e-01         8.9020120712327552e-02         4.4433851034534615e-02         6.3460751644032629e-02        -1.4054199447792756e-02         1.3789337432751556e-01        -2.0302601875926501e-01         1.2738322573671119e-03
26                                    -8.9572261021218985e-02        -2.6642123578814840e-02        -1.2831636123870900e-02        -5.3722177060872699e-02         4.6447208328182603e-03        -1.6911976515371355e-02        -3.3339901520545445e-02         2.1723556845087040e-03
27                                    -3.5158612882226418e-03        -5.0747426588422417e-01         7.0976678381165159e-01        -7.8268414244056419e-03         1.1550938197222325e-01         9.6673042732927844e-02         2.8669597327103623e-02        -6.4469793427907171e-04
28                                     1.0077227412868605e-02         4.0846733488467672e-02         1.7039540229591862e-02        -1.0248103253957177e-03         4.9735113148222862e-02        -1.4539659516739627e-02        -1.7884455969789114e-04        -1.3736715076694403e-02
29                                     1.6671177410790140e-02         8.5677355500952790e-02        -5.5384062498618762e-02         6.2825923670352156e-03         7.8427918703459415e-02        -1.2351877175166154e-03         3.1397044329393533e-03        -8.3376035786914904e-04
30                                     8.2127763989327057e-02        -9.1592155684831703e-03         4.8097150905809606e-02        -5.5259318851944267e-02        -2.3159692567541490e-01        -3.8600848057926844e-02        -1.3590768928727785e-02        -3.1663062163853656e-03
31                                    -8.0619288140368589e-02         1.3737784471178752e-02        -2.0348248519035872e-01         8.1012117268193087e-02         2.1006315983511131e-01         9.6134810224432460e-02         1.1214906181662671e-02        -5.0402896548048986e-03
32                                    -7.1431009681497890e-02        -8.7083971070771506e-03        -5.3562088128486340e-02         5.1235825188941687e-02         1.5463369612767006e-01         4.0237009695946797e-02         7.7109837848716367e-03        -2.8123752858184321e-03
33                                     2.0925839428566306e-01        -1.2221201152077479e-01        -5.4861706148852697e-02         6.2569828767179514e-01         2.3879414084596332e-02        -4.1675235570451652e-01        -1.1482270971135190e-01        -4.7652454144424129e-02
34                                    -1.7842838514024972e-01        -9.5480034333385120e-03        -4.9566129283990217e-03         4.1666889092269482e-02        -1.9566388689789806e-02         8.8449967669835382e-03        -1.6376546088493857e-02        -7.3509640526118442e-02
35                                     1.3033937318630698e-01         8.5735604572720412e-04         3.8663619944771768e-03        -9.3110683502609815e-02         1.3517707214374799e-02         4.3395747614694231e-02         2.4445832282256084e-02         2.8132814566009842e-02
36                                    -1.6140416775829819e-01        -3.5144055618759790e-01        -2.5180197025517809e-01        -4.6514670698248123e-01         1.1250487378290490e-01        -4.2578026885979470e-01        -1.0820732122660051e-01        -2.1396531265877702e-02
37                                     7.9620837582788997e-02         2.9946040635790407e-02         2.7972638609680429e-03        -2.9246596504094266e-02         9.7515411223390389e-03        -1.4171498380145881e-02        -1.0293580294725487e-02         1.9453921477059543e-04
38                                    -1.7630860084425742e-01        -7.3888732939173286e-03         1.8750435706129005e-02         8.8497962127112431e-02        -1.9532978774988351e-02         4.0132757634100624e-02         2.9943145366317512e-02         7.1850478098018422e-02
39                                    -2.9578597692728725e-01        -4.3186305784040224e-01        -2.1654488546743786e-01         3.4937180989038974e-01        -1.8874150427134639e-01         2.5930757103560459e-01         2.1859215257432289e-02        -6.5787959218854136e-02
40                                    -8.0850840226364025e-03        -1.1083644818889928e-02         2.9788904446842575e-02         4.0987312553279726e-02         4.4740791192211769e-03         1.3107453747304239e-02         6.8216493976217679e-03        -2.9983262450514699e-02
41                                     9.3503722851171284e-02         5.1074546745059193e-02        -1.0643341619243950e-02        -1.4461086882317006e-01         1.3433159138530186e-02         3.1197312084256669e-02        -1.1733719124686078e-02        -6.6425426604152527e-01
42                                     5.3574038452426509e-01        -3.3318127232786893e-01        -2.4663958262525501e-01        -2.2325887855567517e-01         8.6881114435245210e-02         2.2970409844674416e-01         2.8665449046009001e-02         2.7144067409443629e-02
43                                     2.8854636730963196e-02        -1.5217110433849396e-02         4.2150996968211918e-03        -5.2407825128600982e-02        -7.0288198535437352e-03        -7.2203589632241799e-02         5.2828369958706160e-03         6.5172507549862346e-01
44                                    -8.1323645636262099e-02         5.9962271522908117e-02         4.2339451141122156e-03         8.8541626076452981e-02        -6.2219690249605145e-03        -7.0149410120954360e-03        -9.9695064564104176e-03        -1.7004785056056132e-01
                                                        32                          33                          34                          35                          36                          37                          38                          39

0                                     -9.6676074453413072e-03         5.6342422537671954e-04         5.1515211700547689e-03        -1.8499405531471405e-02         5.9576546032164327e-04        -2.3248795021634620e-02         3.0484598136790289e-02        -1.1798907190376650e-03
1                                     -1.7248133874959375e-02        -2.1810448192033163e-02         3.2726315478730908e-02        -1.5261211217274728e-02         3.3026300308695885e-05         1.6434701418967360e-02        -1.4059168628539257e-02        -3.3873811325014487e-03
2                                      1.9916612548886978e-02        -2.7676200907679624e-02         1.0375899837906896e-02         2.7242054251824632e-02        -3.9292208621292962e-04        -1.9828383254432234e-02         1.3458592693272807e-02        -1.8059246980730965e-03
3                                     -1.8072973640885424e-02        -1.2009690455493256e-01        -1.1622883082145842e-01        -5.8512072346620980e-02        -1.0161994141034910e-03        -1.7046612803193358e-05         5.3941057369943713e-05        -7.0656244034179568e-04
4                                     -2.5365443745264974e-03        -1.3747052920931932e-02        -1.5671467332859765e-02        -8.3932584651081540e-03        -4.8886062793634488e-05         1.0196155125189719e-03         1.0556296629962067e-03         2.5948075586392958e-04
5                                      4.2929752191789078e-03         2.3711025931395319e-02         2.1281443446020287e-02         1.1124570721915755e-02         1.2450461428940446e-03        -1.0772698808537596e-03        -1.2159483283768120e-03        -1.5389246968721666e-03
6                                      8.6942268843525940e-03         5.6800511688647463e-02         5.5641423598145279e-02         2.6772898120215063e-02         4.1475816798186826e-04        -1.1325215919510043e-04        -6.6219545710556954e-05         4.7434034756790140e-04
7                                      1.1953975040412302e-02         7.7313144790189220e-02         7.2482820855966495e-02         3.5389078445458265e-02        -1.0373459125156170e-03         2.2511937582823410e-05         1.0056999642019156e-04        -2.5132405011236227e-04
8                                      1.4288046787382608e-03         9.4973627123286272e-03         7.4579134072892987e-03         3.6645967414095401e-03        -4.0089948418357022e-04        -4.4109187133525405e-05        -2.2396237915222723e-05         1.4342202540366676e-04
9                                     -2.4469323820989826e-02        -2.1653068960173459e-03        -2.8779920260584295e-04        -1.4743989264564616e-02         2.1177808954676587e-04         6.1471960288912364e-03         3.9818072486286779e-03         3.7798558523280976e-04
10                                     2.9832833793598103e-02        -7.0728036354991706e-03         2.2878913786122796e-02        -3.6083780816583928e-02        -5.9608659813586741e-03        -2.6115789889606729e-02        -2.2193340522570354e-02         2.6608256139399926e-02
11                                    -3.8163393762199543e-02        -1.3083603259522509e-02        -2.8393166507318709e-03         5.3515238279048090e-02         8.3103487716111816e-03         4.0816085560850909e-02         3.6777457045933312e-02         7.2203231831227139e-03
12                                     7.6226019041700354e-03         4.9911850355665158e-02         4.7139592824738397e-02         3.4795135857261766e-02        -4.5221199537519496e-03         6.1076994498155876e-04         1.5144185894869604e-04        -4.7603147275285486e-03
13                                     7.1290230814734061e-03         1.3179541535654363e-03        -3.2932246155116820e-05        -3.8447658499911508e-03         3.7175868115466131e-02        -1.0844278272421112e-02        -1.1165415051898438e-02        -6.6563428939547489e-02
14                                    -8.1186496591523355e-03         2.7528993565590393e-03         9.4935994823036610e-05         4.2785455482650930e-03        -5.4318730037030097e-02         7.7238822262165976e-04         7.3578793546832022e-04        -4.8035224860389733e-02
15                                     1.3064858305202873e-03         6.2477212192577139e-03         5.7779154441812176e-03         2.3841179239580943e-03         1.0107774677135676e-03        -7.3535496082847740e-05        -9.2700310321767405e-05         2.5766300256390704e-05
16                                    -8.3892992507367623e-03        -5.3290142878500951e-02        -4.9377408349564333e-02        -2.3901753598198884e-02         6.5226483432501126e-04         4.8715030319360653e-05        -7.0638906122423087e-06         3.2238246686909874e-04
17                                    -4.2639305419973723e-03        -2.5575676534420728e-02        -2.3485356484812508e-02        -1.1166996710106895e-02        -1.6132949076158609e-04         4.7197212511648397e-05         2.7360131154605238e-05         1.0380165784383528e-04
18                                     7.0282981548950201e-03        -3.2132594611776744e-01         3.1592025571041948e-01         7.6759326920496515e-02         1.8777268206069374e-03         1.2047532661368146e-02        -1.1807830435517851e-02        -2.2344618640691843e-03
19                                     5.2904641037395776e-03        -3.6089296807805565e-02         3.1663552238450077e-02         1.0998377318782662e-02         3.8883999057580535e-03        -4.1883131941828267e-01         4.4270488179023337e-01         2.7911610113269921e-02
20                                    -3.9944210410173259e-01         2.5976046969735161e-01         4.0698691880844767e-02        -4.4506088714629433e-01        -6.0752408721838598e-05        -2.0915477742634969e-02         1.8861805006664106e-02         5.3506983125808938e-04
21                                     1.4979016866820768e-01        -1.9780774203914345e-02        -7.8975598115120532e-02         1.5416550723091668e-01        -6.1717645167682425e-03         2.0522119364847768e-01        -3.0039492000504936e-01         1.1232446207441486e-02
22                                    -1.0251259102492176e-01         4.2529866204369410e-01        -3.3398550852885095e-01        -1.8905275647748612e-01        -4.9648221749529139e-03         1.0127077119616117e-01        -1.5145628319868312e-01         6.0913506511880945e-03
23                                     1.6412653979864780e-01         2.5159723586601224e-01        -3.5069381633283869e-01         1.3631499092417099e-01         6.9955805299497346e-03        -1.4900647392141239e-01         2.2173683029848074e-01        -9.2030513960767064e-03
24                                     6.7472207560687919e-02         3.1292188109117791e-01        -3.3424722441643223e-01         2.4961699060490044e-02         2.0863865983054681e-03         4.8806738274934529e-02        -4.6689108333692955e-02         5.1518885175244594e-03
25                                     3.9339419731582520e-01        -3.8495647449472786e-02        -2.4378112270683169e-01         4.0069390401054011e-01        -3.3633707507562077e-04         1.2593161028651190e-01        -1.2299552470674625e-01         8.8368938356172422e-03
26                                    -1.1789927334578372e-01        -5.0874250836856004e-02         1.2859172446211911e-01        -1.0987611488790150e-01        -1.0197484649308202e-03         4.0316395841651687e-01        -4.0099009500371441e-01         3.3910969350590348e-02
27                                     3.6633893766746389e-02         2.1143006371928125e-01         2.0165934053407705e-01         1.0342014489570472e-01        -2.5929899460443233e-04        -1.3497834250034495e-03        -1.8802933434673254e-03         9.6782974416179048e-04
28                                    -4.6859212892969709e-03        -3.0882269997413770e-02        -2.7933795663837507e-02        -1.5183954412810690e-02         1.2008505028005840e-02        -1.6106187047316724e-02        -1.5233838772078094e-02        -1.2955723500854237e-02
29                                    -6.0071612205593312e-04        -1.4066015133458402e-02        -1.0660208738804440e-02        -5.3037689727054417e-03        -1.1573626767625068e-02         1.4074373931656623e-02         1.3392385303771570e-02         5.4582234608183955e-03
30                                     9.7381151017593860e-03         6.2984762154631876e-02         5.8382325256268255e-02         2.8367446350221287e-02        -1.3384575904674371e-02         7.2302377002977914e-04         1.6846019138483180e-03        -9.2925326484846207e-04
31                                     1.6060126437115772e-02         1.0568389901874133e-01         1.0276196719694758e-01         5.0480845833216402e-02        -9.4015818340379715e-03         6.1686742685709362e-04         1.0902540661378714e-03        -1.0651513294516770e-03
32                                    -7.8988465212357500e-04        -4.6920071826347057e-03        -2.6104159220653607e-03        -2.2624487653121060e-03        -3.4369831333783936e-03        -6.5992264876391573e-05         2.2423063334399635e-04        -1.9020087604969173e-03
33                                     6.2091974638839066e-02        -2.5519099925758973e-02         2.1996473460986595e-02         3.5630267581088601e-02        -1.1641068532992080e-02        -5.5078459257954668e-02        -4.8232845191701464e-02        -1.2361774035578399e-02
34                                    -5.0042544996891758e-01        -1.5448018953349416e-02        -1.2055488292434921e-01         4.0140795046465966e-01        -3.1828755425087639e-02        -1.5494735611428540e-01        -1.4117239935640233e-01        -1.9917422150258667e-02
35                                     1.1826102124735484e-01        -9.6731877736827027e-03         3.9657670589534511e-02        -8.5636402917868601e-02        -1.0220362002283599e-01        -5.0581228540655954e-01        -4.5797954369275523e-01        -8.6540498923072529e-02
36                                     9.5845027934055055e-02         2.2115218399754642e-02        -1.9947904937294068e-02         1.5967528148891704e-03        -2.1781184612866440e-03        -7.5890785932189774e-03        -5.0179335439205072e-03         8.5385243153454846e-03
37                                     5.0768098438435296e-03        -9.1678198352397842e-03         2.0568670473776030e-02        -1.4989206720296340e-02         1.0031090152966605e-01         4.6189197619024353e-01         4.0417206112923459e-01        -3.0106576193055579e-01
38                                     5.1277690845971680e-01         4.2505719809191683e-02         9.2076442195022964e-02        -4.1887212716118455e-01         5.3915422710092550e-03         2.2568160427395501e-02         2.1050779319246368e-02        -7.6441375396997784e-03
39                                    -1.0518822869336329e-02        -8.7788556643404653e-02        -1.1552766389518128e-01        -7.2868979185878327e-02        -1.7632600901649142e-03        -1.7681709931865956e-03         7.2366515641902418e-04        -3.5435426224000362e-03
40                                     6.7405264847759947e-03        -9.7841416478342772e-04         4.9546230908867849e-04        -1.8166246526163958e-03        -6.5384652990226877e-01         1.3807013957524730e-01         1.3963585808934159e-01         6.3872699756021845e-01
41                                     3.1532119901842404e-02        -1.9875374366129461e-02        -2.8162584816205970e-03        -6.7631606467455432e-02        -1.0813642515219371e-02         3.4368642679949598e-04        -4.4979298760753099e-04        -1.3284147879853566e-02
42                                    -1.1127221627343505e-02        -7.5628162496603535e-02        -3.8681962924314243e-02        -3.0169311420337009e-02         6.6819150946918218e-02        -1.7938883027399772e-03         7.3730856105556051e-04         6.1814064503395681e-02
43                                    -3.2900352348358135e-02         1.6927573639184894e-02         1.5358048009431958e-02         7.2780456676207778e-02         2.1441930491356953e-01        -6.5137685855652452e-03        -5.3932345579185588e-03         1.6467892104132900e-01
44                                     5.6956235330913414e-03         8.4327140422920579e-03         5.1327837807795635e-03        -1.3911080245849356e-02         6.6212613102898776e-01        -1.1023235146331651e-02        -8.8889802892584083e-03         6.0150629361980112e-01
                                                        40                          41                          42                          43                          44

0                                     -2.1875237005147805e-03        -6.6216978597868825e-03        -3.4973094601073035e-02         3.1263822516252086e-02         5.1092060662695392e-05
1                                     -2.4441834739009759e-02        -6.7010196048104709e-02        -2.9324255758375436e-02         2.7489366250392114e-02         6.1345277028791010e-05
2                                     -1.8442653355609139e-02        -4.7806738760413851e-02         4.7098502953651596e-02        -4.1001582752555908e-02         4.1172464679961832e-05
3                                      1.6456697283111687e-04        -8.3539283399328880e-05        -3.2789947827110127e-03        -3.7554769543070693e-03        -9.0756724609460850e-03
4                                     -1.0378889522900910e-03         1.3947820993252132e-03         4.0286975721148040e-02         4.4824755641934187e-02        -1.4621870610985925e-03
5                                      1.0262144607003901e-03        -1.0557297822680915e-03        -3.5823817969830071e-02        -3.9842060654572908e-02         6.8073433253005994e-03
6                                     -2.5941112587701115e-04         1.7952100885725640e-04         1.0715656262847856e-03         1.1680547306925425e-03         6.3347243539471229e-02
7                                      3.0836290949783954e-05         4.0730041435372533e-05         2.3418278433722742e-04         3.0265414457131869e-04         5.3488940357225227e-02
8                                     -7.9885363449105825e-05         5.4699967523979180e-05         1.1787139648134911e-05         5.8934510991866403e-05         8.4602962622896318e-03
9                                      3.9128670864478224e-03        -1.5715469445076141e-03         3.3190429054638003e-04        -3.4369246678031431e-04         4.5496645642649254e-05
10                                     6.3803433644693416e-02        -2.5300864055238161e-02        -7.7751765118345278e-04         3.5629788929885235e-03         2.4513386377074918e-04
11                                     4.6693529018224197e-02        -1.8809528612778605e-02         3.7571755449054265e-03        -4.0908469472887765e-03         1.4698394750903347e-04
12                                     1.4420386323470212e-03        -2.5103498147859726e-04         1.6420753992510331e-03         1.3308959584782307e-03         3.4755599094922246e-04
13                                     2.1712762401514638e-02        -4.3779622974884974e-03         2.0527884760920372e-03         2.1761508486597444e-03        -7.1321268956942049e-05
14                                     1.4994936200639498e-02        -2.8924491838891926e-03         4.1475071925840449e-04         5.1737179964828257e-04         1.8065311802669775e-03
15                                    -5.1406779797937298e-05         3.5870380557952962e-05         5.8794502420543679e-04         6.4184614212288915e-04         3.4612948831933320e-03
16                                    -1.3727125204906582e-04         5.4537096534979774e-05         4.9772750197695566e-04         4.7899323577310182e-04        -1.0299091946794484e-03
17                                    -2.8084691003840662e-05        -4.8293329063196832e-06         1.5198765277846574e-04         1.3744604246153331e-04        -1.1528164197680863e-03
18                                    -5.9450054176245362e-03        -2.5771723621547327e-02        -1.4251725380836487e-02         1.4519978643500875e-02         2.8468451157360913e-05
19                                     2.3209041408351042e-01         6.3631731881924924e-01         2.1228402986874217e-01        -2.0419901836554313e-01        -6.1551084466997838e-04
20                                     5.4325905715073061e-03         1.4403565694436153e-02         1.8860021669654736e-02        -1.6956892100722664e-02        -1.0626654292992200e-06
21                                     7.0390388734255195e-03         2.8953752764973958e-02         4.6814398616532726e-01        -4.2048761166266452e-01        -7.5763355068907102e-04
22                                    -3.4980707346454649e-03         3.8635366801775285e-04         2.2329993923468669e-01        -1.9958521714551514e-01        -3.3100826692298446e-04
23                                    -1.0669307414530675e-02        -3.1704451040402391e-02        -3.2900957083875959e-01         2.9466953714270605e-01         3.3123897738665753e-04
24                                     2.5873046251299468e-02         7.5344030339437498e-02        -3.9887197537099843e-02         3.4890145530378287e-02        -2.7179136988531342e-04
25                                     6.4156660204332208e-02         1.6456629294313493e-01        -8.5367708195523750e-02         7.2963752211367583e-02        -2.6056672946194891e-04
26                                     2.2630083364118883e-01         5.8875417825085319e-01        -2.5254734967907538e-01         2.1457578194746996e-01        -9.7523298575756187e-04
27                                     2.1731383864309794e-05         3.0788114228606003e-04         1.9763120562422166e-02         2.2906999863563791e-02        -1.4923897935735836e-03
28                                     1.3332236841582265e-02        -1.5338465524045551e-02        -4.7802964644900608e-01        -5.3139912123241961e-01         1.5706491416231920e-02
29                                    -8.4855947081407777e-03         1.2324588399304864e-02         4.2248606607937833e-01         4.6974909555116889e-01        -2.6486811975643228e-02
30                                     2.0579656157038535e-03        -2.0123758675949137e-03        -1.6053275559663328e-02        -1.7307490358597605e-02        -7.0302166415670675e-01
31                                     1.9218944797574882e-03        -1.8358443060779754e-03        -1.5332150523306090e-02        -1.6650064465777922e-02        -6.2507288685337137e-01
32                                     1.2983947865912485e-03        -7.0820288854928797e-04        -4.0818456827906528e-03        -4.3977191004896821e-03        -1.4597946696087122e-01
33                                    -5.7137821145500083e-02         2.5506807172401946e-02        -6.5894125564336815e-03         3.8982815676612383e-03         1.7965515983842586e-04
34                                    -1.4993577450181533e-01         5.9938424468279253e-02        -1.0745756459628280e-02         1.3042495322911008e-02        -4.2060768843226869e-04
35                                    -5.5014087461758754e-01         2.1673308351792242e-01        -3.9464719053700699e-02         4.4697234864080761e-02        -2.2152813644409210e-03
36                                     1.0277176001132829e-02        -7.0312699418724270e-03        -2.8006729161792962e-03        -5.0365015984273336e-04         3.0196872640522624e-05
37                                    -6.1628317671882193e-01         2.3764927646772699e-01         1.6119536817924988e-02        -5.2098218941245403e-02        -1.3711282963224374e-03
38                                    -8.9404253326251931e-03         4.1982181889864524e-03         6.1925167552501486e-04        -1.0817146806994357e-03         3.8565388771195583e-05
39                                    -1.1797997704273519e-03         2.5099560097429749e-03         1.9160002579811922e-04        -1.6779431819720402e-03        -3.7810683358634878e-04
40                                    -2.0485445032187471e-01         4.3012774635312792e-02        -1.7623843927604910e-02        -2.3749074436249722e-02         1.0141614301818950e-02
41                                     4.1312694612347838e-03        -1.8587942713710012e-03        -5.7290518417318144e-04        -6.2025072864208561e-04        -8.6520160604753953e-04
42                                    -1.6801763567013316e-02         1.0992096449288613e-03         1.6614227868474191e-03         1.1204225650698833e-04        -1.2291544410006378e-03
43                                    -5.0493464863639627e-02         9.4480878028525908e-03        -1.1187050068035235e-03         4.0839851551989644e-04        -4.1655813968085771e-03
44                                    -1.8506029720635403e-01         3.8105659554739629e-02        -2.8985457029914860e-03         2.3680514270218041e-03        -1.1241490716366286e-02
$End
$Geometry
   &GeometryIndex 6
   &NAtoms [&Type "Integer"] 15
   &NCorelessECP [&Type "Integer"] 0
   &NGhostAtoms [&Type "Integer"] 0
   &CartesianCoordinates [&Type "Coordinates", &Dim(15,4), &Units "Bohr"] 
              C     -4.324393619099    0.387119326045   -0.026887112058
              C      2.932725389224   -0.439642016820    0.375937313228
              C      5.264567314678    0.445513749256   -0.582926832752
              C     -1.801307527469   -0.559107067377    0.981238710874
              C      0.424036396303    0.455356627545   -0.542722019939
              O      5.340235880834   -1.768194929711   -1.608671996251
              H     -4.417879365574    2.445504342573    0.039754930531
              H     -5.899562921782   -0.353713238917    1.071470816466
              H     -4.590872787424   -0.188415964962   -1.988414182585
              H      2.966280746732   -1.978956889495    1.733072765816
              H      6.769676270570    1.785098514007   -0.256461509634
              H     -1.584171048552   -0.005485963283    2.958457116564
              H     -1.754652969085   -2.622628479906    0.939746272099
              H      0.432749169101    2.525597045557   -0.571993973074
              H      0.242569071542   -0.128045054511   -2.521600299285
$End
$SCF_Mulliken_Population_Analysis
   &GeometryIndex 6
   &NAtoms [&Type "Integer"] 15
   &ATNO [&Type "ArrayOfIntegers", &Dim (15,1)] 
                                                         0

0                                                        6
1                                                        6
2                                                        6
3                                                        6
4                                                        6
5                                                        8
6                                                        1
7                                                        1
8                                                        1
9                                                        1
10                                                       1
11                                                       1
12                                                       1
13                                                       1
14                                                       1
   &AtomicCharges [&Type "ArrayOfDoubles", &Dim (15,1)] 
                                                         0

0                                     -3.6374672223092208e-01
1                                     -7.7222438166309360e-02
2                                     -4.9311431371123149e-02
3                                     -1.8042988508042246e-01
4                                     -2.0202290361793018e-01
5                                     -2.8591215958534377e-01
6                                      1.1073132559509280e-01
7                                      1.2413712002190469e-01
8                                      1.1344418110663401e-01
9                                      1.6137799645514916e-01
10                                     1.7312413144708283e-01
11                                     1.0435157370738557e-01
12                                     1.0748347700704519e-01
13                                     1.1644406922267181e-01
14                                     1.4755166548911725e-01
   &Method [&Type "String"] "SCF"
   &Level [&Type "String"] "Relaxed density"
   &Mult [&Type "Integer"] 2
   &State [&Type "Integer"] -1
   &Irrep [&Type "Integer"] 0
$End
$SCF_Loewdin_Population_Analysis
   &GeometryIndex 6
   &NAtoms [&Type "Integer"] 15
   &ATNO [&Type "ArrayOfIntegers", &Dim (15,1)] 
                                                         0

0                                                        6
1                                                        6
2                                                        6
3                                                        6
4                                                        6
5                                                        8
6                                                        1
7                                                        1
8                                                        1
9                                                        1
10                                                       1
11                                                       1
12                                                       1
13                                                       1
14                                                       1
   &AtomicCharges [&Type "ArrayOfDoubles", &Dim (15,1)] 
                                                         0

0                                     -4.3334700597963405e-04
1                                      1.4262887233472021e-02
2                                     -2.0722684954356474e-01
3                                     -4.3205855406774241e-02
4                                     -4.5525240792531285e-02
5                                      1.5059003863987197e-01
6                                      1.1170332699385166e-02
7                                      1.0442323781798546e-02
8                                      1.2116840860757150e-02
9                                      1.0791047338235105e-02
10                                    -2.2902746876078739e-02
11                                     1.7507844888823065e-02
12                                     1.9682067473680065e-02
13                                     3.2293567550303215e-02
14                                     4.0437089158615103e-02
   &Method [&Type "String"] "SCF"
   &Level [&Type "String"] "Relaxed density"
   &Mult [&Type "Integer"] 2
   &State [&Type "Integer"] -1
   &Irrep [&Type "Integer"] 0
$End
$SCF_Mayer_Population_Analysis
   &GeometryIndex 6
   &NAtoms [&Type "Integer"] 15 "Total number of atoms"
   &NBondOrdersPrint [&Type "Integer"] 15 "The number of bond orders larger than threshold"
   &bondThresh [&Type "Double"]       1.0000000000000001e-01  "The threshold for printing"
   &components [&Type "ArrayOfIntegers", &Dim (15,4)] "The indices and atomic numbers of the bonding atoms"
                                                         0                           1                           2                           3

0                                                        0                           6                           3                           6
1                                                        0                           6                           6                           1
2                                                        0                           6                           7                           1
3                                                        0                           6                           8                           1
4                                                        1                           6                           2                           6
5                                                        1                           6                           4                           6
6                                                        1                           6                           5                           8
7                                                        1                           6                           9                           1
8                                                        2                           6                           5                           8
9                                                        2                           6                          10                           1
10                                                       3                           6                           4                           6
11                                                       3                           6                          11                           1
12                                                       3                           6                          12                           1
13                                                       4                           6                          13                           1
14                                                       4                           6                          14                           1
   &BondOrders [&Type "ArrayOfDoubles", &Dim (15,1)] "The bond orders"
                                                         0

0                                      9.3015130863376894e-01
1                                      9.8439365855278160e-01
2                                      9.9014281492424994e-01
3                                      9.8427269793878847e-01
4                                      1.2507099920312643e+00
5                                      9.3879852695539112e-01
6                                      6.2443036933915108e-01
7                                      9.4971995130657660e-01
8                                      1.3778252524930799e+00
9                                      9.5026153771599142e-01
10                                     8.9706822051943957e-01
11                                     9.9260669060868367e-01
12                                     9.9469740574947763e-01
13                                     9.8221515549649063e-01
14                                     9.6187505441122201e-01
   &ATNO [&Type "ArrayOfIntegers", &Dim (15,1)] "Atomic number of the elements"
                                                         0

0                                                        6
1                                                        6
2                                                        6
3                                                        6
4                                                        6
5                                                        8
6                                                        1
7                                                        1
8                                                        1
9                                                        1
10                                                       1
11                                                       1
12                                                       1
13                                                       1
14                                                       1
   &NA [&Type "ArrayOfDoubles", &Dim (15,1)] "Mulliken gross atomic population"
                                                         0

0                                      6.3637467222309301e+00
1                                      6.0772224381663102e+00
2                                      6.0493114313711267e+00
3                                      6.1804298850804198e+00
4                                      6.2020229036179391e+00
5                                      8.2859121595853473e+00
6                                      8.8926867440490731e-01
7                                      8.7586287997809564e-01
8                                      8.8655581889336665e-01
9                                      8.3862200354485095e-01
10                                     8.2687586855291761e-01
11                                     8.9564842629261443e-01
12                                     8.9251652299295403e-01
13                                     8.8355593077732808e-01
14                                     8.5244833451088275e-01
   &ZA [&Type "ArrayOfDoubles", &Dim (15,1)] "Total nuclear charge"
                                                         0

0                                      6.0000000000000000e+00
1                                      6.0000000000000000e+00
2                                      6.0000000000000000e+00
3                                      6.0000000000000000e+00
4                                      6.0000000000000000e+00
5                                      8.0000000000000000e+00
6                                      1.0000000000000000e+00
7                                      1.0000000000000000e+00
8                                      1.0000000000000000e+00
9                                      1.0000000000000000e+00
10                                     1.0000000000000000e+00
11                                     1.0000000000000000e+00
12                                     1.0000000000000000e+00
13                                     1.0000000000000000e+00
14                                     1.0000000000000000e+00
   &QA [&Type "ArrayOfDoubles", &Dim (15,1)] "Mulliken gross atomic charge"
                                                         0

0                                     -3.6374672223093008e-01
1                                     -7.7222438166310248e-02
2                                     -4.9311431371126702e-02
3                                     -1.8042988508041979e-01
4                                     -2.0202290361793906e-01
5                                     -2.8591215958534733e-01
6                                      1.1073132559509269e-01
7                                      1.2413712002190436e-01
8                                      1.1344418110663335e-01
9                                      1.6137799645514905e-01
10                                     1.7312413144708239e-01
11                                     1.0435157370738557e-01
12                                     1.0748347700704597e-01
13                                     1.1644406922267192e-01
14                                     1.4755166548911725e-01
   &VA [&Type "ArrayOfDoubles", &Dim (15,1)] "Mayer's total valence"
                                                         0

0                                      3.8840635770933609e+00
1                                      3.7851227610797809e+00
2                                      3.8962703411616255e+00
3                                      3.8040548226268802e+00
4                                      3.7293241220279203e+00
5                                      2.1418646023812684e+00
6                                      9.7805040056221371e-01
7                                      9.8334977967095483e-01
8                                      9.7829649745177349e-01
9                                      9.6429187198170119e-01
10                                     9.6549464041934696e-01
11                                     9.7633925983547332e-01
12                                     9.7818724354992348e-01
13                                     9.8666803881026421e-01
14                                     9.7463938467448663e-01
   &BVA [&Type "ArrayOfDoubles", &Dim (15,1)] "Mayer's bonded valence"
                                                         0

0                                      3.8840612769727429e+00
1                                      3.7551172021217005e+00
2                                      3.6133553402321663e+00
3                                      3.8039693067652629e+00
4                                      3.7287839954926003e+00
5                                      2.0497643053154313e+00
6                                      9.7805030641651636e-01
7                                      9.8334927312576981e-01
8                                      9.7829639563569759e-01
9                                      9.6339836074573060e-01
10                                     9.6446530273441866e-01
11                                     9.7633550195122187e-01
12                                     9.7817766641075043e-01
13                                     9.8665570599403452e-01
14                                     9.7457974144589343e-01
   &FA [&Type "ArrayOfDoubles", &Dim (15,1)] "Mayer's free valence"
                                                         0

0                                      2.3001206179706912e-06
1                                      3.0005558958080325e-02
2                                      2.8291500092945920e-01
3                                      8.5515861617313504e-05
4                                      5.4012653531998467e-04
5                                      9.2100297065837111e-02
6                                      9.4145697304877374e-08
7                                      5.0654518502467327e-07
8                                      1.0181607587849556e-07
9                                      8.9351123597056345e-04
10                                     1.0293376849282504e-03
11                                     3.7578842514169458e-06
12                                     9.5771391730786401e-06
13                                     1.2332816229749036e-05
14                                     5.9643228593188498e-05
   &Method [&Type "String"] "SCF"
   &Level [&Type "String"] "Relaxed density"
   &Mult [&Type "Integer"] 2
   &State [&Type "Integer"] -1
   &Irrep [&Type "Integer"] 0
$End
$SCF_Energy
   &GeometryIndex 6
   &Method [&Type "String"] "SCF"
   &totalEnergy [&Type "ArrayOfDoubles", &Dim (1,1)] "Total energy of each state"
                                                         0

0                                     -2.7101221952546234e+02
   &Mult [&Type "ArrayOfIntegers", &Dim (1,1)] "Multiplicity of each state"
                                                         0

0                                                        2
$End
$DFT_Energy
   &GeometryIndex 6
   &nAlphaEl [&Type "Integer"] 24
   &nBetaEl [&Type "Integer"] 23
   &nTotalEl [&Type "Integer"] 47
   &finalEn [&Type "Double"]      -2.7101221952546234e+02  "No Van der Waals correction"
   &eExchange [&Type "Double"]       0.0000000000000000e+00
   &eCorr [&Type "Double"]       0.0000000000000000e+00
   &eXC [&Type "Double"]      -1.8790077050823690e+01
   &eCNL [&Type "Double"]       0.0000000000000000e+00
$End
$SCF_Timings
   &GeometryIndex 6
   &TOTAL [&Type "Double"]       1.5493148000000000e+01
   &PREP [&Type "Double"]       2.8751799999999998e+00
   &FOCK [&Type "Double"]       1.3529598000000002e+01
   &DENS [&Type "Double"]       4.3778000000001427e-02
   &ETOT [&Type "Double"]       2.2135999999999711e-02
   &POP [&Type "Double"]       1.4591199999999915e-01
   &TRAFO [&Type "Double"]       5.5931999999998538e-02
   &DIIS [&Type "Double"]       5.7947999999999666e-02
   &SOSCF [&Type "Double"]       1.6762700000000219e-01
   &XC [&Type "Double"]       4.2512590000000001e+00
   &FOCKSTART [&Type "Double"]       1.3931999999998279e-02
   &INT_PREP [&Type "Double"]       1.0000000010279564e-06
   &INT_BF [&Type "Double"]       3.6639899999999059e-01
   &INT_DENS [&Type "Double"]       1.7359560000000149e+00
   &INT_DENSIO [&Type "Double"]       1.7297308737000010e+04
   &INT_FUNC [&Type "Double"]       8.6292000000028679e-02
   &INT_POT [&Type "Double"]       1.7088459999999959e+00
   &INT_POTIO [&Type "Double"]       1.4926999999982371e-02
   &INT_SUM [&Type "Double"]       5.1999999999807756e-04
   &SPLITRIJ [&Type "Double"]       3.9786100000000246e-01
   &COSX [&Type "Double"]       1.0234485999999997e+01
$End
$Single_Point_Data
   &GeometryIndex 6
   &FinalEnergy [&Type "Double"]      -2.7101221952546234e+02  "Final single point energy"
   &Converged [&Type "Boolean"] true
$End
$SCF_Dipole_Moment
   &GeometryIndex 6
   &dipoleMagnitude [&Type "Double", &Units "a.u."]       9.8349395974607201e-01
   &dipoleElecContrib [&Type "ArrayOfDoubles", &Dim (3,1)] "Electronic contribution"
                                                         0

0                                      8.8612220783383133e+00
1                                     -1.3969718882519160e+00
2                                     -1.3292787249182574e+00
   &dipoleNucContrib [&Type "ArrayOfDoubles", &Dim (3,1)] "Nuclear contribution"
                                                         0

0                                     -9.5016134757017454e+00
1                                      1.9468229404861177e+00
2                                      1.8340787322447829e+00
   &dipoleTotal [&Type "ArrayOfDoubles", &Dim (3,1)] "Total"
                                                         0

0                                     -6.4039139736343209e-01
1                                      5.4985105223420172e-01
2                                      5.0480000732652552e-01
   &doAtomicDipole [&Type "Boolean"] false
   &Method [&Type "String"] "SCF"
   &Level [&Type "String"] "Relaxed density"
   &Mult [&Type "Integer"] 2
   &State [&Type "Integer"] -1
   &Irrep [&Type "Integer"] 0
$End
$Calculation_Info
   &GeometryIndex 6
   &Mult [&Type "Integer"] 2
   &Charge [&Type "Integer"] 0
   &NumOfAtoms [&Type "Integer"] 15
   &NumOfElectrons [&Type "Integer"] 47
   &NumOfBasisFuncts [&Type "Integer"] 312
   &NumOfAuxCBasisFuncts [&Type "Integer"] 726
   &NumOfAuxJBasisFuncts [&Type "Integer"] 393
   &NumOfAuxJKBasisFuncts [&Type "Integer"] 0
   &NumOfCABSBasisFuncts [&Type "Integer"] 0
$End
$Calculation_Timings
   &GeometryIndex 6
   &GTOINT [&Type "Double"]       3.1478386999999994e+01
   &SCF [&Type "Double"]       2.5509687100000048e+02
   &SCFGRAD [&Type "Double"]       9.1403563000000148e+01
   &GSTEP [&Type "Double"]       1.2954400000052099e-01
   &PROP [&Type "Double"]       3.0417819999997846e+00
   &SUM [&Type "Double"]       3.8115014700000091e+02
$End
